Name,Price,Change,Change (%),Volume,50 Day Average,200 Day Average,3 Month Return (%),YTD Return (%),52 Wk Change (%),52 Week Low,52 Week High
T-Rex 2X Long MSTR Daily Target,1.91,0.1,5.52,104166000.0,2.91,9.06,1.54,9.665,-97.41,1.46,83.9
Direxion Daily TSLA Bull 2X Shares,8.07,0.26,3.33,102809000.0,12.33,15.48,1.54,9.665,-27.01,6.7,23.74
Tradr 2X Long Sndk Daily ETF,12.77,2.34,22.44,97590000.0,25.31,14.97,1.54,9.665,220.18,3.14,49.34
Direxion Daily Semiconductor Bear 3X Shares,42.5,-10.58,-19.93,75420000.0,95.68,36.85,-58.82,-91.18,-99.77,31.7,45.64
ProShares UltraPro Short QQQ,37.26,-4.17,-10.06,73719000.0,40.44,60.27,-14.0,-34.62,-56.02,35.8,95.0
ProShares Bitcoin ETF,8.68,0.05,0.58,72271000.0,8.82,11.29,1.54,9.665,-58.11,7.87,22.3
ProShares UltraPro QQQ,74.67,6.71,9.87,69330000.0,74.84,59.38,1.94,23.06,58.71,37.32,88.09
Direxion Daily Semiconductor Bull 3X Shares,139.88,23.17,19.85,69203000.0,196.18,98.93,-9.66,172.95,375.98,22.95,302.0
Graniteshares 2x Short NVDA Daily ETF,4.47,-0.23,-4.89,64065000.0,4.96,6.64,1.54,9.665,-51.84,3.93,11.41
Direxion Daily PLTR Bear 1X ETF,5.72,-2.36,-29.21,63974000.0,8.01,7.44,1.54,9.665,10.84,5.87,9.73
State Street SPDR S&P 500 ETF Trust,771.33,13.66,1.8,58308000.0,745.32,700.86,4.21,10.13,20.65,627.04,760.4
Invesco QQQ Trust,723.24,23.17,3.31,53037000.0,714.83,645.55,3.15,12.26,24.95,555.6,748.65
Defiance Daily Target 2X Short,1.43,-0.24,-14.37,51034000.0,1.87,14.07,1.54,9.665,-91.75,1.34,31.12
Roundhill Memory ETF,54.83,3.7,7.24,50194000.0,61.87,53.32,1.54,9.665,84.19,26.14,81.34
iShares iBoxx $ High Yield Corporate Bond ETF,79.55,0.24,0.3,44299000.0,79.74,80.24,0.37,1.53,-1.12,78.57,81.36
Direxion Daily S&P 500 Bear 1X Shares,8.44,-0.16,-1.86,43678000.0,8.73,9.26,-2.77,-6.41,-15.69,8.58,10.28
Leverage Shares 2X Long SPCX Da,7.8,1.29,19.82,43517000.0,11.2,11.2,1.54,9.665,-68.82,5.46,28.01
Direxion Daily MU Bull 2X ETF,27.57,3.58,14.92,38029000.0,38.77,16.2,1.54,9.665,2476.8,0.89,62.64
State Street Energy Select Sector SPDR ETF,58.52,-0.27,-0.46,36151000.0,56.65,52.69,0.54,35.01,37.5,42.05,63.46
Direxion Daily South Korea Bull 3X Shares,19.12,3.25,20.48,34246000.0,34.28,21.29,-48.99,65.14,285.62,3.76,63.99
iShares 20+ Year Treasury Bond ETF,82.82,0.63,0.77,33567000.0,84.97,87.22,-2.84,-3.49,-6.95,81.89,92.19
iShares Bitcoin Trust ETF,36.39,0.23,0.64,31872000.0,36.78,44.75,1.54,9.665,-43.98,32.84,71.82
iShares iBoxx $ Investment Grade Corporate Bond ETF,106.76,0.65,0.61,28963000.0,108.09,109.73,-1.29,-1.39,-3.45,105.96,112.93
State Street Financial Select Sector SPDR ETF,57.88,0.5,0.87,28540000.0,54.31,52.86,9.61,4.86,10.99,47.67,57.6
ProShares UltraShort QQQ,13.9,-0.99,-6.65,26358000.0,14.53,18.56,-8.0,-22.33,-39.84,13.39,24.93
Schwab U.S. Dividend Equity ETF,33.85,0.29,0.86,26343000.0,32.54,30.21,6.17,24.36,25.5,26.32,34.24
Leverage Shares 2X Long TSLA Da,4.0,0.11,2.83,25393000.0,6.1,7.67,1.54,9.665,-27.02,3.32,12.24
State Street Utilities Select Sector SPDR ETF,44.11,-0.25,-0.56,25310000.0,44.98,44.86,-4.73,5.27,2.7,41.15,47.8
iShares MSCI Emerging Markets ETF,66.0,1.68,2.61,25185000.0,66.52,60.35,0.66,17.73,31.7,48.73,71.57
iShares 0-3 Month Treasury Bond ETF,100.43,0.01,0.01,24525000.0,100.55,100.53,1.54,9.665,0.0,100.27,100.74
iShares MSCI Brazil ETF,36.09,-0.33,-0.91,23262000.0,35.18,35.46,-6.8,16.46,34.79,26.86,42.02
Tradr 2X Long AXTI Daily ETF,8.51,-0.75,-8.1,22929000.0,20.87,27.22,1.54,9.665,-63.98,3.0,76.56
GraniteShares 2x Long PLTR Dail,16.72,6.14,58.03,21871000.0,11.91,19.51,1.54,9.665,-65.37,7.85,40.78
iShares Ethereum Trust ETF,14.15,0.04,0.28,20260000.0,13.65,18.64,1.54,9.665,-47.78,11.53,36.8
iShares MSCI South Korea ETF,171.14,10.9,6.8,19811000.0,186.16,137.52,-2.28,61.59,119.84,70.93,220.89
Leverage Shares 2X Short SPCX D,16.23,-4.33,-21.06,19638000.0,15.18,15.18,1.54,9.665,124.7,6.0,24.66
iShares Russell 2000 ETF,301.71,5.49,1.85,19224000.0,292.82,266.1,5.01,18.79,34.13,218.24,302.72
GraniteShares 2x Long COIN Daily ETF,4.23,0.23,5.75,17538000.0,5.38,12.74,1.54,9.665,-87.08,3.56,52.4
iShares China Large-Cap ETF,36.31,-0.15,-0.41,17078000.0,34.3,37.27,-0.04,-3.96,-3.13,31.19,42.0
Vanguard Ultra-Short Bond ETF,49.65,0.04,0.09,16891000.0,49.7,49.8,1.54,9.665,-0.3,49.6,50.03
VanEck Gold Miners ETF,77.92,1.87,2.46,16885000.0,78.63,87.44,-16.07,-13.61,34.7,54.57,117.18
ProShares Short Russell2000,13.29,-0.26,-1.92,16707999.999999998,13.73,15.27,-4.05,-14.67,-26.64,13.2,18.69
Tradr 2X Short SNDK Daily ETF,22.04,-6.05,-21.54,16517000.0,40.68,68.43,1.54,9.665,-89.76,19.4,276.5
Tradr 2X Long AAOI Daily ETF,19.36,5.5,39.68,16172999.999999998,33.36,40.6,1.54,9.665,-60.05,6.94,103.0
State Street Materials Select Sector SPDR ETF,52.0,0.99,1.94,15924000.0,51.09,48.98,-1.65,12.11,15.29,42.04,54.14
iShares Broad USD High Yield Corporate Bond ETF,36.8,0.12,0.33,15891000.0,36.9,37.19,0.73,2.08,-1.66,36.39,37.87
State Street Health Care Select Sector SPDR ETF,162.1,-0.14,-0.09,14942000.0,156.63,152.54,11.83,5.9,22.45,127.96,168.53
GraniteShares 2x Long NOW Daily,5.88,0.37,6.72,14324000.0,5.06,9.48,1.54,9.665,-74.77,3.49,24.6
Defiance Daily Target 2x Short PLTR ETF,11.87,-16.88,-58.71,14271000.0,29.68,29.07,1.54,9.665,-16.03,19.91,47.4
Direxion Daily S&P 500 Bear 3X Shares,24.08,-1.36,-5.35,13947000.0,26.86,33.04,-10.82,-23.73,-43.72,25.34,45.5
KraneShares CSI China Internet ETF,28.89,0.15,0.52,13718000.0,26.38,31.89,-0.14,-15.59,-19.04,23.23,43.37
State Street SPDR S&P Regional Banking ETF,77.84,0.78,1.01,13681000.0,73.4,67.98,9.52,18.71,28.76,57.55,78.1
iShares Silver Trust,53.84,1.38,2.63,13516000.0,57.68,63.6,-21.45,-18.72,52.72,33.85,109.83
Defiance Daily Target 2X Long IREN ETF,10.09,1.37,15.71,13198000.0,20.68,31.46,1.54,9.665,-85.46,5.7,124.68
Direxion Daily AVGO Bear 1X ETF,7.01,-0.49,-6.53,13139000.0,7.63,8.84,1.54,9.665,-38.52,6.25,12.66
Roundhill T-REX 2X Long DRAM Da,12.28,1.57,14.71,12858000.0,16.29,16.29,1.54,9.665,-54.98,8.29,33.11
State Street Technology Select Sector SPDR ETF,186.9,8.86,4.98,12807000.0,182.99,155.59,10.07,22.09,36.89,126.68,198.73
Direxion Daily MU Bear 1X ETF,11.33,-0.94,-7.66,12664000.0,12.17,300.02,1.54,9.665,-99.3,8.91,45.64
iShares Global Clean Energy ETF,18.44,0.45,2.5,12571000.0,20.17,18.65,-15.28,7.1,32.38,13.51,23.78
Direxion Daily PLTR Bull 2X ETF,44.82,16.43,57.87,12381000.0,32.09,55.37,1.54,9.665,-70.57,21.04,128.04
State Street SPDR Bloomberg 1-3 Month T-Bill ETF,91.42,0.0,0.0,12303000.0,91.54,91.53,0.93,2.08,-0.07,91.26,91.78
Defiance Daily Target 2X Long OKLO ETF,3.06,0.28,10.07,12274000.0,5.36,20.49,1.54,9.665,-93.23,2.24,169.96
"United States Natural Gas Fund, LP",9.77,-0.34,-3.36,12265000.0,11.12,12.11,-5.09,-17.94,-23.35,9.75,17.03
GraniteShares 2x Long NVDA Daily ETF,32.7,1.54,4.94,11988000.0,31.79,30.19,1.54,9.665,6.14,21.54,43.27
T-REX 2X Long CRWV Daily Target,4.38,0.54,14.06,11529000.0,5.53,8.03,1.54,9.665,-81.69,2.04,35.96
ProShares Short QQQ,25.47,-0.89,-3.38,11483000.0,25.95,29.02,-2.95,-9.94,-20.98,24.96,33.56
iShares Core MSCI Emerging Markets ETF,80.24,2.13,2.73,11346000.0,80.78,73.92,0.09,17.11,28.6,60.59,86.49
State Street Consumer Staples Select Sector SPDR ETF,85.37,0.51,0.6,11293000.0,84.24,82.39,1.58,10.87,5.46,75.16,90.14
Direxion Daily AMZN Bear 1X Shares,7.9,0.18,2.33,11282000.0,9.19,9.85,1.54,9.665,-30.95,7.64,11.77
iShares Expanded Tech-Software Sector ETF,102.0,4.58,4.7,11215000.0,92.97,94.65,12.74,-10.5,-11.88,73.93,117.99
ProShares UltraPro Short S&P500,33.75,-1.91,-5.36,11056000.0,37.65,46.5,-10.65,-23.68,-44.9,35.54,65.0
GraniteShares 2x Long SK Hynix Daily ETF,18.66,-0.21,-1.11,10906000.0,23.87,23.87,1.54,9.665,-51.08,14.66,38.8
T-REX 2X Long SNDK Daily Target,20.01,3.51,21.27,10844000.0,40.5,29.16,1.54,9.665,120.79,5.72,79.0
iShares Core U.S. Aggregate Bond ETF,97.66,0.4,0.41,10403000.0,98.37,99.54,-0.75,-0.56,-2.01,97.12,101.46
T-REX 2X Inverse CRWV Daily Target ETF,3.69,-0.63,-14.58,10129000.0,6.43,18.43,1.54,9.665,-84.3,3.53,67.55
T-Rex 2X Inverse Bitcoin Daily,5.46,-0.03,-0.46,10027000.0,5.54,4.67,1.54,9.665,82.53,2.3,7.34
State Street Industrial Select Sector SPDR ETF,186.4,3.24,1.77,10026000.0,178.69,167.44,3.26,16.54,21.45,147.14,186.45
iShares Gold Trust,76.69,0.5,0.66,10007000.0,78.77,84.36,-12.3,-6.16,19.63,62.48,104.4
Defiance Daily Target 2X Short MU ETF,11.36,-2.05,-15.29,9989000.0,14.03,14.03,1.54,9.665,-35.53,8.11,23.92
iShares Semiconductor ETF,542.21,34.53,6.8,9933000.0,567.42,404.0,9.47,67.83,112.66,233.67,655.95
State Street SPDR Portfolio S&P 500 ETF,87.9,0.59,0.68,9865000.0,87.67,82.41,4.24,10.15,18.96,73.77,89.52
Vanguard Emerging Markets Stock Index Fund,60.05,0.99,1.68,9586000.0,59.18,56.72,-0.19,9.41,17.74,50.07,61.52
Leverage Shares 2X Long CBRS Daily ETF,5.19,0.3,6.13,9582000.0,5.76,6.3,1.54,9.665,-58.73,2.93,17.15
Roundhill Magnificent Seven ETF,68.96,0.58,0.85,9287000.0,66.18,65.05,1.54,9.665,18.74,55.09,71.16
Direxion Daily MSFT Bull 2X Shares,37.24,0.77,2.11,9211000.0,25.8,33.17,1.54,9.665,-34.01,19.47,58.89
GraniteShares 2x Short SK Hynix Daily ETF,12.54,-2.43,-16.23,8926000.0,15.36,15.36,1.54,9.665,33.42,11.22,21.89
Direxion Daily AAPL Bear 1X Shares,11.24,-0.22,-1.92,8781000.0,11.4,12.84,1.54,9.665,-35.65,10.14,17.86
Schwab U.S. Large-Cap ETF,30.42,0.54,1.81,8686000.0,29.37,27.64,4.34,10.0,20.1,24.81,29.95
Direxion Daily ORCL Bull 2X ETF,7.83,0.39,5.24,8629000.0,11.23,13.5,1.54,9.665,-71.55,4.9,27.62
Schwab U.S. TIPS ETF,25.93,0.05,0.19,8594000.0,26.38,26.66,-0.98,0.54,-3.22,25.87,27.19
iShares MSCI EAFE ETF,107.32,1.3,1.23,8575000.0,103.96,100.02,4.81,11.67,19.88,88.17,106.32
Direxion Daily S&P Biotech Bear 3X Shares,8.43,-0.86,-9.26,8568000.0,10.43,17.77,-38.0,-55.36,-85.48,6.68,69.4
VanEck Semiconductor ETF,575.71,30.25,5.55,8536000.0,595.79,451.59,6.99,51.46,89.99,281.15,671.83
State Street Consumer Discretionary Select Sector SPDR ETF,118.29,0.08,0.07,8385000.0,116.09,117.09,-1.71,-2.39,8.0,105.19,125.01
WisdomTree Floating Rate Treasury Fund,50.39,0.0,0.0,8302000.0,50.4,50.38,0.99,2.29,0.08,50.23,50.51
Vanguard Morningstar Growth ETF,89.09,2.01,2.31,8272000.0,86.1,81.6,2.56,5.02,16.19,69.63,90.6
Invesco S&P 500 Equal Weight ETF,220.23,3.12,1.44,8191000.000000001,211.65,199.79,6.1,13.15,18.46,182.11,218.11
JPMorgan Nasdaq Equity Premium Income ETF,59.56,1.22,2.09,8086000.0,59.7,58.55,1.54,9.665,7.36,53.51,61.72
ProShares Short S&P500,32.11,-0.58,-1.77,8004000.0,33.25,35.39,-2.83,-6.65,-16.84,32.65,39.37
Vanguard Tax-Exempt Bond Index Fund ETF Shares,49.66,0.14,0.28,8000000.0,50.19,50.33,-0.46,0.43,1.29,48.76,51.18
Vanguard Total Bond Market Index Fund,72.44,0.29,0.4,7938000.0,72.96,73.83,-0.74,-0.54,-2.06,72.07,75.23
Schwab U.S. Large-Cap Growth ETF,35.52,0.66,1.89,7930000.0,34.04,32.49,3.93,4.99,16.74,27.96,35.42
MicroSectors FANG+ Index 3X Leveraged ETN,32.66,3.83,13.28,7849000.0,27.95,25.2,-35.64,-36.31,20.28,13.49,36.78
iShares Core S&P Mid-Cap ETF,77.48,1.37,1.8,7606000.0,75.37,70.31,3.69,14.59,21.08,62.17,77.28
T-Rex 2X Long NVIDIA Daily Targ,18.5,0.87,4.93,7560000.0,18.08,17.59,1.54,9.665,-2.54,12.41,24.72
State Street SPDR S&P Biotech ETF,151.88,4.57,3.1,7495000.0,145.74,129.24,12.05,20.68,69.61,84.52,165.71
JPMorgan Ultra-Short Income ETF,50.42,0.02,0.04,7414000.0,50.49,50.59,0.91,2.01,-0.32,50.39,50.79
Vanguard Intermediate-Term Corporate Bond Index Fund ETF Shares,81.52,0.41,0.51,7370000.0,82.08,83.22,-0.72,-0.64,-2.43,81.03,84.84
"United States Oil Fund, LP",115.78,-6.34,-5.19,7312000.0,122.85,100.48,-12.18,86.77,62.78,65.99,154.08
iShares J.P. Morgan USD Emerging Markets Bond ETF,95.22,0.47,0.5,7289000.0,95.78,95.96,0.07,0.9,1.68,92.87,97.8
GraniteShares 2x Long MU Daily,19.23,2.52,15.08,7249000.0,26.99,11.33,1.54,9.665,2450.37,0.63,43.53
Vanguard FTSE Developed Markets Index Fund ETF Shares,72.22,1.18,1.66,7241000.0,70.79,66.4,3.18,13.84,24.85,56.69,73.23
Schwab U.S. REIT ETF,24.21,-0.08,-0.33,7099000.0,23.97,22.43,4.4,17.68,14.9,20.63,25.03
iShares U.S. Real Estate ETF,105.12,-0.11,-0.1,7075000.0,103.51,98.86,2.9,12.8,9.67,92.45,108.17
T-Rex 2X Inverse MSTR Daily Tar,10.82,-0.71,-6.16,6908000.0,10.82,11.06,1.54,9.665,166.9,3.5,28.71
ProShares UltraPro Short Dow30,21.88,-1.2,-5.2,6890000.0,25.1,30.15,-15.1,-23.64,-44.61,22.85,42.61
Schwab U.S. Broad Market ETF,29.8,0.53,1.81,6876000.0,28.82,27.04,4.31,10.58,20.75,24.17,29.35
Invesco Senior Loan ETF,20.45,0.02,0.1,6830000.0,20.42,20.65,0.59,0.65,-2.34,20.11,21.07
iShares U.S. Treasury Bond ETF,22.49,0.08,0.36,6827000.0,22.64,22.94,-0.68,-0.59,-2.44,22.4,23.39
iPath Series B S&P 500 VIX Short-Term Futures ETN,21.27,0.19,0.9,6816000.0,23.11,28.76,-25.77,-20.36,-51.26,20.83,44.53
iShares Core MSCI EAFE ETF,99.88,1.21,1.23,6779000.0,96.95,93.3,5.12,12.09,19.14,82.53,98.93
Leverage Shares 2X Long SNDK Da,7.96,1.41,21.53,6715000.0,15.84,15.39,1.54,9.665,-50.08,4.12,30.8
Defiance Daily Target 2X Long S,10.44,1.74,20.0,6694000.0,14.97,14.97,1.54,9.665,-68.74,7.3,37.35
ProShares Ultra VIX Short-Term Futures ETF,23.18,0.25,1.09,6667000.0,26.71,39.53,-37.84,-36.18,-71.08,22.57,82.7
Schwab International Equity ETF,28.0,0.44,1.6,6635000.0,27.47,25.69,3.9,14.79,25.05,21.94,28.41
Defiance Daily Target 2X Long S,9.31,1.62,21.07,6588000.0,12.8,24.94,1.54,9.665,-93.92,5.46,136.0
JPMorgan Equity Premium Income ETF,57.35,0.0,0.0,6525000.0,56.34,57.22,1.54,9.665,2.59,55.1,59.9
Invesco Optimum Yield Diversified Commodity Strategy No K-1 ETF,16.9,-0.35,-2.03,6453000.0,17.08,15.67,-6.1,30.19,32.59,12.87,18.95
NEOS Nasdaq 100 High Income ETF,55.16,1.32,2.45,6431000.0,55.42,54.07,1.54,9.665,2.89,47.87,57.84
ARK Innovation ETF,76.76,3.22,4.38,6355000.0,77.44,77.22,-4.39,-4.39,1.25,62.95,92.65
ProShares Ultra Bloomberg Natural Gas,19.29,-1.4,-6.77,6324000.0,25.48,39.92,-22.22,-54.83,-69.17,19.27,93.7
Defiance Daily Target 2X Short RKLB ETF,3.56,-0.48,-11.88,6252000.0,3.46,29.87,1.54,9.665,-97.54,1.67,204.07
Vanguard S&P 500 ETF,708.98,12.58,1.81,6251000.0,685.31,644.49,4.25,10.16,20.62,576.4,699.15
iShares MSCI India ETF,50.53,0.37,0.74,6188000.0,48.77,50.98,2.12,-7.2,-4.29,45.21,55.5
GraniteShares 2x Long INTC Daily ETF,24.01,4.32,21.94,6131000.0,33.72,16.53,1.54,9.665,911.04,1.83,52.63
State Street SPDR Dow Jones Industrial Average ETF Trust,540.43,9.21,1.73,6095000.0,517.68,490.95,5.95,9.95,20.42,437.98,532.54
2x Bitcoin Strategy ETF,12.15,0.16,1.33,6078000.0,12.78,22.58,1.54,9.665,-79.36,10.09,67.92
State Street SPDR Portfolio High Yield Bond ETF,23.27,0.07,0.3,6074000.0,23.35,23.54,0.69,2.12,-1.86,23.02,23.99
State Street Real Estate Select Sector SPDR ETF,45.17,-0.01,-0.02,6044000.0,44.71,42.69,2.82,13.69,8.14,39.73,46.46
Tradr 2X Long Lite Daily ETF,29.75,4.62,18.38,6011000.0,32.55,33.65,1.54,9.665,146.56,9.23,62.79
VanEck Junior Gold Miners ETF,101.92,3.25,3.29,5907000.0,102.5,114.99,-18.01,-16.16,41.81,67.05,157.49
Leverage Shares 2X Long CRM Dai,5.85,0.28,5.03,5743000.0,4.91,8.09,1.54,9.665,-57.24,3.65,14.48
Leverage Shares 2X Long ADBE Daily ETF,4.53,0.21,4.86,5713000.0,3.76,6.3,1.54,9.665,-58.74,2.6,12.13
Direxion Daily 20+ Year Treasury Bull 3X Shares,31.56,0.68,2.2,5692000.0,34.06,37.23,-11.24,-16.66,-22.0,30.21,44.24
ProShares UltraShort Bloomberg Crude Oil,30.57,1.61,5.56,5689000.0,29.26,49.9,3.47,-65.39,-57.69,22.84,84.16
GraniteShares 2x Long AMD Daily ETF,62.62,9.4,17.66,5659000.0,65.06,31.39,1.54,9.665,324.4,8.88,83.79
Tradr 2X Long ASTS Daily ETF,15.19,2.72,21.81,5618000.0,26.72,42.66,1.54,9.665,-63.73,8.8,114.18
Direxion Daily Small Cap Bear 3X Shares,37.51,-2.19,-5.52,5573000.0,41.5,60.2,-14.93,-43.25,-64.01,37.1,114.3
Global X Uranium ETF,42.49,1.68,4.12,5549000.0,44.27,49.16,-30.75,-8.57,0.94,35.64,62.28
SPDR Gold Shares,374.16,2.45,0.66,5465000.0,384.37,411.82,-12.3,-6.25,19.46,305.19,509.7
iShares 7-10 Year Treasury Bond ETF,93.25,0.43,0.46,5461000.0,93.89,95.56,-1.16,-1.44,-3.05,92.69,98.05
Tradr 2X Short Nbis Daily ETF,12.77,-1.83,-12.53,5452000.0,30.12,248.98,1.54,9.665,-98.13,12.9,45.64
GraniteShares 2x Long MRVL Daily ETF,27.27,5.63,26.02,5444000.0,39.73,17.58,1.54,9.665,197.8,4.32,77.67
T-REX 2X Long SPCX Daily Target ETF,7.91,1.29,19.49,5437000.0,11.29,11.29,1.54,9.665,-68.4,5.53,28.05
Leverage Shares 2X Long SK Hynix Daily ETF,12.98,1.84,16.52,5393000.0,14.16,14.16,1.54,9.665,-51.86,8.8,23.27
Vanguard Information Technology Index Fund ETF Shares,120.15,5.01,4.35,5379000.0,116.47,100.89,9.79,20.36,34.76,83.09,126.0
Defiance Daily Target 2X Long O,21.86,1.1,5.3,5346000.0,31.3,45.47,1.54,9.665,-81.55,13.71,181.59
AdvisorShares Pure US Cannabis ETF,4.35,0.14,3.33,5343000.0,4.7,4.38,1.54,9.665,17.27,2.96,7.25
State Street SPDR Portfolio Intermediate Term Corporate Bond ETF,33.17,0.11,0.33,5267000.0,33.31,33.64,-0.14,0.18,-1.64,33.03,34.14
State Street Communication Services Select Sector SPDR ETF,112.04,0.7,0.63,5251000.0,110.73,114.33,-4.36,-4.87,3.75,105.03,120.41
Direxion Daily META Bull 2X ETF,21.15,-0.18,-0.84,5243000.0,23.2,28.4,1.54,9.665,-54.96,16.85,51.2
Vanguard Total International Stock Index Fund ETF Shares,86.45,1.43,1.68,5206000.0,84.87,80.07,2.3,12.75,22.75,69.03,88.62
Leverage Shares 2X Long AAOI Da,4.32,1.23,39.81,5196000.0,7.48,8.42,1.54,9.665,-80.18,1.55,22.98
ProShares Ultra QQQ,92.46,5.84,6.74,5133000.0,91.45,76.79,3.3,18.94,43.76,56.6,101.19
abrdn Physical Platinum Shares ETF,15.74,0.98,6.64,4983000.0,15.44,17.37,-16.8,-19.76,23.07,11.86,26.16
Janus Henderson AAA CLO ETF,50.51,0.0,0.0,4960000.0,50.6,50.6,1.54,9.665,-0.18,50.32,50.85
Xtrackers Harvest CSI 300 China A-Shares ETF,34.35,0.43,1.27,4941000.0,35.33,34.0,-4.18,3.26,18.06,28.69,37.33
ProShares Ultra S&P500,71.39,2.45,3.55,4925000.0,67.12,60.49,6.61,16.14,37.5,48.63,70.13
Alpha Architect 1-3 Month Box ETF,117.69,-0.01,-0.01,4904000.0,117.2,115.88,1.54,9.665,4.06,113.1,117.72
iShares National Muni Bond ETF,105.76,0.31,0.29,4883000.0,106.79,107.12,-0.6,0.21,1.22,103.83,109.0
iShares Core S&P 500 ETF,774.79,13.47,1.77,4820000.0,748.57,704.0,4.19,10.13,20.63,630.13,764.0
PIMCO Multisector Bond Active Exchange-Traded Fund,26.2,0.15,0.58,4756000.0,26.33,26.57,1.54,9.665,-1.7,25.92,27.04
Direxion Daily Small Cap Bull 3X Shares,74.97,3.96,5.58,4694000.0,69.62,55.7,10.48,48.69,101.62,34.0,76.84
State Street SPDR S&P Retail ETF,92.35,0.89,0.97,4668000.0,86.86,85.11,4.89,5.77,14.93,77.24,92.94
iShares MSCI Taiwan ETF,102.21,4.23,4.32,4626000.0,102.07,79.35,7.42,51.98,66.29,57.56,112.78
iShares 1-5 Year Investment Grade Corporate Bond ETF,52.12,0.12,0.23,4514000.0,52.24,52.66,0.32,0.91,-1.37,51.97,53.25
Capital Group Dividend Value ETF,51.08,0.82,1.63,4502000.0,48.77,45.42,1.54,9.665,24.07,40.23,50.32
iShares MSCI EAFE Value ETF,81.47,0.38,0.47,4419000.0,78.13,74.83,7.01,16.27,26.45,63.93,81.37
State Street SPDR Portfolio S&P 500 Growth ETF,122.51,2.85,2.38,4361000.0,117.86,109.37,4.36,10.06,22.23,93.61,122.92
Direxion Daily S&P500 Bull 3X Shares,294.56,14.88,5.32,4345000.0,269.75,233.85,9.08,22.11,55.52,168.04,289.0
Graniteshares 2x Short TSLA Daily ETF,10.28,-0.34,-3.2,4338000.0,8.37,8.91,1.54,9.665,-52.93,6.57,23.01
iShares Core High Dividend ETF,28.71,0.07,0.24,4217000.0,27.8,26.36,5.63,20.04,20.14,23.52,29.61
Invesco NASDAQ 100 ETF,298.03,9.76,3.39,4163000.0000000005,294.32,265.78,1.54,9.665,25.01,228.75,308.21
Vanguard Short-Term Inflation-Protected Securities Index Fund ETF Shares,49.65,0.02,0.04,4142000.0000000005,49.99,49.95,-0.23,1.77,-1.19,49.35,50.81
Direxion Daily MSFT Bear 1X Shares,10.46,-0.11,-1.04,4113000.0000000005,13.37,12.78,1.54,9.665,-0.66,10.13,15.33
Direxion Daily AMZN Bull 2X Shares,43.43,-2.13,-4.68,4107999.9999999995,36.03,35.28,1.54,9.665,33.65,24.54,47.14
iShares Global Energy ETF,54.48,-0.49,-0.89,4093000.0,52.86,49.42,-0.53,34.78,37.87,39.45,59.18
Defiance Daily Target 2X Long MSTR ETF,8.76,0.5,6.05,4075999.9999999995,13.33,41.62,1.54,9.665,-97.43,6.72,386.5
Amplify Junior Silver Miners ETF,26.11,1.28,5.16,4065000.0000000005,26.53,28.87,1.54,9.665,59.78,15.01,41.1
"United States Brent Oil Fund, LP",45.32,-2.51,-5.25,4059000.0,47.48,40.27,-13.92,77.9,58.9,27.14,60.81
Dimensional International Core Equity Market ETF,42.69,0.42,0.99,4026000.0,41.52,39.77,1.54,9.665,22.49,34.39,42.5
Tradr 2X Short TSLA Daily ETF,24.4,-0.83,-3.29,4019999.9999999995,19.83,21.09,1.54,9.665,-53.41,14.78,55.23
Vanguard Real Estate Index Fund ETF Shares,98.92,-0.15,-0.15,4016000.0,97.68,93.21,3.63,14.02,9.79,86.84,101.8
VanEck BDC Income ETF,12.96,0.22,1.73,3914000.0,12.51,13.35,-2.31,-4.8,-20.52,11.97,16.15
State Street SPDR Bloomberg High Yield Bond ETF,95.75,0.3,0.31,3910000.0,96.04,96.65,0.45,1.73,-1.23,94.49,98.24
Global X Copper Miners ETF,83.99,4.63,5.83,3855000.0,80.63,77.29,-0.6,10.22,80.86,43.61,99.99
Defiance Daily Target 2X Short IONQ ETF,3.15,-0.56,-15.09,3832000.0,3.38,15.74,1.54,9.665,-96.03,1.73,127.5
iShares A.I. Innovation and Tech Active ETF,45.44,2.67,6.24,3781000.0,47.37,39.01,1.54,9.665,38.41,29.48,54.46
Neos S&P 500(R) High Income ETF,54.04,0.58,1.08,3773000.0,53.07,52.4,1.54,9.665,5.46,47.77,54.11
iShares 1-3 Year Treasury Bond ETF,81.87,0.1,0.12,3771000.0,81.99,82.54,0.3,0.76,-1.06,81.75,83.2
Leverage Shares 2X Long ONDS Daily ETF,3.4,0.37,12.03,3671000.0,4.07,6.33,1.54,9.665,-81.63,1.81,17.4
Schwab Short-Term U.S. Treasury ETF,24.05,0.02,0.08,3667000.0,24.1,24.27,0.32,0.79,-1.11,24.02,24.46
Defiance Daily Target 2x Short,3.32,-0.72,-17.82,3630000.0,4.22,15.88,1.54,9.665,-75.49,2.24,37.48
Direxion Daily AAPL Bull 2X Shares,39.07,1.47,3.91,3628000.0,40.24,34.62,1.54,9.665,77.27,21.06,48.89
Proshares Ultra Bitcoin ETF,9.43,0.11,1.18,3607000.0,10.0,19.53,1.54,9.665,-83.16,7.92,64.53
GraniteShares 2x Short SpaceX D,27.07,-6.79,-20.05,3591000.0,25.07,25.07,1.54,9.665,122.03,9.94,40.62
Leverage Shares 2X Long CRCL Da,8.18,0.76,10.24,3559000.0,14.25,29.41,1.54,9.665,-95.21,6.82,209.2
State Street SPDR Portfolio Short Term Corporate Bond ETF,29.9,0.04,0.13,3550000.0,29.94,30.11,0.54,1.27,-0.86,29.84,30.34
Defiance Daily Target 2x Short,2.82,-0.66,-18.97,3512000.0,4.61,27.95,1.54,9.665,-93.93,2.72,96.84
Vanguard Total International Bond Index Fund,47.97,0.13,0.27,3510000.0,48.1,48.55,0.44,0.62,-3.29,47.53,49.93
Leverage Shares 2X Long GLW Dai,15.69,2.4,18.06,3443000.0,23.97,22.83,1.54,9.665,-20.13,7.82,51.0
ProShares Ultra Bloomberg Crude Oil,35.62,-2.15,-5.69,3433000.0,40.05,31.71,-15.39,109.21,61.89,18.12,52.94
Global X NASDAQ 100 Covered Call ETF,18.08,0.17,0.95,3427000.0,18.0,17.7,3.38,11.98,7.05,16.35,18.54
ProShares UltraPro S&P500,154.14,7.82,5.34,3405000.0,141.25,122.68,8.83,21.72,54.46,88.15,151.41
ProShares UltraShort S&P500,53.52,-1.98,-3.57,3355000.0,57.48,65.67,-6.7,-15.24,-31.82,55.38,81.65
Tradr 2X Long ALAB Daily ETF,17.71,3.58,25.34,3352000.0,20.52,10.05,1.54,9.665,-0.67,2.0,39.04
iShares Core Universal USD Bond ETF,45.56,0.19,0.42,3346000.0,45.87,46.38,-0.53,-0.1,-1.92,45.32,47.23
State Street SPDR Portfolio Long Term Treasury ETF,25.29,0.21,0.84,3343000.0,25.83,26.43,-2.56,-3.27,-5.82,25.0,27.7
Vanguard Long-Term Corporate Bond Index Fund ETF Shares,72.59,0.59,0.82,3340000.0,74.2,75.64,-2.18,-2.48,-5.4,71.74,79.28
GraniteShares 2x Long NBIS Dail,29.06,3.14,12.11,3326000.0,37.99,21.08,1.54,9.665,17.07,6.37,68.49
Capital Group Growth ETF,46.72,0.95,2.08,3326000.0,46.15,44.37,1.54,9.665,10.74,38.55,48.02
iShares Preferred and Income Securities ETF,30.73,0.11,0.36,3317000.0,30.75,31.09,-1.8,0.89,-1.89,30.1,32.26
Tradr 2X Short AAOI Daily ETF,12.04,-7.44,-38.19,3299000.0,32.39,32.39,1.54,9.665,-38.28,19.46,51.05
iShares MSCI ACWI ETF,160.63,2.69,1.7,3286000.0,156.25,147.11,3.89,11.27,21.67,129.54,160.03
iShares MSCI Australia ETF,30.12,0.72,2.45,3261000.0,28.64,27.98,0.9,13.61,11.32,24.94,30.48
State Street SPDR Bloomberg Short Term High Yield Bond ETF,24.84,0.07,0.28,3260000.0,24.95,25.16,0.53,1.85,-2.25,24.72,25.65
iShares Core S&P Small-Cap ETF,150.41,2.55,1.72,3253000.0,143.43,130.41,6.42,21.59,33.42,109.46,149.35
Vanguard Morningstar Total Stock Market ETF,380.82,6.98,1.87,3236000.0,368.05,345.57,4.26,10.49,20.92,308.45,374.7
Vanguard Morningstar Value ETF,223.87,2.87,1.3,3211000.0,216.91,201.91,6.9,16.38,24.72,176.23,223.58
iShares Broad USD Investment Grade Corporate Bond ETF,50.44,0.22,0.43,3195000.0,50.91,51.54,-0.63,-0.49,-2.62,50.16,52.72
Vanguard 0-3 Month Treasury Bill ETF,75.52,0.01,0.01,3193000.0,75.59,75.54,1.54,9.665,0.17,75.31,75.73
iShares MSCI Canada ETF,60.0,0.35,0.59,3178000.0,58.59,55.67,1.82,10.64,27.1,46.61,60.07
Fidelity Total Bond ETF,45.02,0.19,0.42,3117000.0,45.35,45.93,-0.55,-0.09,-2.44,44.65,46.86
Tradr 2X Long NBIS Daily ETF,29.92,3.14,11.73,3114000.0,39.16,21.86,1.54,9.665,61.43,6.62,70.77
Invesco S&P 500 Momentum ETF,151.17,5.82,4.0,3104000.0,150.51,129.08,8.3,22.34,26.68,107.24,162.3
Vanguard Intermediate-Term Treasury Index Fund ETF Shares,58.43,0.18,0.31,3103000.0,58.69,59.56,-0.63,-0.77,-2.48,58.18,60.76
iShares 0–1 Year Treasury Bond ETF,110.09,0.01,0.01,3070000.0,110.22,110.25,0.9,2.01,-0.05,110.02,110.5
State Street SPDR S&P Oil & Gas Exploration & Production ETF,171.95,-2.33,-1.34,3030000.0,164.36,151.9,0.03,41.75,39.38,121.46,190.36
ProShares Short Dow30,21.0,-0.38,-1.78,3000000.0,21.95,23.15,-4.54,-6.74,-16.52,21.24,25.81
2x Ether ETF,15.67,0.07,0.45,2978000.0,15.28,38.76,1.54,9.665,-85.36,10.72,188.73
Direxion Daily SpaceX Bull 2X E,13.11,2.16,19.73,2967000.0,18.74,18.74,1.54,9.665,-68.56,9.16,46.68
iShares Russell 1000 Growth ETF,124.3,3.43,2.84,2956000.0,122.06,117.86,-0.71,0.17,10.66,102.23,129.14
T-Rex 2X Inverse NVIDIA Daily T,10.13,-0.54,-5.06,2956000.0,11.34,14.94,1.54,9.665,-48.95,9.08,24.4
Fidelity Enhanced Mid Cap Core ETF,42.17,0.65,1.57,2948000.0,40.22,37.74,1.54,9.665,19.28,34.33,41.54
Schwab Emerging Markets Equity ETF,36.76,0.62,1.72,2883000.0,36.03,34.6,0.82,10.15,17.72,30.63,37.4
iShares Russell Mid-Cap ETF,112.93,1.85,1.67,2867000.0,108.75,101.65,5.41,14.54,18.85,91.64,111.43
Tradr 2X Short BE Daily ETF,10.19,-1.0,-8.94,2850000.0,16.87,79.54,1.54,9.665,-95.09,9.28,306.6
Vanguard Short-Term Treasury Index Fund ETF Shares,58.03,0.07,0.12,2813000.0,58.12,58.52,0.29,0.78,-1.13,57.95,59.01
iShares MSCI ACWI ex U.S. ETF,76.86,1.2,1.59,2811000.0,75.42,71.12,3.33,13.34,24.26,60.68,77.59
Schwab Intermediate-Term U.S. Treasury ETF,24.43,0.07,0.29,2803000.0,24.55,24.92,-0.65,-0.76,-2.52,24.33,25.42
iShares MSCI Japan ETF,94.61,1.7,1.83,2787000.0,92.69,87.41,4.24,15.04,23.83,74.8,97.52
iShares MSCI Hong Kong ETF,22.92,0.0,0.0,2760000.0,22.06,22.59,-1.14,10.35,10.03,20.6,24.66
Leverage Shares 2X Long NBIS Daily ETF,20.13,2.14,11.9,2756000.0,26.45,14.86,1.54,9.665,5.22,4.51,47.81
T-REX 2X Long BMNR Daily Target ETF,11.08,0.77,7.47,2740000.0,10.21,48.8,1.54,9.665,-96.03,6.1,425.6
Vanguard Morningstar Mid-Cap ETF,82.89,1.11,1.36,2739000.0,80.0,75.59,5.04,12.35,14.91,69.44,81.84
Vanguard Total World Stock Index Fund ETF Shares,160.45,2.84,1.8,2723000.0,156.06,146.9,3.45,11.15,21.29,129.61,159.41
iShares MSCI China ETF,56.09,0.19,0.34,2668000.0,53.78,58.71,-2.44,-6.5,-3.39,49.88,67.37
abrdn Bloomberg All Commodity Strategy K-1 Free ETF,23.35,-0.35,-1.48,2668000.0,23.6,22.93,-6.03,21.35,15.72,19.47,25.97
GraniteShares 2x Long SpaceX Da,13.11,2.17,19.84,2660000.0,18.72,18.72,1.54,9.665,-68.59,9.18,46.57
T-REX 2X Long CRCL Daily Target,1.42,0.13,10.08,2654000.0,2.45,4.97,1.54,9.665,-94.99,1.18,34.83
PGIM Ultra Short Bond ETF,49.57,0.01,0.02,2606000.0,49.63,49.67,1.0,2.4,-0.14,49.5,49.84
Victoryshares Free Cash Flow ETF,50.5,0.5,1.0,2553000.0,46.83,41.56,1.54,9.665,43.8,34.28,50.67
Defiance Daily Target 2X Long NVO ETF,13.18,-1.84,-12.25,2533000.0,15.44,17.62,1.54,9.665,-29.15,9.23,36.0
ProShares UltraPro Dow30,76.58,3.74,5.13,2510000.0,68.15,60.36,15.02,21.76,55.82,45.73,74.21
Dimensional U.S. Core Equity 2 ETF,45.81,0.7,1.55,2497000.0,44.13,41.21,1.54,9.665,23.66,36.34,45.14
T-REX 2X Long AXTI Daily Target,4.54,-0.48,-9.56,2492000.0,11.29,14.6,1.54,9.665,-80.45,1.61,40.37
Defiance Daily Target 2X Long RKLB ETF,21.3,2.19,11.46,2490000.0,44.73,41.86,1.54,9.665,-31.71,13.29,114.83
Tradr 2X Long BE Daily ETF,27.85,2.28,8.92,2473000.0,47.39,32.71,1.54,9.665,61.22,7.2,86.12
iShares MSCI United Kingdom ETF,48.34,0.11,0.23,2473000.0,46.73,45.54,4.15,11.66,19.89,40.13,48.92
SPDR Gold MiniShares,80.7,0.56,0.7,2453000.0,82.87,88.71,-12.14,-6.13,19.77,65.64,109.74
iShares 10+ Year Investment Grade Corporate Bond ETF,48.35,0.39,0.81,2446000.0,49.36,50.28,-2.09,-2.42,-4.95,47.79,52.6
ProShares Ultra SpaceX,13.05,2.18,20.06,2424000.0,18.7,18.7,1.54,9.665,-68.79,9.13,46.71
ProShares UltraShort Gold,26.12,-0.36,-1.36,2390000.0,25.03,23.34,28.02,1.34,-38.33,15.6,44.78
iShares U.S. Medical Devices ETF,54.11,-0.1,-0.18,2378000.0,50.39,56.31,3.0,-15.32,-10.35,47.37,64.71
Tradr 2X Long QBTS Daily ETF,10.92,1.68,18.18,2370000.0,14.16,26.47,1.54,9.665,-71.64,6.13,171.19
Vanguard Short-Term Corporate Bond Index Fund ETF Shares,78.59,0.17,0.22,2365000.0,78.77,79.4,0.28,0.79,-1.3,78.36,80.26
Fidelity Wise Origin Bitcoin Trust,55.89,0.3,0.54,2363000.0,56.5,68.75,1.54,9.665,-43.93,50.48,110.25
Schwab Fundamental U.S. Large Company ETF,32.38,0.39,1.22,2354000.0,31.22,28.87,6.79,18.49,29.94,24.53,32.01
VanEck Fallen Angel High Yield Bond ETF,28.97,0.12,0.42,2353000.0,29.06,29.25,0.7,2.1,-0.72,28.36,29.78
F/m US Treasury 3 Month Bill Fund - ETF Class Shares,49.89,0.01,0.02,2335000.0,49.92,49.93,1.54,9.665,0.06,49.84,50.02
T-REX 2X Long Tesla Daily Target ETF,11.26,0.35,3.21,2333000.0,17.21,21.45,1.54,9.665,-24.91,9.36,33.03
Vanguard Short-Term Bond Index Fund ETF Shares,77.54,0.15,0.19,2294000.0,77.72,78.43,0.07,0.42,-1.53,77.35,79.32
FT Vest Laddered Autocallable B,20.68,0.11,0.53,2291000.0,20.64,20.55,1.54,9.665,3.67,19.88,21.87
State Street SPDR Portfolio S&P 500 High Dividend ETF,50.19,0.36,0.72,2285000.0,48.43,45.91,7.56,17.71,15.75,41.87,50.9
Direxion Daily SK Hynix Bull 2X ETF,8.39,1.19,16.53,2285000.0,8.72,8.72,1.54,9.665,-41.27,5.67,14.06
Defiance Daily Target 2X Long LUNR ETF,3.72,0.44,13.41,2283000.0,14.4,16.63,1.54,9.665,-80.18,2.48,56.68
State Street SPDR Portfolio Developed World ex-US ETF,51.16,0.82,1.63,2253000.0,50.26,47.23,3.67,14.31,24.57,40.24,52.16
ProShares VIX Short-Term Futures ETF,20.45,0.1,0.49,2241000.0,22.27,27.82,-24.65,-20.01,-51.73,20.05,43.38
ProShares VIX Mid-Term Futures ETF,14.42,0.03,0.21,2237000.0,14.85,15.64,-7.89,-5.24,-14.85,14.17,17.72
iShares MSCI EAFE Small-Cap ETF,85.4,1.06,1.26,2234000.0,83.72,81.02,1.76,9.72,14.65,73.41,87.03
Tradr 2X Short LITE Daily ETF,11.11,-2.46,-18.13,2234000.0,17.32,18.22,1.54,9.665,-48.93,12.03,30.34
U.S. Global Jets ETF,33.4,0.73,2.23,2234000.0,30.53,27.72,26.82,16.39,38.55,23.17,33.98
Schwab U.S. Large-Cap Value ETF,34.9,0.62,1.81,2233000.0,34.12,31.54,5.41,16.12,23.13,27.74,35.05
Invesco S&P 500 Low Volatility ETF,76.39,0.18,0.24,2226000.0,74.89,73.59,2.91,8.12,4.43,69.63,78.82
iShares U.S. Financials ETF,137.08,1.16,0.85,2212000.0,129.37,125.51,8.61,5.26,12.35,113.62,136.77
Putnam Focused Large Cap Value ETF,54.11,0.32,0.59,2193000.0,51.51,47.74,1.54,9.665,33.47,40.05,53.88
Defiance Daily Target 2X Long ONDS ETF,8.7,0.87,11.11,2186000.0,10.88,19.3,1.54,9.665,-65.09,4.7,59.29
Leverage Shares 2X Long CRWV Da,22.97,2.88,14.34,2155000.0,29.14,43.05,1.54,9.665,-88.36,10.66,196.3
iMGP DBi Managed Futures Strategy ETF,30.69,0.06,0.2,2152000.0,30.9,29.96,1.54,9.665,19.6,25.58,31.66
ERShares Private-Public Crossov,19.9,0.66,3.43,2142000.0,19.95,19.24,2.83,-4.47,-2.73,16.37,21.78
State Street SPDR Portfolio Long Term Corporate Bond ETF,21.59,0.16,0.75,2136000.0,22.09,22.51,-2.23,-2.58,-5.43,21.34,23.6
JPMorgan Core Plus Bond ETF,46.27,0.19,0.41,2111000.0,46.63,47.2,-0.46,0.09,-2.1,46.04,48.17
ProShares Ultra Gold,44.78,0.58,1.31,2106000.0,47.9,57.94,-25.33,-20.41,23.15,34.35,90.4
State Street Blackstone Senior Loan ETF,40.3,0.05,0.12,2089999.9999999998,40.34,40.69,1.22,1.38,-2.71,39.39,41.63
iShares Core MSCI Total International Stock ETF,96.55,1.57,1.65,2068000.0,94.96,89.8,3.19,13.65,22.57,77.23,97.93
ProShares Ultra Silver,67.53,3.34,5.2,2053000.0,80.64,125.47,-42.97,-58.79,25.22,49.67,431.47
Schwab 5-10 Year Corporate Bond ETF,22.33,0.11,0.5,2052000.0,22.49,22.81,1.54,9.665,-2.54,22.19,23.28
iShares MSCI USA Momentum Factor ETF,313.35,11.57,3.83,2039000.0000000002,316.72,272.35,5.97,20.8,25.15,229.42,345.59
State Street SPDR S&P Metals & Mining ETF,107.86,4.75,4.61,2019000.0000000002,110.8,110.35,-15.17,-2.73,36.42,73.72,135.68
First Trust Rising Dividend Achievers ETF,83.2,1.45,1.77,2011000.0000000002,78.73,72.66,10.3,18.21,28.74,63.13,81.82
Dimensional US Real Estate ETF,26.71,-0.07,-0.26,2009000.0,26.44,24.7,1.54,9.665,14.74,22.65,27.6
Capital Group Municipal Income ETF,27.07,0.05,0.19,2008000.0,27.34,27.43,1.54,9.665,0.93,26.71,27.93
Bitwise Solana Staking ETF,10.13,0.02,0.2,2007000.0000000002,10.16,13.51,1.54,9.665,-60.43,8.32,26.6
GraniteShares 2x Long DELL Daily ETF,27.11,4.17,18.18,1996000.0,21.94,8.66,1.54,9.665,566.79,2.17,30.62
iShares MSCI USA Min Vol Factor ETF,99.7,1.43,1.46,1996000.0,96.53,94.99,3.8,4.76,6.16,91.02,99.34
iShares Floating Rate Bond ETF,50.93,0.01,0.02,1983000.0,50.99,50.94,1.08,2.47,0.12,50.67,51.09
State Street SPDR S&P Homebuilders ETF,109.61,3.25,3.06,1980000.0,107.47,106.91,-2.04,1.16,-0.84,93.57,123.13
iShares Global REIT ETF,28.31,-0.08,-0.28,1950000.0,27.81,26.4,4.85,15.16,14.2,24.54,29.06
Tradr 2X Short SpaceX Daily ETF,27.75,-7.1,-20.37,1950000.0,26.25,26.25,1.54,9.665,132.02,12.12,41.65
ProShares UltraShort Silver,29.44,-1.73,-5.55,1945000.0,27.59,46.25,38.02,-41.4,-86.73,14.4,241.3
iShares U.S. Home Construction ETF,99.49,2.48,2.56,1944000.0,96.93,98.93,-1.94,-1.69,-6.35,84.98,118.0
Tradr 2X Long SpaceX Daily ETF,13.3,2.16,19.39,1923000.0,18.91,18.91,1.54,9.665,-67.98,9.36,46.71
Vanguard Mortgage-Backed Securities Index Fund ETF Shares,46.25,0.23,0.5,1917000.0,46.54,46.96,-0.78,-0.11,-0.73,45.97,47.9
State Street SPDR Portfolio S&P 500 Value ETF,63.11,0.69,1.11,1915000.0,61.32,58.57,4.1,10.13,18.78,52.46,62.91
Invesco PHLX Semiconductor ETF,95.86,5.88,6.53,1907000.0,100.17,72.87,1.54,9.665,105.39,43.11,115.34
Pacer US Cash Cows 100 ETF,68.17,0.87,1.29,1906000.0,64.16,62.16,6.1,12.39,20.85,55.02,68.58
Vanguard FTSE All-World ex-US Index Fund ETF Shares,84.58,1.36,1.63,1893000.0,83.03,78.13,2.86,13.33,23.62,67.11,85.74
iShares U.S. Equity Factor Rotation Active ETF,69.63,1.28,1.87,1892000.0,67.17,62.67,6.67,12.91,23.2,55.43,68.42
Fidelity Enhanced Large Cap Core ETF,43.83,0.69,1.6,1889000.0,41.97,39.2,1.54,9.665,23.86,34.76,43.19
KraneShares China Technology & Semiconductor STAR 50 Index ETF,23.67,1.04,4.6,1877000.0,26.45,21.63,1.54,9.665,56.99,14.35,32.54
VanEck J.P. Morgan EM Local Currency Bond ETF,25.52,0.14,0.55,1864000.0,25.44,25.66,1.3,1.78,1.36,24.8,26.63
State Street SPDR Portfolio S&P 600 Small Cap ETF,58.47,0.98,1.7,1841000.0,55.79,50.79,7.89,23.55,33.08,42.68,58.07
iShares MSCI Emerging Markets ex China ETF,95.47,2.9,3.13,1840000.0,97.5,83.88,2.0,28.09,46.52,62.71,107.12
Vanguard FTSE Europe ETF,91.84,0.91,1.0,1825000.0,88.66,85.56,5.37,10.35,19.32,75.99,91.07
YieldMax NVDA Option Income Strategy ETF,12.53,0.23,1.87,1822000.0,12.78,13.97,1.54,9.665,-29.63,11.57,18.03
Invesco Preferred ETF,10.77,0.02,0.19,1819000.0,10.87,11.18,-2.33,-1.08,-5.45,10.68,11.92
Global X Artificial Intelligence & Technology ETF,63.13,2.56,4.23,1816000.0,63.0,54.5,6.6,19.09,37.13,43.45,70.26
Avantis International Small Cap Value ETF,106.87,1.53,1.45,1815000.0,105.51,100.64,1.54,9.665,29.12,81.25,110.99
First Trust NASDAQ Cybersecurity ETF,97.94,4.03,4.29,1814000.0,88.52,74.88,36.69,31.78,30.52,60.07,95.96
Dimensional International Value ETF,57.45,0.2,0.35,1812000.0,55.45,52.52,1.54,9.665,31.55,43.32,57.6
Schwab U.S. Small-Cap ETF,35.05,0.87,2.55,1808000.0,34.38,30.97,3.81,18.33,32.07,25.6,36.2
iShares U.S. Telecommunications ETF,43.35,1.48,3.53,1789000.0,42.12,38.13,-2.19,22.25,41.17,29.62,46.07
State Street SPDR Nuveen ICE High Yield Municipal Bond ETF,24.86,0.07,0.28,1786000.0,25.17,25.1,0.19,2.11,1.81,24.03,25.49
Grayscale Ethereum Staking ETF,15.11,0.05,0.34,1784000.0,14.62,20.13,1.54,9.665,-48.9,12.36,40.14
Vanguard S&P 500 Growth Index Fund ETF Shares,85.04,1.93,2.32,1764000.0,81.83,75.93,4.29,9.98,22.33,64.99,85.35
VanEck Bitcoin ETF,18.16,0.11,0.61,1762000.0,18.36,22.32,1.54,9.665,-43.87,16.4,35.76
ProShares UltraShort Bloomberg Natural Gas,31.1,2.0,6.87,1762000.0,24.83,26.44,13.72,-17.49,-10.54,13.44,49.47
Tradr 2X Long APLD Daily ETF,12.56,1.37,12.24,1754000.0,21.75,24.2,1.54,9.665,13.41,7.03,60.0
SP Funds S&P 500 Sharia Industry Exclusions ETF,58.6,1.43,2.5,1741000.0,57.04,52.78,1.54,9.665,24.69,45.79,59.52
Leverage Shares 2X Long PLTR Da,15.94,5.86,58.13,1739000.0,11.42,19.95,1.54,9.665,-70.45,7.54,44.95
Invesco National AMT-Free Municipal Bond ETF,22.98,0.11,0.48,1734000.0,23.28,23.27,-0.76,0.77,2.79,22.03,23.63
iShares TIPS Bond ETF,107.05,0.19,0.18,1731000.0,108.91,110.37,-0.95,0.54,-3.2,106.76,112.26
Invesco DB US Dollar Index Bullish Fund,28.16,-0.01,-0.04,1730000.0,28.2,27.72,2.96,4.22,2.21,26.4,28.6
State Street SPDR Portfolio Intermediate Term Treasury ETF,28.13,0.1,0.36,1713000.0,28.25,28.66,-0.69,-0.76,-2.5,28.0,29.24
Schwab Fundamental International Equity ETF,54.67,0.57,1.05,1708000.0,53.39,49.34,5.09,20.34,33.55,40.34,55.17
Vanguard Long-Term Treasury Index Fund ETF Shares,53.16,0.41,0.78,1704000.0,54.33,55.67,-2.53,-3.25,-6.17,52.57,58.44
Global X U.S. Infrastructure Development ETF,58.58,1.04,1.81,1699000.0,57.06,52.77,1.68,20.61,26.35,44.95,60.43
GMO International Value ETF,40.4,0.04,0.1,1698000.0,38.38,35.84,1.54,9.665,36.54,29.54,40.68
Leverage Shares 1X Short Sk Hynix Daily ETF,12.26,-1.13,-8.44,1670000.0,13.08,13.08,1.54,9.665,21.4,11.02,15.77
ProShares UltraPro Short Russell2000,21.13,-1.24,-5.54,1664000.0,23.41,34.13,-14.86,-43.35,-64.87,20.9,65.92
Vanguard High Dividend Yield Index Fund ETF Shares,165.3,2.51,1.54,1653000.0,159.84,151.3,3.67,14.22,21.24,133.69,164.4
abrdn Physical Palladium Shares ETF,24.5,1.67,7.31,1648000.0,23.23,27.38,-16.16,-20.11,6.29,19.7,39.48
Invesco DB Commodity Index Tracking Fund,28.31,-0.57,-1.97,1645000.0,28.62,26.3,-5.31,31.71,32.36,21.59,31.79
Dimensional International Core Equity 2 ETF,38.63,0.38,0.99,1640000.0,37.68,36.07,1.54,9.665,22.56,31.1,39.2
GraniteShares 2x Long MSFT Daily ETF,24.78,0.52,2.14,1637000.0,17.12,21.45,1.54,9.665,-27.58,12.96,36.11
iShares Ultra Short Duration Bond Active ETF,50.45,0.02,0.04,1632000.0,50.5,50.59,0.91,2.07,-0.3,50.4,50.77
Vanguard Extended Duration Treasury Index Fund ETF Shares,60.44,0.7,1.17,1630000.0,63.05,65.44,-4.53,-6.18,-11.01,59.1,71.31
Tradr 2X Long SMR Daily ETF,6.86,0.68,11.0,1630000.0,8.79,56.68,1.54,9.665,-98.87,4.19,703.5
Vanguard Intermediate-Term Bond Index Fund,75.74,0.32,0.42,1628000.0,76.22,77.39,-0.85,-0.93,-2.61,75.31,79.09
abrdn Physical Gold Shares ETF,38.83,0.25,0.65,1627000.0,39.88,42.7,-12.26,-6.11,19.74,31.61,52.84
Grayscale Solana Staking ETF,5.61,0.03,0.54,1621000.0,5.63,7.8,1.54,9.665,-59.49,4.61,22.98
Goldman Sachs Nasdaq-100 Premium Income ETF,57.27,1.49,2.67,1610000.0,57.49,54.0,1.54,9.665,12.12,47.72,59.83
First Trust SMID Cap Rising Dividend Achievers ETF,44.94,0.59,1.33,1603000.0,42.57,40.57,5.51,16.27,22.65,35.77,44.4
Tema Space Innovators ETF,21.6,1.06,5.16,1601000.0,29.67,29.93,1.54,9.665,-14.14,20.46,42.68
Tradr 2X Long WDC Daily ETF,27.64,1.98,7.72,1595000.0,33.89,22.05,1.54,9.665,180.13,7.46,69.0
iShares MSCI Europe Financials ETF,42.26,0.16,0.38,1593000.0,39.28,36.94,13.82,15.72,29.74,32.24,42.12
-1x Short VIX Futures ETF,24.3,-0.07,-0.29,1591000.0,22.98,20.91,1.54,9.665,44.71,14.13,25.17
State Street SPDR Bloomberg Investment Grade Floating Rate ETF,30.76,0.02,0.07,1590000.0,30.8,30.78,1.08,2.48,0.0,30.63,30.87
Fidelity MSCI Energy Index ETF,32.5,-0.13,-0.4,1590000.0,31.45,29.26,-0.18,33.42,37.97,23.23,35.26
Direxion Daily Energy Bear 2X Shares,10.73,0.07,0.66,1586000.0,11.65,14.68,-2.74,-47.07,-52.58,9.57,23.24
Avantis Emerging Markets Equity ETF,92.6,2.37,2.63,1584000.0,93.71,85.11,1.54,9.665,29.68,69.37,100.83
iShares MBS ETF,93.29,0.57,0.62,1579000.0,93.98,94.97,-0.91,-0.34,-1.18,92.68,96.97
Leverage Shares 2X Long ARM Daily ETF,22.16,5.71,34.71,1579000.0,34.94,16.32,1.54,9.665,51.89,4.64,65.95
ProShares UltraShort Dow30,16.13,-0.56,-3.36,1569000.0,17.64,19.77,-9.79,-15.17,-31.51,16.55,24.72
MicroSectors Gold Miners 3X Leveraged ETNs,87.5,6.42,7.92,1561000.0,101.36,212.85,1.54,9.665,-4.41,64.45,540.78
ARK Genomic Revolution ETF,40.7,1.08,2.73,1558000.0,37.52,31.51,30.76,36.76,67.28,22.73,44.47
State Street SPDR Portfolio S&P 400 Mid Cap ETF,67.91,1.22,1.83,1549000.0,66.07,61.66,3.73,14.66,21.03,54.5,67.68
Defiance Daily Target 2X Short ASTS ETF,4.27,-1.19,-21.79,1542000.0,5.78,11.54,1.54,9.665,-66.85,3.16,25.06
iShares iBonds Dec 2056 Term Treasury ETF,23.93,0.13,0.57,1539000.0,24.55,24.67,1.54,9.665,-4.23,23.75,25.28
iShares 5-10 Year Investment Grade Corporate Bond ETF,52.42,0.24,0.46,1529000.0,52.8,53.53,-0.67,-0.58,-2.36,52.12,54.58
iShares MSCI Intl Quality Factor ETF,50.96,0.6,1.19,1525000.0,49.35,47.39,4.89,12.48,19.96,41.86,50.61
Alerian MLP ETF,55.0,-0.14,-0.25,1519000.0,52.91,50.68,4.2,22.33,11.94,44.64,55.62
Invesco S&P 500 Quality ETF,87.12,1.98,2.33,1517000.0,86.38,79.46,4.67,13.5,19.9,70.95,90.36
Direxion Daily Homebuilders & Supplies Bull 3X Shares,43.08,2.97,7.4,1505000.0,42.12,50.97,-16.35,-25.11,-42.15,29.63,99.01
Invesco S&P 500 Pure Growth ETF,59.07,1.95,3.41,1499000.0,59.38,51.72,3.0,19.96,22.18,43.41,64.06
iShares Flexible Income Active ETF,51.98,0.13,0.25,1490000.0,52.15,52.59,1.54,9.665,-1.78,51.61,53.51
Vanguard Morningstar Mega Cap Growth ETF,90.42,2.17,2.46,1488000.0,87.6,82.66,2.88,4.77,17.33,63.74,92.38
Tradr 2X Short Iren Daily ETF,12.98,-0.72,-5.26,1484000.0,21.62,47.14,1.54,9.665,-82.88,12.21,119.01
State Street SPDR Portfolio Emerging Markets ETF,52.02,0.89,1.74,1483000.0,51.47,49.29,0.38,9.88,18.06,43.22,53.54
iShares 3-7 Year Treasury Bond ETF,116.56,0.34,0.29,1482000.0,116.99,118.62,-0.56,-0.61,-2.32,116.07,120.78
2x Long VIX Futures ETF,55.38,0.8,1.47,1481000.0,68.6,126.8,1.54,9.665,-84.53,53.64,374.8
ProShares Short VIX Short-Term Futures ETF,58.11,-0.15,-0.26,1477000.0,56.13,52.28,14.3,5.2,30.13,43.29,58.95
Schwab U.S. Aggregate Bond ETF,22.82,0.09,0.4,1470000.0,23.0,23.28,-0.83,-0.58,-2.19,22.69,23.73
PIMCO Enhanced Short Maturity Active Exchange-Traded Fund,100.49,0.02,0.02,1463000.0,100.63,100.54,1.08,2.47,0.16,100.28,100.82
JPMorgan Municipal ETF,49.76,0.11,0.22,1460000.0,50.28,50.5,-0.34,0.4,0.49,49.28,51.34
Tradr 2X Long COHR Daily ETF,33.51,6.78,25.36,1453000.0,45.4,41.89,1.54,9.665,-0.63,16.1,75.64
iShares Global Government Bond USD Hedged Active ETF,50.36,0.23,0.46,1449000.0,50.06,49.72,1.54,9.665,-0.49,48.05,51.32
Global X U.S. Preferred ETF,18.67,0.06,0.32,1425000.0,18.69,18.96,-0.47,2.13,-2.72,18.22,19.89
iShares Fallen Angels USD Bond ETF,26.97,0.1,0.39,1421000.0,27.06,27.22,0.99,2.21,-0.35,26.37,27.79
Invesco Solar ETF,53.37,2.13,4.16,1405000.0,59.03,54.94,-15.55,0.43,40.54,35.98,75.6
Palmer Square CLO Senior Debt ETF,20.61,0.01,0.05,1400000.0,20.57,20.51,1.54,9.665,1.1,19.9,20.92
VanEck IG Floating Rate ETF,25.54,0.02,0.08,1392000.0,25.56,25.52,1.4,2.7,0.24,25.34,25.61
FT Vest Laddered Buffer ETF,37.26,0.24,0.65,1391000.0,36.47,34.92,1.54,9.665,14.83,32.2,37.26
Direxion Daily AMD Bear 1X Shares,27.36,-2.56,-8.56,1385000.0,30.31,69.76,1.54,9.665,-78.16,26.1,157.3
MicroSectors Solactive FANG Innovation 3X Leveraged ETNs,37.59,5.04,15.48,1380000.0,39.01,29.79,1.54,9.665,79.36,14.96,56.09
Global X Defense Tech ETF,67.57,3.2,4.97,1371000.0,62.61,68.06,1.54,9.665,1.98,57.89,78.49
Grayscale Ethereum Mini Trust ETF,17.87,0.05,0.28,1369000.0,17.21,23.35,1.54,9.665,-46.98,14.53,45.79
Direxion Daily FTSE China Bull 3X Shares,31.91,-0.35,-1.08,1368000.0,27.55,37.96,-5.94,-22.95,-25.19,20.69,57.71
Schwab Municipal Bond ETF,25.33,0.08,0.32,1366000.0,25.61,25.74,1.54,9.665,0.8,24.98,26.2
ProShares S&P 500 Dividend Aristocrats ETF,58.16,0.74,1.29,1363000.0,55.79,54.02,7.24,11.49,12.09,50.12,58.95
iShares MSCI Mexico ETF,77.06,0.51,0.67,1352000.0,76.29,74.13,1.95,12.41,27.18,59.23,81.65
Capital Group Core Balanced ETF,38.15,0.53,1.41,1346000.0,37.52,36.14,1.54,9.665,12.06,33.5,38.2
ARK 21Shares Bitcoin ETF,21.29,0.12,0.57,1340000.0,21.53,26.2,1.54,9.665,-43.98,19.24,41.99
Invesco Variable Rate Preferred ETF,24.25,0.07,0.29,1327000.0,24.31,24.38,0.62,2.14,-1.23,23.71,24.93
iShares Core Dividend Growth ETF,79.13,0.85,1.09,1325000.0,76.19,72.23,7.07,13.79,20.95,64.55,79.53
Defiance Daily Target 2X Long P,11.92,2.95,32.89,1324000.0,25.04,31.38,1.54,9.665,-57.37,6.75,134.0
JPMorgan Ultra-Short Municipal Income ETF,50.83,-0.01,-0.03,1322000.0,50.92,50.96,0.58,1.3,-0.16,50.8,51.13
PGIM AAA CLO ETF,51.3,0.01,0.02,1319000.0,51.39,51.36,1.54,9.665,-0.01,51.16,51.54
VanEck High Yield Muni ETF,50.26,0.19,0.38,1315000.0,51.11,51.01,-0.67,0.41,1.4,49.08,51.68
VistaShares Target 15 Berkshire Select Income ETF,19.03,0.07,0.37,1312000.0,18.76,18.67,1.54,9.665,0.26,17.82,19.68
JPMorgan Income ETF,45.79,0.1,0.22,1309000.0,45.92,46.17,1.54,9.665,-1.13,45.66,46.61
Leverage Shares 2X Long AXTI Da,3.25,-0.35,-9.72,1305000.0,4.14,4.14,1.54,9.665,-64.46,1.17,14.69
VanEck Rare Earth and Strategic Metals ETF,71.52,3.89,5.75,1304000.0,84.97,85.38,-37.43,-10.75,31.09,50.66,111.55
Direxion Daily GOOGL Bull 2X Shares,123.49,2.54,2.1,1300000.0,115.26,102.98,1.54,9.665,189.84,41.33,153.0
T-REX 2X Long TTD Daily Target ETF,2.96,0.31,11.7,1298000.0,3.11,10.22,1.54,9.665,-89.61,2.24,38.49
Tradr 2X Long CRDO Daily ETF,16.2,2.44,17.73,1297000.0,18.23,12.64,1.54,9.665,-27.34,3.22,31.72
Goldman Sachs S&P 500 Premium Income ETF,56.23,0.64,1.15,1296000.0,55.21,53.21,1.54,9.665,11.38,48.46,56.19
iShares S&P 500 Growth ETF,141.53,3.29,2.38,1286000.0,136.13,126.31,4.28,9.92,22.28,108.13,141.98
iShares Russell 1000 Value ETF,256.63,2.39,0.94,1285000.0,243.68,223.46,9.24,20.55,30.65,193.8,254.57
T-REX 2X Long SKHY Daily Target ETF,21.83,3.21,17.24,1272000.0,23.62,23.62,1.54,9.665,-51.97,14.69,38.83
VanEck Mortgage REIT Income ETF,9.77,0.02,0.21,1269000.0,9.99,10.42,-4.67,-0.54,-8.71,9.59,11.44
iShares Treasury Floating Rate Bond ETF,50.53,0.02,0.04,1265000.0,50.58,50.55,0.98,2.24,0.02,50.39,50.67
Proshares Ultra Ether ETF,10.17,0.07,0.69,1259000.0,10.02,26.45,1.54,9.665,-86.45,7.07,131.74
Vanguard Russell 2000 Index Fund ETF Shares,121.96,2.24,1.87,1255000.0,118.33,107.56,5.06,18.91,34.06,88.26,122.35
T. Rowe Price QM U.S. Bond ETF,41.99,0.2,0.49,1247000.0,42.27,42.84,1.54,9.665,-2.36,41.7,43.72
Avantis US Small Cap Value ETF,128.74,1.7,1.34,1246000.0,123.2,111.97,1.54,9.665,37.37,91.15,127.22
YieldMax Universe Fund of Option Income ETFs,7.74,0.24,3.2,1244000.0,7.95,9.17,1.54,9.665,-43.48,7.25,13.42
Proshares Ultra Sk Hynix,17.13,2.42,16.45,1243000.0,18.71,18.71,1.54,9.665,-52.29,11.6,31.03
Graniteshares 2x Long TSLA Daily ETF,13.9,0.46,3.42,1237000.0,21.11,25.9,1.54,9.665,-21.59,11.51,39.54
GraniteShares 2x Long META Daily ETF,21.87,-0.2,-0.91,1233000.0,23.91,29.03,1.54,9.665,-53.83,17.43,51.72
Capital Group Core Plus Income ETF,22.06,0.1,0.48,1225000.0,22.23,22.53,1.54,9.665,-2.79,21.87,23.01
Invesco Ultra Short Duration ETF,50.16,0.04,0.08,1220000.0,50.16,50.22,1.03,2.23,-0.2,50.05,50.39
Direxion Daily S&P Oil & Gas Exp. & Prod. Bull 2X Shares,37.81,-0.96,-2.48,1217000.0,34.89,31.19,-5.3,78.05,74.64,20.81,48.66
Tradr 2X Long IREN Daily ETF,15.04,0.71,4.95,1211000.0,28.49,40.44,1.54,9.665,-83.43,8.06,155.28
State Street SPDR S&P MIDCAP 400 ETF Trust,706.48,12.39,1.79,1210000.0,687.52,641.88,3.59,14.33,20.9,567.9,704.45
iShares Gold Trust Micro,40.65,0.27,0.67,1209000.0,41.74,44.68,1.54,9.665,19.82,33.06,55.27
Tradr 2X Long CRWV Daily ETF,18.99,2.38,14.33,1201000.0,23.97,34.14,1.54,9.665,-79.89,8.83,147.45
Global X Silver Miners ETF,78.59,2.8,3.69,1198000.0,79.99,86.54,-16.63,-11.57,49.05,49.12,119.24
Defiance AI & Power Infrastructure ETF,30.27,0.66,2.23,1197000.0,31.35,27.03,1.54,9.665,44.83,19.17,34.79
Fundstrat Granny Shots US Large Cap ETF,27.9,0.51,1.86,1191000.0,27.32,25.77,1.54,9.665,17.2,22.72,28.02
State Street SPDR Portfolio Mortgage Backed Bond ETF,22.02,0.12,0.55,1189000.0,22.17,22.4,-0.9,-0.35,-0.9,21.88,22.87
iShares Core S&P Total U.S. Stock Market ETF,169.09,3.09,1.86,1182000.0,163.39,153.31,4.28,10.56,20.86,137.0,166.43
T-REX 2X LONG RDW DAILY TARGET ETF,6.7,1.16,20.94,1182000.0,15.12,12.84,1.54,9.665,-73.61,3.7,59.29
Invesco KBW Bank ETF,98.33,1.28,1.32,1181000.0,93.12,85.17,12.37,16.45,33.9,71.39,98.97
iShares MSCI USA Quality Factor ETF,224.83,3.09,1.39,1172000.0,216.7,204.38,7.23,12.08,20.59,183.28,221.92
Vanguard Dividend Appreciation Index Fund ETF Shares,243.92,3.77,1.57,1162000.0,236.34,225.68,5.02,9.72,16.58,205.35,242.58
T-REX 2X LONG CIFR DAILY TARGET ETF,17.93,-7.83,-30.4,1158000.0,30.31,26.0,1.54,9.665,9.24,9.99,51.21
Grayscale Bitcoin Mini Trust ETF,28.4,0.17,0.6,1153000.0,28.71,34.92,1.54,9.665,-43.9,25.65,55.96
Capital Group Global Growth Equity ETF,40.85,0.94,2.36,1147000.0,40.48,36.85,1.54,9.665,24.41,31.94,42.88
Global X Data Center & Digital,28.69,0.89,3.2,1147000.0,29.83,25.61,1.54,9.665,46.47,18.13,32.79
Defiance Daily Target 2X Long IONQ ETF,28.33,3.89,15.92,1145000.0,50.19,62.87,1.54,9.665,-73.76,16.8,311.87
First Trust Enhanced Short Maturity ETF,59.75,0.01,0.03,1143000.0,59.84,59.93,0.94,2.06,-0.33,59.7,60.14
Bitwise Ethereum ETF,13.42,0.06,0.45,1139000.0,12.94,17.67,1.54,9.665,-47.79,10.93,34.84
Fidelity Blue Chip Growth ETF,62.59,1.49,2.44,1135000.0,61.18,56.28,1.54,9.665,22.37,47.6,64.32
Direxion Daily Technology Bull 3X Shares,208.39,27.15,14.98,1133000.0,207.27,144.79,18.78,48.02,81.06,75.16,275.4
Jpmorgan Active Bond ETF,52.79,0.2,0.38,1133000.0,53.17,53.84,1.54,9.665,-1.95,52.43,55.79
Grayscale Bitcoin Trust ETF,49.73,0.3,0.61,1133000.0,50.34,61.52,-18.93,-27.69,-44.7,44.98,99.12
VanEck Preferred Securities ex Financials ETF,18.05,0.19,1.06,1125000.0,18.05,18.02,-2.04,4.41,2.23,17.03,19.07
Fidelity MSCI Utilities Index ETF,56.88,-0.3,-0.52,1124000.0,58.05,57.95,-4.08,4.98,2.66,53.23,61.51
Global X Cybersecurity ETF,40.91,1.57,3.99,1121000.0,36.95,31.27,1.54,9.665,17.19,23.15,42.71
iShares MSCI Germany ETF,43.84,0.46,1.06,1117000.0,41.96,41.9,3.41,2.83,4.56,37.98,44.65
ProShares Ultra CRCL,12.11,1.1,9.99,1113000.0,22.05,45.94,1.54,9.665,-94.7,10.33,333.7
Yieldmax MSTR Option Income Strategy ETF,12.83,0.32,2.56,1111000.0,15.4,27.41,1.54,9.665,-86.37,11.53,99.45
Fidelity Enhanced International ETF,41.27,0.48,1.18,1110000.0,40.08,38.3,1.54,9.665,23.2,32.98,41.16
iShares 20+ Year Treasury Bond Buywrite Strategy ETF,21.39,0.16,0.74,1100000.0,21.97,22.67,1.54,9.665,-6.17,21.21,24.08
State Street SPDR Bloomberg 1-10 Year TIPS ETF,18.61,0.03,0.16,1100000.0,18.87,19.12,-0.85,1.16,-3.18,18.57,19.41
Corgi SK hynix 2x Daily ETF,21.65,2.98,15.96,1100000.0,23.54,23.54,1.54,9.665,-51.49,14.64,38.6
VistaShares Artificial Intelligence Supercycle ETF,69.84,4.58,7.02,1095000.0,74.49,52.04,1.54,9.665,123.66,28.34,88.8
iShares Biotechnology ETF,190.15,4.24,2.28,1093000.0,181.33,171.79,10.52,10.55,39.35,130.25,199.05
iShares 10-20 Year Treasury Bond ETF,97.24,0.72,0.75,1092000.0,98.98,101.25,-2.19,-2.91,-5.25,96.18,105.47
JHancock Core Bond ETF,24.98,0.12,0.46,1090000.0,25.15,25.4,1.54,9.665,-1.96,24.78,25.9
State Street SPDR S&P Insurance ETF,64.72,0.05,0.08,1084000.0,60.58,58.5,12.47,7.74,13.82,53.45,66.53
T-REX 2X Inverse CRCL Daily Target ETF,5.7,-0.68,-10.59,1083000.0,5.28,19.36,1.54,9.665,-73.43,1.94,73.12
iShares Core MSCI International Developed Markets ETF,92.02,1.07,1.18,1079000.0,89.43,85.97,4.7,11.92,20.02,75.5,91.21
Leverage Shares 2X Long COHR Da,8.34,1.65,24.66,1079000.0,11.38,11.79,1.54,9.665,-54.33,4.03,19.0
Harbor Commodity All-Weather Strategy ETF,31.41,-0.34,-1.07,1077000.0,30.99,28.92,1.54,9.665,30.44,24.18,33.54
State Street SPDR Portfolio Aggregate Bond ETF,25.16,0.09,0.36,1075000.0,25.36,25.67,-0.71,-0.51,-2.03,25.03,26.17
iShares Latin America 40 ETF,35.08,-0.08,-0.23,1075000.0,34.29,33.64,-1.7,17.64,39.8,25.0,38.5
Capital Group Core Equity ETF,46.05,0.71,1.57,1070000.0,44.06,41.44,1.54,9.665,20.07,37.2,45.39
Franklin FTSE Taiwan ETF,98.44,3.98,4.21,1068000.0,99.23,76.34,9.08,55.55,74.8,52.92,110.32
First Trust Preferred Securities and Income ETF,17.85,0.02,0.14,1066000.0,17.91,18.13,-0.06,1.13,-0.61,17.54,18.51
State Street SPDR S&P Bank ETF,71.3,0.78,1.11,1065000.0,67.13,62.73,9.08,16.04,25.32,54.64,71.42
Fidelity Ethereum Fund,18.66,0.05,0.27,1064000.0,18.02,24.61,1.54,9.665,-47.83,15.22,48.56
iShares iBonds Dec 2026 Term Treasury ETF,22.83,-0.0,-0.02,1064000.0,22.87,22.89,1.54,9.665,-0.09,22.82,22.95
Schwab High Yield Bond ETF,25.99,0.08,0.33,1058000.0,26.1,26.29,1.54,9.665,-1.86,25.7,26.78
VanEck Vietnam ETF,17.66,0.16,0.91,1055000.0,17.87,18.24,-9.87,-11.01,4.98,16.22,19.85
T-Rex 2X Inverse Tesla Daily Target ETF,15.49,-0.54,-3.37,1053000.0,12.66,13.31,1.54,9.665,-50.52,9.74,33.2
ProShares Short Bitcoin ETF,23.82,-0.12,-0.5,1052000.0,25.8,24.05,1.54,9.665,28.71,16.58,30.94
Schwab U.S. Mid-Cap ETF,36.11,0.84,2.38,1049000.0,35.47,32.49,2.51,16.02,23.49,28.2,36.9
iShares ESG Aware MSCI EM ETF,52.95,1.25,2.42,1040000.0,53.28,48.52,1.58,17.89,30.06,39.67,57.11
Dimensional Core Fixed Income ETF,41.77,0.2,0.48,1036999.9999999999,42.02,42.49,1.54,9.665,-2.1,41.42,43.27
Invesco S&P 500 Top 50 ETF,63.09,1.26,2.04,1036999.9999999999,61.57,59.37,-0.02,2.89,15.76,52.6,64.77
Direxion Daily NFLX Bull 2X ETF,16.14,0.08,0.5,1036999.9999999999,18.25,28.87,1.54,9.665,-69.62,12.57,63.44
iShares Edge MSCI Intl Value Factor ETF,43.97,0.3,0.69,1030999.9999999999,42.48,40.16,6.94,16.69,30.98,33.22,43.8
Dimensional Emerging Markets Core Equity 2 ETF,39.18,1.07,2.81,1030000.0,39.66,36.29,1.54,9.665,26.28,30.1,42.57
Schwab 1000 ETF,37.18,0.67,1.84,1028999.9999999999,35.94,33.76,5.52,11.92,20.38,30.26,36.63
Schwab Fundamental Emerging Markets Equity ETF,41.71,0.38,0.92,1028000.0,40.53,38.82,2.13,15.15,22.9,33.55,42.43
iShares Systematic Alternatives,28.79,0.07,0.24,1026999.9999999999,28.37,27.2,1.54,9.665,14.3,24.97,29.04
Direxion Daily 20+ Year Treasury Bear 3X Shares,41.59,-0.95,-2.23,1020000.0,39.06,36.9,11.7,17.5,17.09,31.82,43.52
Defiance Daily Target 2X Short,20.52,-5.67,-21.65,1018000.0,19.69,19.69,1.54,9.665,114.32,7.98,31.5
Invesco BulletShares 2030 Corporate Bond ETF,16.58,0.04,0.24,1012999.9999999999,16.61,16.8,1.54,9.665,-1.87,16.45,17.06
Leverage Shares 2X Long IREN Daily ETF,8.46,0.44,5.49,1012000.0,15.93,18.21,1.54,9.665,-49.65,4.57,41.6
iShares U.S. Healthcare ETF,68.24,0.0,0.0,1010999.9999999999,65.94,64.11,11.81,5.57,22.45,53.94,70.78
iShares Core International Aggregate Bond ETF,50.03,0.13,0.26,1010000.0,50.12,50.48,-0.08,0.38,-2.62,49.63,51.83
Invesco S&P 500 Pure Value ETF,120.56,0.68,0.57,1008999.9999999999,115.74,108.59,7.57,16.51,29.67,91.29,121.27
iShares U.S. Energy ETF,62.25,-0.22,-0.35,1008000.0,60.14,55.86,0.42,34.21,37.18,44.78,67.07
JPMorgan BetaBuilders Japan ETF,76.32,1.34,1.79,1004999.9999999999,75.0,71.41,4.39,13.76,20.92,61.79,78.64
Fidelity High Dividend ETF,63.96,0.95,1.51,1000000.0,61.44,58.33,7.51,13.01,17.78,53.38,63.43
Corgi Lithography & Semiconduct,25.77,1.7,7.06,998134.0,27.0,26.91,1.54,9.665,-9.14,20.61,32.0
Nuveen High Yield Corporate Bond ETF,24.62,0.02,0.08,996915.0,24.82,24.96,1.54,9.665,-0.26,24.38,25.19
Franklin FTSE South Korea ETF,56.23,3.5,6.64,995336.0,60.6,44.93,0.39,65.29,113.4,24.13,72.49
iShares 0-5 Year TIPS Bond ETF,100.62,0.02,0.02,991050.0,101.94,102.8,-0.12,1.81,-2.32,100.56,104.16
BBH Select Mid Cap ETF,12.27,0.26,2.16,983933.0,11.68,11.54,1.54,9.665,9.5,10.66,12.26
Defiance Daily Target 2X Long S,10.48,0.73,7.49,980922.0,9.55,20.25,1.54,9.665,-64.38,6.75,55.48
AdvisorShares MSOS Daily Leveraged ETF,2.39,0.14,6.22,980546.0,2.94,3.67,1.54,9.665,-59.09,1.66,13.15
YieldMax SMCI Option Income Str,4.89,0.35,7.71,977843.0,5.52,7.74,1.54,9.665,-78.09,3.99,21.28
GraniteShares 2x Long RDDT Daily ETF,15.5,0.98,6.75,977789.0,21.54,29.18,1.54,9.665,-69.24,10.89,89.84
PIMCO Active Bond Exchange-Traded Fund,90.84,0.53,0.59,972111.0,91.51,92.75,-0.58,-0.06,-2.11,90.25,94.68
iShares iBonds Dec 2031 Term Treasury ETF,20.02,0.07,0.33,970417.0,20.09,20.4,1.54,9.665,-2.54,19.93,20.81
T. Rowe Price Capital Appreciation Equity ETF,42.72,0.59,1.4,967673.0,40.85,38.78,1.54,9.665,15.84,34.43,42.19
Franklin International Low Volatility High Dividend Index ETF,42.68,0.04,0.09,960068.0,41.29,39.24,5.99,18.07,27.44,33.37,43.13
GraniteShares 2x Long BABA Daily ETF,24.24,0.6,2.54,956667.0,19.53,32.85,1.54,9.665,-8.58,12.7,66.0
ISHARES NASDAQ 100 ETF,23.68,0.41,1.76,953965.0,23.64,23.64,1.54,9.665,-4.9,22.36,24.66
JPMorgan Flexible Debt ETF,49.99,0.03,0.06,952940.0,50.12,50.22,0.85,1.8,-0.53,49.4,50.83
iShares MSCI Singapore ETF,32.6,0.22,0.68,949070.0,30.38,28.82,13.38,19.43,20.87,26.7,32.75
T-Rex 2X Long HOOD Daily Target,24.66,1.59,6.89,947922.0,28.62,41.53,1.54,9.665,-63.7,14.49,123.06
Capital Group Core Bond ETF,25.91,0.1,0.37,943977.0,26.09,26.42,1.54,9.665,-2.12,25.7,26.91
State Street SPDR Portfolio Short Term Treasury ETF,28.9,0.02,0.07,940187.0,28.96,29.16,0.32,0.75,-1.16,28.87,29.4
GraniteShares 2x Long SMCI Dail,12.93,2.31,21.79,938763.0,17.46,32.41,1.54,9.665,-93.25,7.52,168.33
Global X Robotics & Artificial Intelligence ETF,37.09,1.16,3.23,935613.0,37.13,36.92,-6.87,-0.78,5.89,31.88,41.71
Vanguard Russell 1000 Growth Index Fund ETF Shares,127.93,3.47,2.79,934691.0,125.64,121.33,-0.57,0.39,10.73,105.23,132.94
Solana ETF,7.41,0.02,0.27,932866.0,7.5,10.76,1.54,9.665,-58.37,6.17,27.12
PIMCO 25+ Year Zero Coupon U.S. Treasury Index Exchange-Traded Fund,59.02,0.6,1.03,929169.0,62.02,64.62,-5.23,-7.21,-12.61,57.76,71.22
Defiance Daily Target 2X Short SMCI ETF,5.57,-1.55,-21.77,908814.0,8.91,31.53,1.54,9.665,-73.03,4.88,66.7
Bitwise Bitcoin ETF,34.86,0.21,0.61,908351.0,35.24,42.87,1.54,9.665,-43.98,31.49,68.74
abrdn Physical Silver Shares ETF,56.6,1.47,2.67,907521.0,60.61,66.8,-21.39,-18.61,53.1,35.51,115.26
Direxion Daily Financial Bear 3X Shares,31.33,-0.78,-2.43,902709.0,38.39,42.48,-23.43,-13.27,-30.2,31.74,56.37
Capital Group International Focus Equity ETF,34.51,0.8,2.37,901710.0,34.26,31.7,1.54,9.665,25.27,26.75,36.27
iShares MSCI France ETF,47.53,0.52,1.11,892919.0,45.53,45.14,5.13,5.93,12.38,41.58,48.39
ProShares UltraShort Semiconductors,11.98,-1.42,-10.6,890476.0,12.98,23.86,-22.5,-54.19,-69.82,10.91,47.76
ProShares Ultra Semiconductors,89.77,8.45,10.39,889392.0,93.9,67.98,1.35,50.25,89.78,39.36,116.5
Schwab International Dividend Equity ETF,33.51,0.14,0.42,883560.0,32.3,31.25,1.54,9.665,22.14,27.23,34.04
Avantis International Equity ETF,92.6,1.04,1.14,880438.0,90.02,86.36,1.54,9.665,23.11,74.07,92.6
Avantis US Large Cap Value ETF,93.97,0.88,0.95,879259.0,91.13,82.45,1.54,9.665,34.8,68.68,93.13
iShares MSCI Indonesia ETF,12.72,0.25,2.0,877159.0,12.19,16.02,-15.66,-32.66,-29.23,10.72,19.29
Global X SuperDividend ETF,24.95,0.0,0.0,874846.0,24.7,24.9,-2.64,8.19,8.06,22.9,26.44
State Street Bridgewater All Weather ETF,29.36,0.13,0.44,867556.0,29.43,29.14,1.54,9.665,11.2,26.19,30.33
T-REX 2X Long RBLX Daily Target,3.43,0.07,2.08,867373.0,7.31,23.12,1.54,9.665,-96.19,2.71,103.95
State Street SPDR Portfolio S&P 1500 Composite Stock Market ETF,93.67,1.65,1.79,866633.0,90.5,85.02,4.28,10.61,20.9,75.96,92.12
State Street SPDR Portfolio Nas,24.51,0.8,3.37,864206.0,23.89,23.89,1.54,9.665,-1.37,22.4,24.98
Defiance Daily Target 2X Long A,55.36,6.36,12.98,861386.0,51.83,50.05,1.54,9.665,23.94,30.84,84.8
First Trust Global Tactical Commodity Strategy Fund,28.43,-0.27,-0.94,859757.0,28.33,27.1,-2.57,26.14,16.34,22.7,30.65
iShares Global Infrastructure ETF,66.57,0.14,0.21,857543.0,66.77,65.19,-1.14,10.41,10.77,59.4,69.6
iShares MSCI Chile ETF,40.44,0.63,1.58,857118.0,39.92,40.29,-4.36,-1.14,31.56,29.92,47.85
Direxion Daily Real Estate Bull 3X Shares,11.22,-0.02,-0.18,855803.0,10.97,9.83,2.92,32.27,17.21,8.05,12.21
NEOS Enhanced Income 1-3 Month T-Bill ETF,49.83,0.01,0.02,850384.0,49.78,49.75,1.54,9.665,0.1,49.55,49.93
MAX S&P 500 4X Leveraged ETN,36.45,2.36,6.92,848135.0,33.08,28.72,1.54,9.665,52.84,18.37,36.7
Invesco China Technology ETF,51.69,1.5,2.99,847978.0,52.96,52.56,-1.39,-3.27,6.13,44.3,61.2
Amplify CEF High Income ETF,11.35,0.06,0.53,845895.0,11.44,11.53,0.69,5.55,-2.84,10.69,11.93
Xtrackers USD High Yield Corporate Bond ETF,36.29,0.1,0.28,841723.0,36.4,36.65,0.59,2.04,-1.36,35.92,37.19
Leverage Shares 2X Long CIFR Daily ETF,7.29,-3.14,-30.14,817016.0,12.43,10.3,1.54,9.665,-32.65,4.2,20.84
Teucrium Wheat Fund,23.86,-0.4,-1.65,815735.0,23.48,22.16,-1.24,19.23,14.16,19.78,26.08
State Street SPDR Bloomberg Convertible Securities ETF,105.35,2.05,1.98,812740.0,105.49,96.94,1.16,14.99,22.41,83.98,112.02
iShares Global 100 ETF,145.35,2.25,1.57,811281.0,138.94,130.35,5.06,12.17,29.0,110.85,144.78
Touchstone Ultra Short Income ETF,25.27,-0.0,-0.02,809357.0,25.33,25.36,1.54,9.665,-0.37,25.23,25.55
Global X Russell 2000 Covered Call ETF,16.28,0.1,0.62,808102.0,15.9,15.52,1.54,9.665,9.4,14.61,16.23
iShares MSCI Switzerland ETF,63.75,0.58,0.92,805732.0,62.47,60.52,4.74,7.2,18.12,52.9,65.53
Dimensional Emerging Core Equity Market ETF,38.9,1.05,2.77,803893.0,39.21,35.75,1.54,9.665,28.61,29.35,42.16
ProShares UltraShort Russell2000,20.58,-0.79,-3.7,802551.0,21.98,27.68,-9.25,-29.73,-48.28,20.37,42.28
CoinShares Bitcoin Mining ETF,52.75,-2.0,-3.65,802289.0,60.52,49.6,1.54,9.665,120.32,24.04,76.94
Vanguard International High Dividend Yield Index Fund ETF Shares,104.22,0.47,0.45,800809.0,100.22,94.91,6.48,17.65,27.85,80.91,104.09
Tuttle Capital Pure Play Photonics ETF,21.2,2.01,10.47,799231.0,21.94,21.94,1.54,9.665,-21.61,15.94,27.86
iShares International Select Dividend ETF,44.47,0.09,0.2,798811.0,43.16,41.63,2.53,15.91,25.33,35.3,45.49
Leverage Shares 2X Long TSEM Da,8.84,0.36,4.23,797591.0,10.11,10.11,1.54,9.665,-35.37,5.4,18.23
JPMorgan Short Duration Core Plus ETF,46.88,0.09,0.19,787461.0,46.98,47.36,1.54,9.665,-1.13,46.76,47.87
Dimensional World ex U.S. Core Equity 2 ETF,37.41,0.69,1.88,780576.0,36.87,34.83,1.54,9.665,23.76,29.59,38.45
iShares iBonds Dec 2046 Term Tr,24.15,0.19,0.79,780373.0,24.65,24.77,1.54,9.665,-3.27,23.88,25.32
State Street SPDR Dow Jones REIT ETF,115.02,-0.9,-0.78,774090.0,113.65,105.68,6.71,19.78,19.68,94.74,119.65
Defiance Daily Target 2X Long RGTI ETF,13.21,2.01,17.95,771237.0,19.84,52.28,1.54,9.665,-78.91,7.69,501.8
Franklin Dynamic Municipal Bond ETF,24.62,0.05,0.2,770734.0,24.95,24.97,-0.28,1.16,1.87,24.05,25.46
Capital Group U.S. Small and Mid Cap ETF,33.01,0.57,1.76,770503.0,32.08,30.41,1.54,9.665,19.35,26.8,33.25
iShares 0-5 Year High Yield Corporate Bond ETF,42.11,0.1,0.24,765706.0,42.28,42.61,0.67,2.05,-2.05,41.83,43.39
Dimensional US Large Cap Value ETF,41.38,0.4,0.99,764584.0,39.76,36.5,1.54,9.665,31.47,30.96,41.0
WisdomTree U.S. Quality Dividend Growth Fund,99.25,1.47,1.5,764204.0,96.12,92.17,4.46,10.06,14.77,85.02,98.01
Simplify Managed Futures Strategy ETF,25.45,-0.78,-2.97,761528.0,27.6,28.52,1.54,9.665,-2.16,25.64,32.76
Tidal Trust II - Roundhill Generative AI & Technology ETF,90.08,4.78,5.6,757538.0,91.34,72.16,1.54,9.665,66.6,50.73,105.2
First Trust Morningstar Dividend Leaders Index Fund,51.95,0.27,0.52,756958.0,50.29,47.98,2.56,18.15,21.8,42.1,53.16
iShares U.S. Technology ETF,253.55,9.87,4.05,755477.0,245.0,212.09,9.17,19.29,35.53,172.54,261.01
iShares iBonds Dec 2027 Term Treasury ETF,22.32,0.01,0.02,747800.0,22.35,22.43,1.54,9.665,-0.54,22.29,22.55
iShares Core U.S. REIT ETF,67.59,-0.34,-0.5,743543.0,66.72,61.75,5.7,20.28,19.68,55.44,70.09
Dimensional US High Profitability ETF,42.28,0.68,1.63,742352.0,41.25,39.06,1.54,9.665,14.95,35.69,41.92
First Trust NASDAQ Clean Edge Smart Grid Infrastructure Index Fund,186.76,4.74,2.6,740212.0,186.33,171.13,-5.72,17.75,28.75,139.18,199.99
Invesco DB Agriculture Fund,27.66,-0.13,-0.47,738665.0,27.22,26.7,-1.86,7.8,7.21,25.4,28.84
Dimensional U.S. Equity Market ETF,84.34,1.55,1.87,737096.0,81.47,76.38,1.54,9.665,21.45,68.0,82.97
AGF U.S. Market Neutral Anti-Beta Fund,11.84,-0.22,-1.82,737070.0,11.7,13.45,-2.58,-16.19,-27.04,10.86,17.36
Amplify CWP Enhanced Dividend Income ETF,47.75,0.66,1.4,736261.0,46.27,45.68,4.45,8.83,10.1,42.74,47.3
Schwab Fundamental U.S. Small Company ETF,38.31,0.54,1.43,732352.0,37.01,34.0,6.01,20.4,28.43,29.07,38.3
Capital Group U.S. Multi-Sector Income ETF,27.18,0.11,0.41,718476.0,27.35,27.55,1.54,9.665,-2.1,26.95,28.08
Invesco Short Term Treasury ETF,105.63,0.02,0.02,718002.0,105.61,105.65,0.86,2.02,-0.02,105.42,105.9
Invesco Bulletshares 2032 Corporate Bond ETF,20.35,0.07,0.37,717653.0,20.43,20.72,1.54,9.665,-2.29,20.16,21.24
First Trust WCM International Equity ETF,19.72,0.4,2.07,717122.0,19.24,17.89,1.54,9.665,25.05,15.39,19.97
Direxion Daily Technology Bear 3X Shares,61.05,-10.7,-14.91,716503.0,71.13,142.34,-35.43,-55.83,-70.99,59.0,260.0
First Trust BuyWrite Income ETF,24.02,0.18,0.76,715104.0,23.77,23.65,2.82,6.31,3.47,22.37,24.18
iShares S&P GSCI Commodity-Indexed Trust,30.45,-0.73,-2.34,712816.0,30.87,27.85,-6.83,38.94,40.26,21.93,34.94
21Shares Ethereum ETF,9.35,0.04,0.38,712683.0,9.03,12.32,1.54,9.665,-47.76,7.64,24.27
Invesco S&P 500 High Dividend Low Volatility ETF,52.83,0.26,0.49,711394.0,51.29,49.84,6.25,12.75,9.11,46.58,54.04
Invesco Large Cap Value ETF,80.11,0.21,0.26,707958.0,76.94,70.68,9.57,21.57,29.29,61.61,81.25
Vanguard Russell 1000 Value Index Fund ETF Shares,112.53,1.05,0.94,706969.0,106.9,98.07,9.27,20.62,30.51,85.07,111.62
Leverage Shares 2x Long FUTU Da,4.18,0.16,3.91,701953.0,3.65,11.01,1.54,9.665,-72.1,2.3,22.9
iShares U.S. Healthcare Providers ETF,56.46,-0.39,-0.69,701180.0,54.43,49.02,16.96,18.08,36.43,40.85,58.3
Direxion Daily Gold Miners Index Bull 2X Shares,122.29,5.72,4.91,700965.0,128.88,179.84,-35.03,-39.51,35.22,80.58,320.79
iShares Expanded Tech Sector ETF,163.59,6.71,4.28,699082.0,158.74,137.81,7.41,18.94,36.39,112.6,171.48
First Trust Low Duration Opportunities ETF,49.58,0.06,0.12,698098.0,49.71,49.96,0.3,1.45,0.16,47.87,51.98
State Street SPDR Nuveen ICE Municipal Bond ETF,44.94,0.1,0.23,695050.0,45.45,45.67,-0.61,-0.03,0.54,44.4,46.5
YieldMax Magnificent 7 Fund of Option Income ETFs,11.66,0.11,0.95,693928.0,11.78,13.18,1.54,9.665,-24.26,10.73,16.01
Franklin FTSE United Kingdom ETF,37.19,0.08,0.22,690418.0,35.88,34.9,4.4,11.42,19.86,30.84,37.46
Calamos US Equity Autocallable Income ETF,27.27,0.35,1.3,689236.0,27.07,26.77,1.54,9.665,4.34,24.43,27.88
Invesco DB Oil Fund,19.18,-1.16,-5.7,688128.0,20.19,16.92,-3.76,76.48,49.67,11.89,23.98
First Trust Global Wind Energy ETF,23.92,0.12,0.5,681972.0,24.74,23.21,-11.93,16.34,25.46,18.14,27.3
First Trust RBA American Industrial RenaissanceTM ETF,122.66,2.41,2.0,673335.0,125.78,114.11,-5.51,22.38,36.68,86.58,135.05
Invesco BulletShares 2026 Corporate Bond ETF,19.53,-0.01,-0.03,668765.0,19.53,19.55,1.03,2.19,0.03,19.5,19.62
GraniteShares 2x Long IONQ Daily ETF,15.22,1.96,14.78,668449.0,26.66,31.74,1.54,9.665,-69.85,8.76,148.84
iShares International Country R,36.47,0.59,1.66,666030.0,36.03,33.44,1.54,9.665,26.95,28.26,37.58
Direxion Daily TSM Bull 2X ETF,77.41,3.85,5.23,665475.0,84.15,65.8,1.54,9.665,119.18,30.79,106.32
Direxion Daily FTSE China Bear 3X Shares,26.62,0.34,1.29,664965.0,32.45,27.03,-3.36,5.37,-8.05,19.94,42.22
Fidelity Nasdaq Composite Index ETF,104.78,2.71,2.66,664066.0,102.16,94.53,2.07,9.73,23.93,81.45,107.07
Morgan Stanley Bitcoin Trust,18.42,0.11,0.6,663876.0,18.61,20.05,1.54,9.665,-27.34,16.64,25.2
YieldMax Semiconductor Portfolio Option Income ETF,72.3,4.31,6.34,663373.0,78.29,64.56,1.54,9.665,27.68,50.85,89.86
Leverage Shares 2X Long AEHR Da,13.29,3.69,38.4,663333.0,8.67,8.67,1.54,9.665,-24.11,4.8,15.31
Goldman Sachs Physical Gold ETF,40.22,0.26,0.66,662901.0,41.29,44.22,-12.12,-6.11,19.72,32.73,54.71
First Trust North American Energy Infrastructure Fund,43.88,-0.05,-0.11,659021.0,43.72,41.58,-0.38,17.63,15.57,37.16,45.23
Neos Mlp & Energy Infrastructure High Income ETF,53.56,-0.64,-1.18,658018.0,55.47,54.68,1.54,9.665,8.77,49.15,58.47
Dimensional US Small Cap Value ETF,40.64,0.5,1.25,656278.0,38.63,35.58,1.54,9.665,34.43,29.39,40.21
iShares MSCI Italy ETF,63.21,0.82,1.31,655765.0,59.93,55.99,8.74,15.6,28.01,48.46,62.42
iShares Mortgage Real Estate Capped ETF,21.7,0.07,0.32,653584.0,21.84,22.25,-4.44,-0.07,-2.17,20.41,24.05
First Trust Natural Gas ETF,28.6,-0.49,-1.68,649206.0,28.1,26.87,-5.99,26.66,26.26,21.76,33.03
First Trust Value Line Dividend Index Fund,50.62,0.31,0.62,649185.0,48.56,47.51,5.07,10.07,11.08,44.63,51.41
FT Vest Rising Dividend Achievers Target Income ETF,29.8,0.4,1.36,645516.0,28.58,27.04,1.54,9.665,18.69,24.63,29.47
iShares S&P 500 Value ETF,235.67,2.58,1.11,644689.0,228.88,218.58,4.0,10.09,18.88,195.74,234.91
iShares U.S. Thematic Rotation,44.16,0.94,2.17,638649.0,42.72,39.7,1.54,9.665,20.19,34.95,43.76
Procure Space ETF,47.57,2.12,4.66,637121.0,50.74,45.41,1.54,9.665,50.02,29.24,68.21
GraniteShares 2x Long QCOM Daily ETF,14.84,1.94,15.05,636317.0,23.65,19.75,1.54,9.665,-21.89,10.46,41.9
Janus Henderson Mortgage-Backed Securities ETF,44.46,0.25,0.57,631510.0,44.87,45.48,-0.9,-0.27,-1.76,44.05,46.39
MicroSectors FANG+ Index -3X Inverse Leveraged ETN,27.35,-4.19,-13.28,630933.0,35.3,49.39,-27.46,-40.15,-51.55,28.72,87.38
iShares iBonds Dec 2031 Term Corporate ETF,20.65,0.07,0.34,627390.0,20.74,21.01,1.54,9.665,-2.16,20.55,21.78
Bondbloxx Bloomberg Six Month Target Duration US Treasury ETF,50.17,0.01,0.01,620468.0,50.24,50.28,1.54,9.665,-0.14,50.14,50.42
T-REX 2X Long GME Daily Target,5.96,0.1,1.71,619743.0,8.12,10.18,1.54,9.665,-56.43,5.5,18.98
Leverage Shares 2X Long UNH Dai,21.56,-0.83,-3.69,614859.0,22.34,17.7,1.54,9.665,93.26,9.15,27.59
Sprott Uranium Miners ETF,51.9,1.18,2.33,611034.0,54.06,61.23,1.54,9.665,7.39,43.56,84.95
Dimensional International High Profitability ETF,35.03,0.4,1.17,609467.0,34.09,32.95,1.54,9.665,19.19,28.97,35.31
JPMorgan Active Growth ETF,95.94,2.58,2.76,607641.0,95.42,92.6,1.54,9.665,6.54,81.16,99.73
State Street SPDR EURO STOXX 50 ETF,71.35,0.88,1.25,605356.0,68.2,65.62,7.48,10.28,21.44,57.71,70.59
VanEck Pharmaceutical ETF,108.15,-0.48,-0.44,603848.0,107.39,103.69,6.78,6.76,27.2,81.74,114.57
Invesco S&P 500 Equal Weight Technology ETF,64.66,3.36,5.48,603297.0,62.06,51.28,12.86,32.96,50.39,40.35,67.49
MicroSectors Gold 3X Leveraged ETN,8.05,0.13,1.64,602483.0,9.15,13.3,1.54,9.665,8.64,6.82,26.98
Vanguard Long-Term Bond Fund,66.49,0.5,0.76,598204.0,67.92,69.37,-2.31,-2.81,-5.42,65.72,72.63
Roundhill Innovation-100 0DTE Covered Call Strategy ETF,29.71,0.72,2.48,596414.0,30.37,31.3,1.54,9.665,-17.23,26.75,36.6
Tradr 2X Long IBM Daily ETF,17.82,1.29,7.8,595598.0,25.33,23.92,1.54,9.665,-29.6,12.91,42.33
ARK Space & Defense Innovation ETF,33.2,1.61,5.1,594584.0,33.17,31.62,1.54,9.665,18.85,24.77,37.89
"United States Copper Index Fund, LP",40.14,0.5,1.26,588154.0,38.48,35.67,9.41,13.39,45.68,27.16,40.78
Capital Group New Geography Equity ETF,36.78,0.8,2.22,588077.0,36.25,33.79,1.54,9.665,25.15,28.65,38.25
MicroSectors Gold Miners -3X Inverse Leveraged ETNs,41.26,-3.56,-7.94,587803.0,46.67,67.44,1.54,9.665,-90.66,23.77,534.0
YieldMax Gold Miners Option Income Strategy ETF,9.95,0.2,2.05,587293.0,10.58,14.31,1.54,9.665,-36.4,9.27,18.89
Fidelity Enhanced Small Cap Core ETF,48.44,0.98,2.06,586598.0,46.59,41.17,1.54,9.665,43.51,32.71,48.62
Fidelity MSCI Information Technology Index ETF,286.77,12.04,4.38,581630.0,278.18,240.75,9.91,22.53,35.09,198.17,300.79
First Trust Core Investment Grade ETF,20.63,0.09,0.44,581270.0,20.76,21.09,1.54,9.665,-2.79,20.45,21.87
iShares Select U.S. REIT ETF,69.07,-0.04,-0.06,581112.0,68.54,64.27,2.13,16.55,13.67,58.91,71.01
Global X S&P 500 Covered Call ETF,41.49,0.1,0.24,580892.0,40.77,40.37,5.54,8.64,6.43,38.22,41.39
Virtus InfraCap U.S. Preferred Stock ETF,20.9,0.15,0.72,579887.0,20.96,21.36,-1.41,1.91,-3.44,20.23,22.5
iShares Russell Mid-Cap Growth ETF,143.09,3.18,2.27,578045.0,140.63,137.66,0.65,0.23,-0.48,122.94,146.64
Invesco BulletShares 2027 Corporate Bond ETF,19.61,0.0,0.0,576270.0,19.63,19.68,0.89,1.83,-0.36,19.57,19.8
T. Rowe Price Ultra Short-Term Bond ETF,49.81,0.03,0.05,574251.0,49.84,49.87,1.54,9.665,-0.06,49.61,50.14
Tradr 2X Long APP Daily ETF,25.16,1.43,6.02,573380.0,37.15,58.61,1.54,9.665,-46.36,20.44,157.62
Invesco KBW High Dividend Yield Financial ETF,12.42,0.16,1.31,562336.0,12.32,13.15,-7.14,-5.16,-11.61,11.9,14.74
Amplify CWP International Enhanced Dividend Income ETF,42.84,0.19,0.45,559253.0,42.26,40.82,1.54,9.665,25.22,33.85,43.82
Vanguard Core Bond ETF,76.09,0.29,0.39,559160.0,76.73,77.67,1.54,9.665,-2.38,75.7,79.18
Leverage Shares 2X Long HOOD Daily ETF,24.63,1.6,6.95,556344.0,28.5,42.99,1.54,9.665,-66.11,14.43,132.19
iShares Core S&P U.S. Value ETF,114.25,1.33,1.18,551789.0,110.91,105.85,4.08,10.37,18.88,94.81,113.86
Capital Group Dividend Growers ETF,38.67,0.36,0.94,548406.0,37.68,36.59,1.54,9.665,14.6,33.34,38.55
State Street SPDR S&P 600 Small Cap Value ETF,111.89,1.68,1.52,548242.0,107.09,98.23,5.58,20.35,35.73,80.12,110.53
iShares Currency Hedged MSCI EAFE ETF,47.16,0.53,1.13,547930.0,46.12,43.51,7.59,14.44,23.52,37.67,47.18
iShares Core S&P U.S. Growth ETF,193.28,4.39,2.32,546785.0,186.16,172.64,4.24,10.31,22.31,148.39,193.85
Defiance 2X Daily Long Pure Qua,19.91,2.62,15.15,546054.0,27.77,44.54,1.54,9.665,-70.01,11.83,268.83
iShares iBonds Dec 2032 Term Corporate ETF,24.91,0.1,0.4,544048.0,25.04,25.37,1.54,9.665,-2.17,24.77,26.77
Simplify Short Term Treasury Futures Strategy ETF,20.38,0.12,0.59,542612.0,20.42,21.3,1.54,9.665,-7.53,20.04,22.31
iShares Future AI & Tech ETF,73.23,4.32,6.27,540343.0,71.66,56.76,9.76,43.11,61.5,40.57,81.85
Tradr 2X Short CBRS Daily ETF,9.64,-0.7,-6.77,538171.0,21.62,21.62,1.54,9.665,-60.91,9.99,37.43
YieldMax PLTR Option Income Strategy ETF,36.39,7.56,26.22,537329.0,31.24,42.51,1.54,9.665,-61.08,26.06,78.84
FT Vest Gold Strategy Target Income ETF,20.48,0.11,0.54,536395.0,21.74,24.81,1.54,9.665,-7.07,20.22,30.42
Capital Group Short Duration Income ETF,25.69,0.04,0.16,535117.0,25.75,25.92,1.54,9.665,-1.16,25.61,26.15
iShares MSCI EAFE Growth ETF,124.61,2.55,2.08,535052.0,122.05,118.11,2.76,7.43,12.69,107.17,125.71
iShares Russell 2000 Value ETF,226.97,2.52,1.12,533268.0,218.15,197.99,6.88,22.87,39.42,158.85,224.66
Vanguard Utilities Index Fund ETF Shares,190.54,-1.01,-0.53,528236.0,194.62,194.25,-4.94,4.7,2.58,178.51,206.1
T. Rowe Price Growth ETF,46.97,1.2,2.62,527725.0,45.45,43.86,1.54,9.665,11.44,37.6,47.69
ProShares K-1 Free Crude Oil ETF,48.36,-1.39,-2.79,527109.0,52.27,46.86,-8.09,47.6,22.21,36.13,61.33
iShares U.S. Aerospace & Defense ETF,250.65,4.57,1.86,526892.0,235.8,225.87,9.73,11.78,24.57,191.82,251.49
Invesco Semiconductors ETF,147.0,7.92,5.69,524452.0,156.89,111.41,2.07,73.04,133.63,58.07,189.24
Dan IVES Wedbush AI Revolution ETF,38.94,1.6,4.28,523545.0,37.35,33.38,1.54,9.665,34.9,26.75,41.93
JPMorgan BetaBuilders U.S. Equity ETF,139.03,2.47,1.81,523334.0,134.38,126.5,5.38,11.3,19.99,113.43,137.2
Defiance Oil Enhanced Options Income ETF,6.69,-0.31,-4.47,522111.0,7.41,7.48,1.54,9.665,-19.91,6.35,9.58
Leverage Shares 2X Long BE Daily ETF,38.95,3.16,8.83,521450.0,66.81,50.0,1.54,9.665,150.12,10.89,121.25
iShares Investment Grade Systematic Bond ETF,44.42,0.21,0.48,520040.0,44.78,45.38,-0.45,-0.29,-2.86,44.17,46.46
Vanguard Energy Index Fund ETF Shares,165.25,-0.62,-0.37,518515.0,159.94,148.83,-0.27,35.06,37.95,118.17,179.34
iShares Select Dividend ETF,163.2,1.39,0.86,516443.0,157.97,150.41,4.53,16.01,19.15,134.72,166.79
iShares International Treasury Bond ETF,41.38,0.14,0.34,514161.0,41.1,41.73,-2.08,-1.56,-2.21,40.27,43.39
JPMorgan U.S. Quality Factor ETF,74.53,1.74,2.39,513541.0,71.37,65.67,9.7,15.85,20.47,59.7,72.88
iShares MSCI Pacific ex Japan ETF,57.62,1.04,1.84,513450.0,54.58,53.49,3.04,13.66,13.0,48.93,57.26
Leverage Shares 2X Long AMZN Daily ETF,18.7,-0.9,-4.57,510675.0,15.09,15.09,1.54,9.665,28.86,12.72,19.96
Invesco WilderHill Clean Energy ETF,34.64,1.66,5.03,510571.0,38.0,34.71,-15.52,5.86,41.91,22.74,47.22
FT Vest Laddered Autocallable B,20.47,0.08,0.39,510267.0,20.33,20.33,1.54,9.665,1.89,20.08,21.05
Dimensional Global Real Estate ETF,29.72,-0.05,-0.17,510113.0,29.27,27.93,1.54,9.665,10.79,26.02,30.43
Defiance Daily Target 2X Short BMNR ETF,12.95,-1.04,-7.43,510069.0,21.11,20.67,1.54,9.665,-40.48,11.32,47.99
T-REX 2X Long TE Daily Target E,4.12,0.7,20.47,508953.0,11.83,11.83,1.54,9.665,-85.71,1.8,32.06
Cambria Tail Risk ETF,10.4,0.01,0.1,506141.0,10.64,11.32,-4.85,-8.57,-13.05,10.39,12.19
Amplify Cybersecurity ETF,114.07,4.42,4.03,505651.0,102.43,86.06,1.54,9.665,31.4,69.66,115.5
Capital Group Global Equity ETF,35.72,0.57,1.62,505466.0,34.49,32.59,1.54,9.665,20.05,29.2,35.41
iShares MSCI Spain ETF,62.0,0.04,0.06,503051.0,58.82,55.28,10.21,15.85,36.24,45.15,61.98
iShares iBonds Dec 2027 Term Corporate ETF,24.13,-0.01,-0.04,500214.0,24.18,24.24,0.94,1.9,-0.33,24.12,24.38
iShares MSCI Eurozone ETF,71.1,0.87,1.24,499557.0,68.65,65.73,6.28,10.46,20.46,58.04,70.31
Direxion Daily S&P Oil & Gas Exp. & Prod. Bear 2X Shares,42.36,1.09,2.64,494837.0,47.66,63.5,-2.68,-53.73,-58.02,37.7,104.22
First Trust Long/Short Equity ETF,75.78,0.71,0.95,488918.0,74.39,72.11,2.21,6.14,13.4,66.11,77.52
Vanguard Emerging Markets Government Bond Index Fund,66.13,0.32,0.49,488884.0,66.69,67.09,0.11,0.99,0.2,65.0,68.41
Defiance Daily Target 2X Long D,10.45,1.34,14.71,486896.0,13.59,13.59,1.54,9.665,-62.31,7.04,25.52
iShares Short-Term National Muni Bond ETF,106.07,0.1,0.09,486506.0,106.3,106.62,0.24,0.76,-0.76,105.7,107.51
WisdomTree Artificial Intelligence and Innovation Fund,42.15,2.19,5.48,486251.0,42.88,34.08,1.54,9.665,58.7,24.45,48.89
iShares Trust - iShares MSCI USA Quality GARP ETF,83.21,2.42,3.0,485361.0,80.15,71.66,1.54,9.665,32.4,60.33,83.4
T-REX 2X Long KTOS Daily Target ETF,6.58,0.7,11.9,482476.0,7.39,21.72,1.54,9.665,-79.71,4.58,67.57
iShares MSCI Global Metals & Mining Producers ETF,61.82,2.43,4.09,481118.0,60.66,56.6,-2.48,16.63,53.78,38.42,69.02
iShares Transportation Average ETF,87.85,1.97,2.29,480466.0,86.0,78.81,4.64,14.54,25.52,67.6,90.06
Dimensional Short-Duration Fixed Income ETF,47.46,0.12,0.25,478818.0,47.67,47.99,1.54,9.665,-1.7,47.15,48.51
Franklin Income Focus ETF,29.45,0.19,0.65,477861.0,29.16,28.76,1.54,9.665,7.93,27.06,29.57
iShares California Muni Bond ETF,56.59,0.22,0.39,477476.0,57.19,57.42,-0.63,-0.17,1.29,55.49,58.44
Dimensional US Core Equity Market ETF,53.39,0.93,1.77,475814.0,51.53,48.34,1.54,9.665,21.75,42.97,52.55
First Trust Capital Strength ETF,99.8,0.81,0.82,474706.0,95.3,94.33,5.63,7.43,8.88,89.76,101.12
Defiance Quantum ETF,152.94,6.95,4.76,474285.0,154.08,126.08,8.19,33.62,57.79,90.32,170.0
YieldMax Ultra Option Income St,27.21,0.55,2.06,473944.0,29.09,35.07,1.54,9.665,-56.37,25.31,61.5
Global X MLP & Energy Infrastructure ETF,74.16,-0.11,-0.15,471370.0,74.47,68.32,0.04,25.34,20.29,57.66,78.36
iShares Russell 1000 ETF,422.16,7.57,1.83,469682.0,407.61,383.7,4.17,9.84,20.11,344.41,415.11
ProShares UltraPro Russell2000,87.18,4.54,5.49,469670.0,81.06,65.01,10.27,48.34,99.81,39.94,89.4
Pacer US Small Cap Cash Cows 100 ETF,56.12,1.05,1.91,468923.0,51.13,46.79,14.28,24.42,36.92,39.85,55.78
Roundhill PLTR WeeklyPay ETF,23.15,6.07,35.54,468393.0,19.14,28.95,1.54,9.665,-67.47,15.0,57.83
Angel Oak Income ETF,20.66,0.04,0.19,467378.0,20.77,20.88,1.54,9.665,-1.1,20.58,21.55
WisdomTree India Earnings Fund,43.66,0.38,0.88,466762.0,42.4,44.0,-1.22,-7.13,-2.65,39.41,47.2
iShares Disciplined Volatility Equity Active ETF,26.71,0.33,1.24,464580.0,25.99,25.44,3.07,7.21,5.44,24.04,26.39
Invesco CurrencyShares Japanese Yen Trust,58.15,-0.35,-0.6,464150.0,56.92,58.27,-1.65,-1.72,-6.17,55.96,63.26
Invesco Variable Rate Investment Grade ETF,25.08,-0.0,-0.02,463513.0,25.08,25.09,1.19,2.56,-0.1,25.0,25.18
VanEck Digital Transformation ETF,18.44,0.09,0.49,463499.0,19.89,18.98,1.54,9.665,11.69,13.68,27.49
Franklin FTSE Japan ETF,40.27,0.66,1.67,462720.0,39.61,37.41,5.35,15.47,22.22,32.29,41.53
Dimensional U.S. Small Cap ETF,83.81,1.51,1.83,459767.0,80.23,74.37,1.54,9.665,27.5,63.82,82.91
FlexShares Morningstar Global Upstream Natural Resources Index Fund,52.38,0.48,0.92,459426.0,51.72,50.48,-4.27,15.38,26.77,40.69,56.35
Global X Cloud Computing ETF,26.72,0.9,3.49,456080.0,23.45,21.87,1.54,9.665,15.78,17.52,26.44
Direxion Daily AVGO Bull 2X ETF,52.58,6.15,13.25,454482.0,49.1,48.92,1.54,9.665,7.63,28.95,80.21
iShares Defense Industrials Act,34.53,1.29,3.88,453517.0,32.23,32.85,1.54,9.665,13.02,28.01,36.88
VanEck Morningstar Wide Moat ETF,111.2,1.65,1.51,453174.0,104.29,102.85,9.44,5.78,13.16,94.07,110.08
iShares Core MSCI Europe ETF,77.79,0.78,1.01,451719.0,75.25,72.76,5.73,10.72,18.48,64.77,77.11
WisdomTree Emerging Markets High Dividend Fund,54.63,0.65,1.2,445836.0,54.24,50.37,3.82,17.08,18.12,44.23,56.53
Leverage Shares 2X Long MP Daily ETF,3.97,0.55,16.0,445374.0,5.78,7.95,1.54,9.665,-73.31,2.57,13.56
iShares Russell 2000 Growth ETF,388.35,10.12,2.68,443866.0,380.03,345.97,3.12,14.92,29.1,288.16,396.69
Direxion Daily Gold Miners Index Bear 2X Shares,57.41,-2.84,-4.71,442963.0,59.92,64.73,20.27,-13.27,-70.72,34.6,220.7
Eaton Vance Total Return Bond ETF,50.24,0.24,0.48,441713.0,50.58,51.22,1.54,9.665,-2.19,49.45,52.15
IQ MacKay Municipal Intermediate ETF,24.01,0.08,0.33,441176.0,24.24,24.35,-0.43,0.46,0.34,23.77,24.77
NEOS Boosted Nasdaq-100 High In,50.32,1.9,3.92,440222.0,50.77,49.06,1.54,9.665,-1.64,41.68,54.7
iShares MSCI All Country Asia ex Japan ETF,114.19,2.87,2.58,439939.0,115.54,103.53,1.12,19.31,32.4,83.82,124.89
Leverage Shares 2X Long HPE Dai,16.52,1.29,8.47,438561.0,13.34,13.34,1.54,9.665,-0.98,10.45,16.1
Global X Lithium & Battery Tech ETF,71.69,2.28,3.28,437406.0,76.75,72.42,-21.23,7.17,64.48,41.84,91.98
Main Buywrite ETF,14.59,0.06,0.41,436142.0,14.48,14.32,1.54,9.665,2.76,13.84,14.59
TCW Flexible Income ETF,38.89,0.12,0.31,435631.0,39.05,39.41,1.54,9.665,-1.87,38.67,39.97
VanEck Intermediate Muni ETF,46.0,0.14,0.31,432024.0,46.64,46.97,-1.12,-1.18,0.53,45.45,48.02
AB Tax-Aware Short Duration Municipal ETF,25.03,0.03,0.12,429990.0,25.16,25.24,1.54,9.665,-0.68,24.99,25.65
Capital Group Municipal High-Income ETF,25.45,0.07,0.28,429260.0,25.71,25.61,1.54,9.665,3.36,24.45,30.0
BNY Mellon Dynamic Value ETF,34.7,0.35,1.02,428286.0,33.34,30.7,1.54,9.665,29.48,26.36,34.37
Leverage Shares 2X Long COIN Daily ETF,4.18,0.22,5.56,427811.0,5.29,12.59,1.54,9.665,-87.15,3.5,52.0
PIMCO Intermediate Municipal Bond Active Exchange-Traded Fund,51.73,0.09,0.17,427695.0,52.25,52.49,-0.48,0.37,0.72,51.15,53.37
Direxion Daily Junior Gold Miners Index Bear 2X Shares,36.5,-2.6,-6.65,427114.0,39.46,45.79,9.47,-24.13,-78.56,22.8,196.6
Direxion Daily Financial Bull 3X Shares,182.35,4.61,2.59,427067.0,153.17,149.48,26.62,4.28,11.25,106.91,184.75
Direxion Daily Semiconductors Top 5 Bull 2X ETF,57.44,5.39,10.36,426722.0,59.07,39.41,1.54,9.665,102.8,21.4,72.42
iShares MSCI World ETF,209.24,3.39,1.65,425538.0,202.45,191.5,5.31,11.54,20.49,170.53,206.33
Bitwise XRP ETF,12.08,0.01,0.08,422289.0,12.86,16.79,1.54,9.665,-47.2,11.31,26.88
iShares Dynamic Equity Active ETF,28.32,0.48,1.72,421811.0,27.5,26.21,4.97,8.75,10.34,23.51,27.98
Pacer US Large Cap Cash Cows Growth Leaders ETF,39.59,1.28,3.35,421300.0,38.47,36.18,1.54,9.665,10.07,32.64,40.26
First Trust NASDAQ-100-Technology Sector Index Fund,319.86,16.16,5.32,420297.0,313.91,256.79,11.97,29.69,44.33,205.57,340.23
Invesco BulletShares 2029 Corporate Bond ETF,18.55,0.03,0.19,420092.0,18.56,18.73,1.54,9.665,-1.41,18.42,18.97
Dimensional International Small Cap ETF,36.56,0.44,1.2,418307.0,35.76,34.4,1.54,9.665,19.92,30.03,37.18
Vanguard California Tax-Exempt,98.79,0.34,0.35,418155.0,99.76,100.16,1.54,9.665,1.21,97.02,101.9
Defiance Daily Target 2X Long RCAT ETF,3.68,0.49,15.21,416234.0,6.04,10.96,1.54,9.665,-85.36,2.15,31.62
WisdomTree Cloud Computing Fund,37.96,1.38,3.77,414274.0,32.52,31.46,1.54,9.665,6.18,23.89,37.06
Schwab Long-Term U.S. Treasury ETF,30.15,0.23,0.77,412848.0,30.83,31.61,1.54,9.665,-6.3,29.83,33.19
Eldridge BBB-B CLO ETF,26.29,0.03,0.11,412541.0,26.36,26.33,1.54,9.665,-1.25,25.23,26.95
iShares iBonds Dec 2032 Term Treasury ETF,22.48,0.08,0.33,411660.0,22.58,22.94,1.54,9.665,-2.63,22.37,23.46
Direxion Daily Regional Banks Bull 3X Shares,155.81,4.51,2.98,411405.0,133.13,112.14,25.06,45.9,75.3,72.66,158.76
State Street SPDR Dow Jones Global Real Estate ETF,50.95,-0.05,-0.1,408431.0,50.08,47.76,4.4,15.32,15.28,43.81,52.26
JPMorgan Active Value ETF,83.25,0.57,0.69,407100.0,79.24,74.6,1.54,9.665,26.93,64.78,82.76
Vanguard Morningstar Small-Cap ETF,305.55,5.91,1.97,406161.0,295.68,274.76,4.09,15.2,24.13,239.06,304.7
iShares MSCI USA Value Factor ETF,198.0,5.09,2.64,405512.0,195.49,158.14,15.01,42.18,70.66,112.22,206.57
First Trust Nasdaq Pharmaceuticals ETF,39.0,0.4,1.02,405316.0,37.1,34.17,14.41,17.63,45.52,26.0,42.87
JPMorgan BetaBuilders Canada ETF,103.5,0.58,0.56,404793.0,101.01,95.78,3.18,11.49,25.87,81.26,103.74
Defiance Daily Target 2X Long A,2.98,0.37,14.18,404725.0,6.7,7.53,1.54,9.665,-87.92,1.86,21.96
Invesco S&P International Developed Momentum ETF,62.06,0.86,1.41,404704.0,59.84,57.43,4.23,11.6,19.0,51.18,62.2
Jpmorgan International Value ETF,96.61,0.74,0.77,403794.0,93.07,86.44,1.54,9.665,35.71,70.37,96.23
YieldMax MARA Option Income Strategy ETF,4.81,0.01,0.21,400708.0,5.82,7.82,1.54,9.665,-75.03,4.29,20.78
iShares MSCI Saudi Arabia ETF,37.94,0.27,0.72,399451.0,37.78,38.34,-2.7,5.05,-0.29,35.81,41.5
Roundhill MSTR WeeklyPay ETF,3.31,0.09,2.8,399061.0,4.42,9.49,1.54,9.665,-92.63,3.0,48.47
Direxion Daily META Bear 1X ETF,16.3,0.08,0.49,398782.0,16.4,16.19,1.54,9.665,15.69,13.45,19.54
VanEck Uranium and Nuclear ETF,113.88,2.35,2.11,397880.0,118.23,134.24,-26.81,-13.99,-6.65,101.92,168.12
Leverage Shares 2X Long UUUU Daily ETF,3.88,0.41,11.8,397595.0,5.49,11.04,1.54,9.665,-77.15,2.73,30.0
FT Vest Laddered Deep Buffer ETF,30.19,0.13,0.43,397384.0,29.7,28.68,1.54,9.665,11.96,26.8,30.07
Tema Memory ETF,36.76,3.12,9.27,397116.0,38.42,38.42,1.54,9.665,-43.24,28.35,50.46
Invesco BulletShares 2028 Corporate Bond ETF,20.35,0.02,0.1,396747.0,20.36,20.49,0.65,1.26,-0.97,20.25,20.69
Schwab Mortgage-Backed Securities ETF,25.04,0.1,0.4,396713.0,25.26,25.59,1.54,9.665,-1.69,24.91,26.12
Goldman Sachs Access Treasury 0-1 Year ETF,99.91,0.03,0.03,396033.0,100.04,100.06,0.85,2.0,-0.01,99.85,100.26
GMO U.S. Quality ETF,42.78,0.49,1.16,395766.0,41.3,39.11,1.54,9.665,24.46,33.85,42.35
iShares Top 20 U.S. Stocks ETF,33.9,0.68,2.05,393792.0,33.12,31.44,1.54,9.665,18.39,27.54,34.48
Fidelity Enhanced Large Cap Growth ETF,44.55,1.18,2.72,392533.0,43.39,41.58,1.54,9.665,14.31,35.93,45.63
Columbia Research Enhanced Core ETF,44.92,0.76,1.72,391215.0,43.64,41.59,1.54,9.665,17.07,37.59,44.7
Direxion Daily S&P Biotech Bull 3X Shares,249.47,21.43,9.4,388459.0,231.88,178.99,31.35,43.07,258.95,58.48,333.0
Direxion Daily CSI China Internet Bull 2X Shares,25.99,0.23,0.89,388251.0,22.09,34.07,-4.23,-34.89,-38.31,17.09,61.24
KraneShares Mount Lucas Managed Futures Index Strategy ETF,28.35,-0.36,-1.25,386603.0,28.47,27.6,1.54,9.665,9.56,25.77,30.17
Invesco S&P 500 High Beta ETF,148.99,5.58,3.89,386478.0,147.01,127.6,4.06,19.94,41.17,100.3,157.57
iShares Short Duration Bond Active ETF,50.45,0.06,0.12,385734.0,50.56,50.92,0.51,1.07,-1.2,50.32,51.37
Defiance Daily Target 2X Long AVAV ETF,6.52,0.72,12.41,385730.0,7.11,21.17,1.54,9.665,-91.05,4.58,73.75
iShares MSCI Intl Momentum Factor ETF,53.0,0.71,1.36,385100.0,52.56,50.4,2.32,10.24,14.85,45.33,54.39
Innovator Defined Wealth Shield ETF,34.63,0.09,0.26,385059.0,34.27,33.69,1.54,9.665,6.8,32.32,34.54
Leverage Shares 2X Long CAT Dai,12.51,1.3,11.6,383358.0,14.2,14.14,1.54,9.665,-22.9,9.77,19.15
Leverage Shares 2X Long SNAP Daily ETF,6.49,1.44,28.46,381750.0,5.23,7.89,1.54,9.665,-67.28,3.41,20.8
iShares Morningstar Mid-Cap Growth ETF,98.59,2.01,2.08,381194.0,95.36,85.89,8.17,19.43,19.28,75.67,98.83
Direxion Daily Retail Bull 3X Shares,10.38,0.31,3.08,379187.0,8.83,8.86,8.6,4.36,22.95,6.49,11.29
Invesco California AMT-Free Municipal Bond ETF,24.03,0.14,0.59,378906.0,24.28,24.24,-0.36,1.13,3.38,22.97,24.59
iShares MSCI Japan Value ETF,46.72,0.32,0.68,374958.0,45.38,42.89,9.03,18.06,29.32,35.72,47.69
Leverage Shares 2X Long USAR Daily ETF,6.76,1.03,18.0,374437.0,11.61,14.28,1.54,9.665,-56.48,3.9,43.67
Harrison Street Infrastructure Active ETF,26.81,0.09,0.33,373576.0,26.87,26.8,1.54,9.665,5.92,25.0,27.81
iShares Core 1-5 Year USD Bond ETF,48.0,0.09,0.19,372147.0,48.12,48.53,0.29,0.75,-1.42,47.88,49.05
NEOS Russell 2000 High Income E,53.05,0.63,1.2,371832.0,52.46,50.3,1.54,9.665,13.93,45.53,53.86
First Trust Smith Unconstrained Plus Bond ETF,24.69,0.08,0.33,371145.0,24.8,25.02,-0.06,0.34,-1.4,23.72,25.63
iShares Russell Mid-Cap Value ETF,171.21,2.42,1.43,370724.0,163.83,151.07,6.94,19.18,25.61,133.17,169.71
Dimensional U.S. Targeted Value ETF,72.62,0.96,1.34,370597.0,69.14,63.94,1.54,9.665,31.58,53.74,71.76
Vanguard Morningstar Mid-Cap Value ETF,207.38,1.82,0.89,369149.0,199.24,187.58,5.64,16.6,22.71,166.74,208.13
Invesco S&P 500 Revenue ETF,134.01,1.04,0.78,368231.0,128.78,120.0,6.65,15.82,28.52,102.94,133.1
Direxion Daily MRVL Bull 2X ETF,110.02,22.06,25.08,367980.0,158.85,97.6,1.54,9.665,287.49,20.8,308.77
iShares iBonds Dec 2030 Term Corporate ETF,21.62,0.05,0.23,367954.0,21.71,21.95,1.54,9.665,-1.87,21.55,22.41
Tema Electrification ETF,38.62,0.94,2.49,367184.0,39.03,34.72,1.54,9.665,38.17,26.66,42.16
First Trust Energy AlphaDEX Fund,21.83,-0.11,-0.5,364629.0,21.23,19.42,-1.61,35.14,42.1,15.1,23.43
Akre Focus ETF,58.57,0.71,1.23,361996.0,54.96,58.1,5.95,-12.24,-14.53,51.01,68.18
Tradr 2X Long CRML Daily ETF,5.39,0.61,12.76,361589.0,11.32,23.82,1.54,9.665,-92.42,3.19,144.33
iShares International Equity Factor ETF,42.56,0.44,1.04,361460.0,41.26,39.49,4.83,13.53,23.27,34.05,42.28
iShares New York Muni Bond ETF,52.88,0.13,0.25,361199.0,53.49,53.61,-0.62,0.39,1.23,51.93,54.52
Leverage Shares 2X Long ECHO Daily ETF,8.58,1.0,13.22,361181.0,12.2,15.87,1.54,9.665,-49.33,7.02,24.99
Capital Group International Core Equity ETF,36.59,0.46,1.27,359138.0,36.13,34.16,1.54,9.665,24.16,29.0,37.31
First Trust Cloud Computing ETF,153.43,5.45,3.68,358234.0,136.92,126.72,18.96,13.76,22.95,103.76,155.76
Dimensional International Small Cap Value ETF,42.97,0.38,0.89,356361.0,41.52,39.77,1.54,9.665,27.67,33.2,43.39
Fidelity Covington Trust - Fidelity Fundamental Small-Mid Cap ETF,37.99,0.81,2.18,355634.0,36.76,33.44,1.54,9.665,34.71,27.42,38.42
JPMorgan Nasdaq Equity Premium Yield ETF,55.67,0.88,1.6,355561.0,56.13,54.66,1.54,9.665,9.65,47.19,58.27
WisdomTree U.S. SmallCap Dividend Fund,41.57,0.39,0.95,354094.0,39.89,36.63,5.77,22.7,28.89,31.57,41.41
ProShares Ultra PLTR,17.16,6.3,58.01,353499.0,12.37,20.4,1.54,9.665,-63.47,8.13,41.93
Global X Funds - 1-3 Month T-Bill Etf,100.09,0.0,0.0,353046.0,100.22,100.23,1.54,9.665,-0.05,100.05,100.45
Leverage Shares 2X Long CRML Daily ETF,2.33,0.28,13.66,351681.0,4.88,7.02,1.54,9.665,-83.64,1.36,15.25
Convergence Long/Short Equity ETF,34.27,0.16,0.47,350468.0,33.88,29.76,1.54,9.665,41.89,23.93,34.76
Oakmark U.S. Large Cap ETF,30.62,0.2,0.67,350446.0,28.71,28.04,1.54,9.665,18.95,25.3,30.53
iShares MSCI Poland ETF,44.07,1.13,2.63,350007.0,40.17,37.24,12.44,22.63,35.07,30.84,43.02
Innovator U.S. Equity Power Buffer ETF - January,50.31,0.21,0.42,348022.0,49.48,47.65,3.07,6.55,12.61,44.42,50.12
JPMorgan International Research Enhanced Equity ETF,84.86,0.99,1.18,347479.0,81.8,78.35,1.54,9.665,20.11,69.63,84.08
Invesco S&P MidCap Momentum ETF,160.34,3.94,2.52,346736.0,164.24,149.98,-3.33,11.79,20.89,128.59,173.94
Schwab 1-5 Year Corporate Bond ETF,24.51,0.06,0.25,345818.0,24.58,24.78,1.54,9.665,-1.37,24.44,25.05
Janus Henderson Short Duration Income ETF,48.85,0.04,0.08,345550.0,48.95,49.09,0.98,2.06,-0.55,48.8,49.44
T. Rowe Price US Equity Research ETF,48.69,0.88,1.84,344969.0,47.13,44.18,1.54,9.665,20.92,39.49,48.03
iShares iBonds Dec 2028 Term Treasury ETF,22.07,0.03,0.14,344384.0,22.1,22.27,1.54,9.665,-1.21,22.03,22.49
Dimensional US Marketwide Value ETF,56.7,0.68,1.21,344313.0,54.67,49.86,1.54,9.665,32.06,42.08,56.04
Franklin U.S. Core Bond ETF,21.1,0.08,0.4,340703.0,21.27,21.54,1.54,9.665,-2.26,20.97,21.96
T. Rowe Price Small-Mid Cap ETF,44.14,1.0,2.32,340128.0,42.5,38.74,1.54,9.665,29.71,32.79,44.04
iShares MSCI Thailand ETF,73.39,0.44,0.6,339591.0,72.43,66.79,5.71,25.27,26.28,56.31,75.06
Angel Oak Mortgage-Backed Securities ETF,8.54,0.04,0.47,339004.0,8.61,8.72,1.54,9.665,-1.51,8.46,9.16
VanEck Agribusiness ETF,81.69,0.71,0.88,338220.0,80.19,79.08,-2.54,12.27,10.61,69.32,86.56
iShares S&P Small-Cap 600 Growth ETF,179.07,3.26,1.85,337509.0,170.23,153.7,7.1,22.71,30.84,132.96,179.65
Defiance Daily Target 2X Long HIMS ETF,36.62,2.93,8.7,337288.0,39.58,66.43,1.54,9.665,-90.08,12.38,460.6
Goldman Sachs ActiveBeta International Equity ETF,47.62,0.37,0.78,337072.0,45.93,44.23,5.97,11.85,19.71,39.34,47.34
GraniteShares 1.25x Long Tsla Daily ETF,12.09,0.25,2.11,336993.0,15.17,16.57,1.54,9.665,-1.58,10.73,21.31
Cohen & Steers Real Estate Active ETF,29.24,-0.03,-0.1,336551.0,28.85,27.3,1.54,9.665,12.88,25.09,30.07
Bahl & Gaynor Small/Mid Cap Income Growth ETF,33.59,0.3,0.9,334986.0,32.53,30.48,1.54,9.665,13.35,27.66,33.7
Vanguard Financials Index Fund ETF Shares,141.76,1.25,0.89,334600.0,133.11,129.35,9.31,5.31,11.25,116.67,140.97
Sprott Junior Uranium Miners ETF,23.04,0.68,3.04,334455.0,24.29,28.5,1.54,9.665,4.05,19.45,40.81
iShares MSCI Malaysia ETF,28.4,0.29,1.03,334171.0,27.82,28.04,-2.42,4.75,15.97,24.18,30.64
Direxion Daily Dow Jones Internet Bull 3X Shares,28.98,1.46,5.31,333242.0,24.63,24.48,1.54,9.665,-4.21,14.9,35.24
Innovator U.S. Equity Power Buffer ETF - July,49.72,0.42,0.85,332457.0,48.71,47.12,2.73,6.18,11.51,44.2,49.31
iShares iBonds Dec 2026 Term Corporate ETF,24.17,0.0,0.0,331514.0,24.21,24.23,0.96,2.11,0.0,24.16,24.32
MarketDesk Focused U.S. Momentum ETF,40.06,1.11,2.85,331254.0,40.47,36.16,1.54,9.665,43.32,26.66,48.0
Defiance S&P 500 Target Income,17.51,0.27,1.57,330192.0,17.41,17.45,1.54,9.665,-3.25,15.77,18.68
Vanguard Extended Market Index Fund ETF Shares,245.88,5.43,2.26,329476.0,238.29,220.51,4.71,13.55,22.03,195.4,247.67
Innovator U.S. Equity Power Buffer ETF - August,46.63,0.32,0.69,326779.0,45.58,43.94,1.54,9.665,12.43,41.14,46.33
Defiance Daily Target 2X Long LLY ETF,23.46,-0.25,-1.05,326736.0,25.55,22.23,1.54,9.665,58.91,9.6,29.95
iShares MSCI EAFE Min Vol Factor ETF,92.68,-0.04,-0.04,324711.0,89.9,89.23,3.24,9.81,10.98,83.37,95.13
iShares iBonds Dec 2029 Term Corporate ETF,23.04,0.04,0.17,323638.0,23.1,23.3,1.54,9.665,-1.41,22.98,23.65
VanEck Oil Refiners ETF,54.44,0.3,0.55,323158.0,49.84,44.98,6.79,44.35,61.95,33.1,56.85
iShares High Yield Muni Active,48.53,0.16,0.33,322762.0,49.08,48.9,1.54,9.665,1.45,47.06,49.94
Tradr 2X Long NVTS Daily ETF,20.87,3.44,19.74,320882.0,65.11,50.28,1.54,9.665,-33.9,12.0,210.0
BNY Mellon US Large Cap Core Equity ETF,49.21,0.86,1.78,320661.0,47.63,44.77,1.54,9.665,20.29,40.13,48.61
NEOS Bitcoin High Income ETF,28.59,0.23,0.81,320456.0,29.55,38.53,1.54,9.665,-53.85,26.52,65.87
iShares S&P Small-Cap 600 Value ETF,140.27,2.09,1.51,320341.0,134.16,122.82,5.58,20.25,36.47,99.9,138.6
Timothy Plan US Small Cap Core ETF,49.02,0.71,1.48,320302.0,46.85,43.99,1.54,9.665,22.55,39.04,48.42
YieldMax AMD Option Income Strategy ETF,50.16,3.62,7.78,320275.0,53.22,42.84,1.54,9.665,6.01,29.35,59.75
iShares Large Cap Core Active ETF,50.66,1.06,2.14,319318.0,49.45,44.77,1.54,9.665,32.77,37.36,51.02
State Street SPDR Bloomberg Enhanced Roll Yield Commodity Strategy No K-1 ETF,35.09,-0.37,-1.04,318873.0,35.37,32.99,1.54,9.665,30.32,26.61,38.59
ALPS Smith Core Plus Bond ETF,25.44,0.1,0.37,318408.0,25.61,25.93,1.54,9.665,-2.44,25.25,26.47
Jpmorgan Limited Duration Bond ETF,51.97,0.08,0.15,316656.0,52.02,52.29,1.54,9.665,-0.56,51.88,52.75
Xtrackers MSCI EAFE Hedged Equity ETF,55.72,0.56,1.02,315755.0,54.05,50.79,7.12,14.22,24.51,44.17,55.43
Tradr 2X Long QUBT Daily ETF,9.11,0.97,11.95,315170.0,11.27,21.56,1.54,9.665,-92.21,5.81,195.7
Leverage Shares 2X Long CIEN Da,6.2,0.6,10.71,314642.0,8.81,9.43,1.54,9.665,-62.29,3.9,17.41
Invesco Emerging Markets Sovereign Debt ETF,21.17,0.12,0.57,312854.0,21.43,21.57,-1.11,-0.05,1.49,20.46,22.18
Direxion Daily Nvda Bull 2X Shares,130.07,6.07,4.9,312206.0,126.8,121.96,1.54,9.665,-0.17,86.02,172.89
Freedom 100 Emerging Markets ETF,67.45,2.01,3.07,312067.0,69.41,58.88,1.54,9.665,60.79,40.5,76.9
iShares U.S. Power Infrastructu,26.79,0.15,0.56,311310.0,27.19,26.02,-6.12,12.11,4.66,23.18,28.44
First Trust Limited Duration Investment Grade Corporate ETF,18.83,0.05,0.29,311120.0,18.86,19.05,1.54,9.665,-1.98,18.71,19.33
ProShares UltraShort Bitcoin ETF,56.06,-0.74,-1.3,310847.0,57.81,48.62,1.54,9.665,85.8,23.6,76.52
iShares Russell Top 200 Growth ETF,290.51,8.38,2.97,310828.0,285.79,275.64,-0.84,-0.03,11.38,238.75,303.12
Simplify Treasury Option Income ETF,23.37,-0.01,-0.04,310672.0,23.45,23.64,1.54,9.665,-1.85,23.31,24.1
Hartford Large Cap Growth ETF,29.81,1.01,3.51,310447.0,29.03,27.42,1.54,9.665,13.16,23.25,31.08
GraniteShares YieldBOOST Semiconductors ETF,13.92,0.04,0.32,309268.0,15.49,18.46,1.54,9.665,-43.35,13.52,25.81
Global X MLP ETF,56.37,-0.21,-0.37,308332.0,54.32,52.07,4.17,21.79,11.38,46.39,56.88
YieldMax TSLA Option Income Strategy ETF,21.84,0.25,1.16,306948.0,26.88,32.96,1.54,9.665,-43.85,20.41,48.45
Invesco RAFI Emerging Markets ETF,29.37,0.31,1.07,306634.0,28.53,27.42,2.25,14.19,22.05,23.75,30.11
iShares iBonds Dec 2028 Term Corporate ETF,25.14,0.03,0.12,306590.0,25.19,25.36,0.67,1.22,-1.06,25.11,25.74
VanEck Merk Gold Trust,39.19,0.24,0.62,306219.0,40.26,43.12,-12.1,-6.1,19.63,31.93,53.35
Jpmorgan Hedged Equity Laddered Overlay ETF,69.59,0.57,0.83,305954.0,67.76,66.59,1.54,9.665,9.61,62.96,69.09
Franklin High Yield Corporate ETF,24.12,0.08,0.33,305800.0,24.21,24.33,0.61,2.22,-0.74,23.82,24.63
JPMorgan U.S. Tech Leaders ETF,100.98,3.92,4.04,304781.0,103.13,93.04,1.54,9.665,15.93,75.26,111.82
iShares Russell 2500 ETF,92.22,1.62,1.79,303886.0,89.35,81.12,6.79,21.48,31.0,68.49,92.07
YieldMax COIN Option Income Strategy ETF,18.45,0.4,2.22,303007.0,20.82,33.6,1.54,9.665,-74.14,17.22,78.2
YieldMax GOOGL Option Income Strategy ETF,13.4,0.18,1.36,302865.0,13.38,14.13,1.54,9.665,1.15,11.66,15.96
Tradr 2X Short Apld Daily ETF,18.19,-2.53,-12.21,301343.0,20.98,55.72,1.54,9.665,-83.68,11.27,156.75
Avantis US Equity ETF,131.33,2.02,1.56,300840.0,127.07,117.59,1.54,9.665,26.05,102.2,129.36
GraniteShares 2x Long UBER Dail,14.66,0.18,1.23,300812.0,14.9,19.95,1.54,9.665,-52.37,12.22,38.35
Invesco Total Return Bond ETF,46.34,0.2,0.43,300724.0,46.64,47.2,-0.51,-0.04,-1.95,45.88,48.01
Schwab Government Money Market ETF,100.52,0.01,0.01,300447.0,100.63,100.6,1.54,9.665,0.29,100.21,100.79
iShares S&P Mid-Cap 400 Growth ETF,115.88,2.57,2.27,300315.0,113.89,104.83,3.03,15.73,22.01,91.3,117.6
Corgi SNDK 2x Daily ETF,6.84,1.2,21.28,300045.0,10.9,10.9,1.54,9.665,-71.37,3.6,23.29
iShares Asia 50 ETF,137.58,3.59,2.68,298697.0,138.02,115.47,7.68,37.35,60.83,82.95,150.83
YieldMax META Option Income Strategy ETF,8.74,-0.03,-0.34,298620.0,9.47,11.39,1.54,9.665,-48.74,7.99,17.64
iShares AAA CLO Active ETF,51.82,0.03,0.07,296720.0,51.87,51.83,1.54,9.665,0.11,51.53,52.05
T-Rex 2X Long Microsoft Daily Target ETF,24.27,0.19,0.79,296241.0,17.04,22.08,1.54,9.665,-34.78,12.9,39.37
State Street DoubleLine Total Return Tactical ETF,38.83,0.18,0.47,295737.0,39.2,39.93,-1.17,-1.14,-3.66,38.61,40.86
VanEck Real Assets ETF,39.66,0.23,0.58,295729.0,40.1,38.84,-6.41,12.88,23.18,31.62,42.75
Roundhill ETF Trust - Roundhill Meme Stock ETF,8.17,0.59,7.81,294821.0,9.08,7.9,1.54,9.665,-28.37,5.33,11.91
ETF Opportunities Trust - TappAlpha SPY Growth & Daily Income ETF,25.8,0.07,0.27,294663.0,25.46,25.15,1.54,9.665,6.02,22.67,26.67
Leverage Shares 2X Long AVGO Da,32.36,3.79,13.25,294581.0,30.23,29.07,1.54,9.665,26.02,17.87,49.44
iShares iBonds Dec 2030 Term Treasury ETF,19.41,0.06,0.28,292110.0,19.47,19.73,1.54,9.665,-2.22,19.34,20.07
PIMCO 0-5 Year High Yield Corporate Bond Index Exchange-Traded Fund,92.74,0.24,0.26,291845.0,93.14,94.07,0.47,1.42,-2.26,92.0,95.88
VictoryShares Free Cash Flow Gr,33.43,1.0,3.07,290579.0,32.46,29.34,1.54,9.665,21.75,25.0,34.35
JPMorgan Equity Premium Yield ETF,55.36,0.47,0.86,290269.0,54.13,53.09,1.54,9.665,9.89,48.34,54.94
YieldMax AMZN Option Income Strategy ETF,11.67,-0.21,-1.77,288845.0,11.01,12.28,1.54,9.665,-20.05,9.94,15.85
Vanguard International Dividend Appreciation Index Fund ETF Shares,97.86,0.43,0.44,287657.0,94.41,92.27,6.32,7.86,11.95,85.23,98.09
iShares US Consumer Staples ETF,74.61,0.41,0.55,287485.0,73.28,70.97,4.7,12.81,7.79,65.21,78.33
First Trust Emerging Markets Local Currency Bond ETF,29.52,0.12,0.41,286985.0,29.3,29.62,1.75,2.41,2.3,28.3,31.55
WisdomTree Japan Hedged Equity Fund,174.1,3.42,2.0,286892.0,173.58,157.75,7.85,21.25,43.15,118.73,180.48
Vanguard FTSE Pacific Index Fund ETF Shares,112.91,3.1,2.82,286685.0,113.0,101.9,1.62,20.61,31.71,83.08,121.23
AB Disruptors ETF,132.45,4.45,3.48,286466.0,136.93,118.88,1.54,9.665,39.95,88.94,149.57
First Eagle Global Equity ETF,51.9,0.66,1.28,286326.0,49.68,48.08,1.54,9.665,25.82,40.64,51.47
First Trust Dow Jones Internet Index Fund,288.08,5.23,1.85,285743.0,270.1,262.68,4.31,2.08,5.98,224.47,290.91
State Street SPDR Bloomberg 3-12 Month T-Bill ETF,99.17,0.02,0.02,285509.0,99.28,99.31,1.54,9.665,-0.04,99.08,99.52
Invesco S&P SmallCap Momentum ETF,90.14,1.79,2.03,284634.0,88.54,80.06,0.16,20.84,29.51,67.4,93.68
Invesco BulletShares 2026 High Yield Corporate Bond ETF,22.91,0.02,0.07,284567.0,22.97,23.21,0.06,1.3,-1.89,22.84,23.51
iShares iBonds Dec 2029 Term Treasury ETF,21.53,0.03,0.14,284312.0,21.59,21.83,1.54,9.665,-1.74,21.49,22.13
JPMorgan Mortgage-Backed Securities ETF,50.11,0.19,0.38,283157.0,50.38,50.94,-0.68,0.02,-0.76,49.85,52.04
First Trust Tactical High Yield ETF,40.7,0.05,0.12,282013.0,40.75,41.25,0.81,0.97,-2.82,40.01,42.4
BlackRock ETF Trust II - iShares Short Duration High Yield Muni Active ETF,22.09,0.03,0.14,281930.0,22.28,22.27,1.54,9.665,0.05,21.9,22.53
Leverage Shares 2X Long BMNR Daily ETF,15.26,1.13,8.0,281637.0,14.03,54.14,1.54,9.665,-95.86,8.39,347.0
FlexShares iBoxx 5-Year Target Duration TIPS Index Fund,23.31,0.02,0.11,281046.0,23.68,24.04,-1.17,0.91,-3.64,22.93,24.49
Tradr 1.5X Short NVDA Daily ETF,20.42,-0.81,-3.82,280325.0,21.93,26.88,1.54,9.665,-40.83,18.29,40.5
Invesco BulletShares 2031 Corporate Bond ETF,16.31,0.06,0.37,278798.0,16.35,16.56,1.54,9.665,-2.17,16.16,17.04
iShares Global Tech ETF,140.44,5.97,4.44,277823.0,138.46,116.32,10.46,26.51,41.31,93.27,149.83
Avantis International Large Cap Value ETF,81.58,0.54,0.67,277425.0,78.78,75.15,1.54,9.665,28.41,62.83,81.25
Vanguard Morningstar Large-Cap ETF,355.19,6.31,1.81,277412.0,343.23,322.85,4.31,9.79,20.28,289.11,350.41
Vanguard Short Duration Tax-Exe,75.95,0.03,0.05,276624.0,76.35,76.55,1.54,9.665,-0.05,75.87,77.64
Janus Henderson B-BBB CLO ETF,47.31,-0.02,-0.03,275932.0,47.42,47.52,1.54,9.665,-1.85,46.42,48.61
iShares Convertible Bond ETF,117.12,2.01,1.75,274968.0,118.27,107.84,1.67,17.79,25.07,91.55,126.56
T-REX 2X Long SMR Daily Target,5.36,0.49,10.06,274916.0,6.83,408.76,1.54,9.665,-99.9,3.31,45.64
Direxion Daily CSI 300 China A Share Bull 2X Shares,21.71,0.53,2.5,274478.0,23.28,21.95,-10.26,1.78,32.29,15.98,26.1
Strive Enhanced Income Short Ma,20.22,0.01,0.07,273753.0,20.24,20.27,1.54,9.665,-0.76,20.16,20.46
Direxion Daily Energy Bull 2X Shares,91.31,-0.94,-1.02,273696.0,86.32,76.92,-1.99,70.96,78.23,50.06,110.78
Schwab Fundamental U.S. Broad Market ETF,31.65,0.39,1.25,273645.0,30.52,28.21,6.75,18.53,29.82,23.99,31.28
Teucrium Sugar Fund,9.91,0.07,0.71,273246.0,9.65,9.63,-1.94,-1.38,-8.89,8.97,11.31
AdvisorShares Ranger Equity Bear ETF,14.46,-0.36,-2.45,273215.0,16.26,16.72,-9.99,-5.56,-13.18,14.56,18.45
Capital Group International Equity ETF,37.56,0.43,1.16,273108.0,36.49,35.46,1.54,9.665,15.11,32.15,37.36
Select STOXX Europe Aerospace &,46.95,0.88,1.91,273033.0,42.04,43.02,1.54,9.665,8.68,37.62,48.43
Breakwave Tanker Shipping ETF,253.0,-6.37,-2.45,272859.0,201.05,99.53,1.54,9.665,2115.86,11.2,275.0
iShares ESG U.S. Aggregate Bond ETF,46.76,0.19,0.41,272843.0,47.11,47.68,-0.69,-0.38,-2.1,46.52,48.6
WisdomTree Quantum Computing Fund,34.3,1.54,4.7,271759.0,35.43,29.76,1.54,9.665,8.15,23.18,41.38
iShares Yield Optimized Bond ETF,22.36,0.1,0.46,269522.0,22.51,22.71,-0.1,0.82,-1.19,22.26,23.14
iShares ESG Aware MSCI USA ETF,169.1,2.99,1.8,269413.0,163.22,152.98,6.08,12.01,20.96,136.82,166.46
Dimensional Global Core Plus Fi,53.69,0.25,0.47,268611.0,54.21,54.49,1.54,9.665,-2.64,53.13,56.17
iShares Russell Top 200 Value ETF,112.09,0.82,0.74,268260.0,106.18,97.16,10.11,20.89,32.83,83.48,111.45
VanEck Alternative Asset Manager ETF,24.89,0.66,2.72,268171.0,22.57,24.2,1.54,9.665,-13.93,20.16,30.2
State Street SPDR Portfolio Corporate Bond ETF,28.54,0.14,0.49,267501.0,28.83,29.21,-0.71,-0.59,-2.94,28.37,29.93
iShares ESG USD Corporate Bond ETF,22.75,0.1,0.46,267389.0,22.98,23.27,-0.68,-0.53,-2.71,10.6,23.85
Simplify Aggregate Bond ETF,19.93,0.1,0.5,266708.0,20.12,20.53,1.54,9.665,-4.16,19.72,21.02
Tradr 2X Short AMZN Daily ETF,12.14,0.55,4.75,266387.0,17.1,17.69,1.54,9.665,-54.96,11.28,27.58
TappAlpha Innovation 100 Growth,27.59,0.93,3.49,265424.0,27.57,26.31,1.54,9.665,6.67,22.7,29.51
FT Cboe Vest S&P 500 Dividend Aristocrats Target Income ETF,51.78,0.64,1.25,264071.0,50.13,49.83,6.46,9.3,3.44,47.68,53.2
Overlay Shares Large Cap Equity ETF,58.0,1.09,1.92,263476.0,56.64,54.19,1.54,9.665,16.29,48.42,58.28
Regan Floating Rate MBS ETF,25.72,-0.03,-0.12,263237.0,25.68,25.66,1.54,9.665,1.3,24.9,28.56
VanEck ChiNext Innovators ETF,49.83,2.23,4.68,262113.0,55.28,48.35,-10.84,8.75,51.84,31.1,62.59
Fidelity Enhanced Large Cap Value ETF,42.7,0.35,0.83,260726.0,40.3,36.72,1.54,9.665,33.2,31.68,42.42
Direxion Daily MSCI Emerging Markets Bear 3X Shares,15.48,-1.3,-7.75,260416.0,16.21,26.47,-15.41,-51.49,-67.98,13.06,52.7
Global X SuperDividend U.S. ETF,19.74,0.03,0.15,259540.0,19.33,18.63,2.72,17.62,12.82,16.84,20.21
Simplify Government Money Market ETF,100.11,0.01,0.0,259388.0,100.15,100.18,1.54,9.665,0.11,100.01,100.71
GraniteShares Platinum Trust,16.67,1.07,6.86,259340.0,16.35,18.38,-18.15,-20.93,22.83,12.57,27.69
State Street SPDR Portfolio TIPS ETF,25.08,0.05,0.2,258348.0,25.54,25.99,-0.98,0.37,-4.21,25.02,26.58
iShares Flexible Equity Active ETF,26.19,0.48,1.87,258043.0,25.42,25.42,1.54,9.665,0.95,24.77,26.67
Invesco RAFI US 1000 ETF,56.03,0.74,1.34,257510.0,54.01,49.71,6.08,17.55,30.16,42.3,55.3
State Street SPDR Nuveen ICE Short Term Municipal Bond ETF,47.63,0.11,0.23,257428.0,47.81,47.98,0.1,0.54,-1.12,47.48,48.51
Direxion NASDAQ-100 Equal Weighted Index Shares,121.99,3.41,2.88,257354.0,118.74,107.51,7.1,14.8,21.52,95.64,123.26
Tradr 2X Long FLY Daily ETF,6.14,0.75,13.91,256895.0,13.95,16.15,1.54,9.665,-78.06,3.61,58.52
Innovator Equity Defined Protection ETF - 1 Yr August,27.84,0.07,0.25,256621.0,27.52,26.97,1.54,9.665,6.68,25.81,27.78
Direxion Daily Junior Gold Miners Index Bull 2X Shares,126.1,7.51,6.33,256083.0,133.82,194.54,-33.89,-41.92,43.75,77.0,363.55
Aptus Laddered Deep Buffer ETF,25.68,0.16,0.62,256002.0,25.21,25.19,1.54,9.665,1.88,24.84,25.53
NYLI FTSE International Equity Currency Neutral ETF,37.97,0.62,1.66,253954.0,37.49,34.8,4.94,16.12,26.18,29.5,38.74
Pacer Global Cash Cows Dividend ETF,46.35,0.0,0.0,253658.0,44.96,44.04,1.25,14.54,20.11,38.44,47.57
Nicholas Crypto Income ETF,13.68,-0.18,-1.3,252530.0,15.56,17.32,1.54,9.665,-35.23,11.93,28.0
2x Solana ETF,31.92,0.08,0.25,252176.0,34.01,99.96,1.54,9.665,-90.07,23.28,706.0
iShares U.S. Infrastructure ETF,61.64,0.56,0.92,251837.0,61.68,57.8,-1.86,16.97,20.0,50.41,64.25
First Trust Structured Credit I,20.57,0.04,0.19,251450.0,20.61,20.74,1.54,9.665,-0.87,20.4,21.69
WisdomTree Interest Rate Hedged High Yield Bond Fund,22.64,0.02,0.08,251272.0,22.57,22.51,2.04,3.91,1.57,21.94,22.81
T-REX 2X Long NFLX Daily Target ETF,17.02,0.1,0.59,250664.0,19.29,30.15,1.54,9.665,-68.32,13.33,63.88
Teucrium 2x Long Daily XRP ETF,21.3,-0.04,-0.19,248210.0,25.3,77.63,1.54,9.665,-94.71,19.33,520.7
First Trust STOXX European Select Dividend Index Fund,20.32,0.15,0.73,246346.0,19.32,18.13,9.01,18.9,29.71,15.49,20.29
State Street SPDR S&P Dividend ETF,157.23,1.48,0.95,245713.0,152.51,146.99,3.95,12.78,12.8,135.3,160.29
Invesco S&P 500 Equal Weight Energy ETF,104.91,-0.45,-0.43,245644.0,102.72,94.61,-1.91,35.62,40.82,73.3,114.01
iShares Core Dividend ETF,67.02,0.9,1.36,245307.0,62.68,56.52,15.41,25.85,32.61,49.66,67.31
Dimensional National Municipal Bond ETF,47.75,0.08,0.17,244856.0,48.13,48.26,1.54,9.665,0.44,47.27,48.87
Columbia Core Bond ETF,29.53,0.14,0.46,244215.0,29.76,29.88,-0.73,-0.28,-2.49,29.38,30.84
iShares Long-Term National Muni Bd ETF,49.74,0.25,0.51,242319.0,50.6,50.58,1.54,9.665,2.67,48.0,53.52
Franklin FTSE India ETF,36.25,0.33,0.92,241969.0,35.02,36.48,1.99,-6.92,-4.49,32.2,39.85
Tradr 2X Long CLSK Daily ETF,16.88,-1.3,-7.15,240558.0,23.21,24.6,1.54,9.665,-38.53,7.46,118.09
Tradr 2X Long WULF Daily ETF,23.53,0.11,0.47,240278.0,41.54,31.08,1.54,9.665,-9.93,14.9,68.49
Defiance Drone and Modern Warfare ETF,27.67,2.2,8.64,239868.0,29.47,27.27,1.54,9.665,1.03,21.91,42.99
Dimensional Emerging Markets Value ETF,41.35,1.17,2.91,239404.0,41.74,37.42,1.54,9.665,32.26,30.32,44.95
Defiance Daily Target 2x Long A,25.29,1.21,5.02,238249.0,20.77,18.35,1.54,9.665,13.79,11.38,26.97
Direxion Daily SHOP Bull 2X ETF,12.5,1.25,11.11,237930.0,11.65,20.05,1.54,9.665,-68.65,7.96,46.43
Simplify Interest Rate Hedge ETF,51.41,-1.06,-2.02,237748.0,46.54,46.57,1.54,9.665,-0.06,41.37,58.02
Tradr 2X Long CBRS Daily,15.34,0.99,6.9,237498.0,15.53,15.53,1.54,9.665,-39.07,8.64,26.11
iShares MSCI Netherlands ETF,69.07,1.56,2.31,236536.0,67.74,62.11,7.59,18.3,31.52,51.16,71.18
Baron First Principles ETF,22.34,0.81,3.76,236377.0,23.46,23.77,1.54,9.665,-14.19,20.78,26.73
PIMCO 15+ Year U.S. TIPS Index Exchange-Traded Fund,48.0,0.26,0.54,236082.0,49.91,51.71,-3.2,-3.76,-8.95,47.66,54.87
YieldMax SNOW Option Income Strategy ETF,11.67,0.26,2.28,235978.0,10.32,10.67,1.54,9.665,-27.56,6.17,17.35
Vanguard Communication Services Index Fund ETF Shares,189.77,1.72,0.91,235239.0,188.16,189.76,-7.42,-5.66,8.02,172.37,200.77
Fidelity MSCI Real Estate Index ETF,30.07,-0.02,-0.07,235044.0,29.66,28.3,4.2,14.02,9.9,26.37,30.92
Vanguard Morningstar Small-Cap Value ETF,251.23,3.5,1.41,234350.0,240.32,224.9,5.73,16.7,24.56,196.68,248.28
Invesco AI and Next Gen Software ETF,93.94,4.43,4.95,234335.0,95.83,72.09,11.47,45.8,78.24,48.84,109.32
Dimensional Ultrashort Fixed Income ETF,50.8,0.04,0.08,234280.0,50.79,50.77,1.54,9.665,-0.04,50.55,50.91
Direxion Daily S&P 500 High Beta Bear 3X Shares,18.64,-2.53,-11.93,233989.0,21.08,39.52,1.54,9.665,-74.65,17.12,86.67
iShares ESG MSCI KLD 400 ETF,147.11,2.87,1.99,233776.0,141.0,132.21,4.3,10.29,20.62,117.08,144.71
KraneShares Artificial Intelligence and Technology Public and Private ETF,45.3,1.68,3.85,233152.0,44.99,38.75,1.54,9.665,36.51,30.89,49.67
First Trust Institutional Preferred Securities and Income ETF,19.15,0.01,0.05,232989.0,19.22,19.31,1.22,2.06,0.31,18.71,19.61
State Street SPDR Bloomberg International Treasury Bond ETF,21.88,0.11,0.51,232939.0,21.73,22.28,-1.88,-2.47,-5.06,21.28,23.42
JPMorgan U.S. Momentum Factor ETF,84.18,2.33,2.85,232866.0,82.36,73.5,7.26,20.54,27.02,64.1,85.64
Eaton Vance Short Duration Inco,50.76,0.08,0.15,232689.0,50.89,51.25,1.54,9.665,-1.15,50.61,51.72
Putnam ETF Trust - Putnam Franklin Municipal High Yield ETF,11.57,0.05,0.43,232568.0,11.74,11.67,1.54,9.665,-1.18,11.41,11.9
Bny Mellon Global Infrastructure Income ETF,44.99,-0.19,-0.42,232312.0,45.34,43.31,1.54,9.665,15.46,37.5,46.84
iShares MSCI Austria ETF,43.87,0.79,1.83,231651.0,41.71,37.19,11.0,22.12,44.61,29.68,43.6
First Trust Municipal High Income ETF,47.74,0.16,0.33,231575.0,48.19,48.07,0.16,1.83,2.39,45.94,48.73
VanEck CLO ETF,52.75,0.01,0.02,230829.0,52.87,52.83,1.54,9.665,-0.15,52.36,53.15
T-REX 2X Long LITE Daily Target,18.64,2.86,18.12,229946.0,20.55,20.55,1.54,9.665,-48.36,9.53,34.1
T-REX 2X Long EOSE Daily Target,10.89,2.6,31.36,228903.0,25.81,111.88,1.54,9.665,-98.74,5.89,762.5
Fidelity Low Duration Bond Factor ETF,50.1,0.1,0.2,228813.0,50.14,50.22,0.86,1.89,-0.37,49.02,50.62
iShares MSCI Global Silver and Metals Miners ETF,31.71,1.32,4.34,228032.0,31.97,34.78,-13.91,-10.97,62.25,18.09,50.15
Tradr 2X Long TEM Daily ETF,15.28,0.69,4.73,227942.0,19.39,38.09,1.54,9.665,-71.94,11.52,152.22
Invesco S&P 500 Equal Weight Income Advantage ETF,54.49,0.43,0.8,227702.0,53.27,51.88,1.54,9.665,8.73,49.03,54.17
Capital Group Conservative Equity ETF,33.77,0.44,1.32,227670.0,32.59,31.24,1.54,9.665,15.09,28.91,33.48
Vanguard Health Care Index Fund ETF Shares,304.99,0.47,0.15,227477.0,293.76,284.45,12.26,6.65,24.2,237.23,314.9
iShares Core 60/40 Balanced Allocation ETF,69.89,0.83,1.2,225370.0,68.91,66.66,2.0,6.72,12.02,61.54,69.97
Fidelity Investment Grade Securitized ETF,43.5,0.17,0.39,224925.0,43.74,44.15,1.54,9.665,-0.76,42.97,45.6
Xtrackers S&P 500 Scored & Screened ETF,70.9,1.21,1.74,224868.0,68.17,64.07,1.54,9.665,23.35,56.45,69.78
iShares U.S. Large Cap Premium Income Active ETF,34.77,0.44,1.28,224789.0,33.76,32.38,1.54,9.665,13.64,29.94,34.5
Lazard International Dynamic Eq,35.41,0.53,1.52,223535.0,33.06,30.37,1.54,9.665,36.06,25.11,35.33
Invesco NASDAQ Next Gen 100 ETF,45.82,1.21,2.71,220804.0,44.39,39.56,1.54,9.665,33.44,32.97,46.17
iShares MSCI Global Gold Miners ETF,66.9,1.28,1.95,220788.0,67.86,75.26,-12.45,-10.25,36.57,46.44,100.41
iShares Intermediate Muni Income Active ETF,23.8,0.06,0.25,220006.0,24.07,24.13,1.54,9.665,1.28,23.38,24.58
Leverage Shares 2X Long HUT Daily ETF,20.06,-4.78,-19.24,219059.0,28.96,18.93,1.54,9.665,64.07,5.37,48.1
Robo Global Robotics and Automation Index ETF,84.34,3.15,3.88,219027.0,83.08,75.6,-0.92,17.14,28.87,61.93,90.51
American Century Diversified Corporate Bond ETF,46.22,0.22,0.48,218731.0,46.49,47.06,-0.57,-0.17,-2.28,45.79,48.16
Leverage Shares 2x Long FIG Dai,29.13,4.45,18.03,218664.0,20.38,57.42,1.54,9.665,-90.8,12.4,326.8
NEOS Boosted Bitcoin High Incom,32.48,0.26,0.81,218602.0,34.07,39.89,1.54,9.665,-34.84,29.12,50.45
Amplify CWP Growth & Income ETF,30.02,0.64,2.18,218267.0,29.76,29.09,1.54,9.665,4.3,25.75,30.97
Bondbloxx Bloomberg One Year Target Duration US Treasury ETF,49.25,0.02,0.04,218093.0,49.32,49.48,1.54,9.665,-0.49,49.2,49.7
Principal Spectrum Preferred Securities Active ETF,18.85,0.03,0.16,218073.0,18.96,19.03,0.56,1.8,-0.29,18.64,19.32
Vanguard Core-Plus Bond ETF,76.52,0.29,0.38,217837.0,77.09,77.94,1.54,9.665,-2.04,76.16,79.41
ProShares Ultra Dow30,69.69,2.34,3.47,217266.0,64.24,58.73,10.61,16.13,38.01,48.12,68.0
Defiance Daily Target 2x Long S,33.27,0.82,2.53,216631.0,42.06,38.87,1.54,9.665,57.91,18.2,70.41
iShares India 50 ETF,44.42,0.29,0.66,216127.0,42.96,46.62,0.32,-11.04,-14.14,40.82,54.39
Capital Group Short Duration Municipal Income ETF,26.24,0.01,0.06,215714.0,26.34,26.4,1.54,9.665,0.1,26.17,26.68
iShares MSCI Emerging Markets Min Vol Factor ETF,73.65,1.66,2.31,215151.0,73.56,68.32,1.85,12.44,14.83,62.48,77.39
Vanguard Morningstar Mega Cap Value ETF,166.26,2.38,1.45,215058.0,161.69,149.67,7.34,16.78,25.59,129.93,166.02
GraniteShares 2x Long VRT Daily ETF,30.88,1.58,5.39,214455.0,44.13,34.75,1.54,9.665,100.73,10.35,73.0
Defiance Daily Target 2x Long NOK ETF,33.81,3.8,12.65,214277.0,64.21,49.12,1.54,9.665,48.99,17.74,121.22
Defiance Daily Target 2X Long A,8.49,1.42,20.08,212559.0,17.82,18.35,1.54,9.665,-69.63,5.1,33.0
FT Vest U.S. Equity Moderate Buffer ETF – September,41.6,0.16,0.37,212392.0,40.89,39.38,1.54,9.665,11.65,37.06,41.48
Direxion Daily Oil Services Bull 2X Shares,5.29,0.04,0.76,212392.0,9.8,9.8,1.54,9.665,-68.92,5.09,18.42
Wisdomtree U.S. Quality Growth Fund,68.17,1.52,2.28,211293.0,65.39,60.27,1.54,9.665,24.32,50.94,68.84
Pacer Data and Digital Revolution ETF,96.69,5.62,6.17,211284.0,98.34,76.29,1.54,9.665,48.63,58.82,115.58
Direxion Daily TSLA Bear 1X Shares,63.36,-1.1,-1.71,210553.0,55.84,55.02,1.54,9.665,-18.61,46.2,80.1
NEOS Gold High Income ETF,48.94,0.2,0.41,210429.0,50.6,55.76,1.54,9.665,-1.59,47.86,64.57
State Street SPDR S&P 600 Small Cap Growth ETF,119.5,2.18,1.86,209950.0,113.63,102.6,7.05,22.8,31.04,88.6,119.82
VictoryShares Short-Term Bond ETF,50.56,0.05,0.1,209815.0,50.53,50.74,0.73,1.68,-0.75,50.31,51.12
Invesco S&P 500 Equal Weight Health Care ETF,35.21,0.11,0.31,209389.0,32.87,31.8,14.42,9.56,24.47,27.33,35.44
Roundhill S&P 500 0DTE Covered Call Strategy ETF,39.34,0.36,0.92,209145.0,39.01,40.14,1.54,9.665,-10.84,35.87,44.81
REX AI Equity Premium Income ETF,36.91,1.67,4.74,209084.0,36.73,38.13,1.54,9.665,-17.51,32.21,45.08
iShares Europe ETF,75.34,0.73,0.98,208336.0,72.77,70.26,5.45,10.2,20.03,61.96,74.64
Vanguard S&P Small-Cap 600 Index Fund ETF Shares,139.39,2.24,1.63,208148.0,132.84,120.73,6.42,21.54,33.52,101.54,138.43
First Trust Long Duration Opportunities ETF,21.06,0.13,0.62,208081.0,21.27,21.71,-2.04,-1.68,-2.92,20.45,23.59
First Trust Nasdaq Semiconductor ETF,235.03,16.44,7.52,207984.0,252.86,178.64,1.27,68.79,127.22,94.12,297.36
Direxion Daily HOOD Bull 2X ETF,10.17,0.66,6.98,207481.0,11.74,14.2,1.54,9.665,-64.34,5.98,35.58
iShares Short Maturity Municipal Bond Active ETF,50.15,0.03,0.05,207058.0,50.27,50.35,0.47,1.21,-0.46,50.1,50.79
Direxion Daily AMD Bull 2X Shares,220.43,32.37,17.21,206685.0,228.78,111.88,1.54,9.665,276.72,35.19,293.65
Fidelity MSCI Health Care Index ETF,78.86,0.14,0.18,206273.0,75.91,73.43,12.69,6.72,24.71,61.11,81.36
PIMCO Ultra Short Government Active Exchange-Traded Fund,100.67,0.0,0.0,205671.0,100.81,100.86,1.54,9.665,-0.23,100.63,101.25
Pacer Aristotle Pacific Floating Rate High Income ETF,46.72,0.07,0.16,205508.0,46.76,46.9,1.56,2.44,-1.72,46.0,47.64
iShares iBonds 2027 Term High Yield and Income ETF,21.92,0.01,0.05,205194.0,22.02,22.19,1.54,9.665,-2.32,21.9,22.56
iShares Dow Jones U.S. ETF,187.89,3.33,1.8,204098.0,181.52,170.58,4.19,10.1,20.38,152.99,184.94
iShares S&P 100 ETF,381.72,6.89,1.84,203884.0,367.79,347.61,4.22,8.11,20.48,306.84,379.02
Aptus Defined Risk ETF,29.19,0.56,1.96,203801.0,28.86,28.64,1.09,2.34,-0.14,27.1,30.15
VanEck Oil Services ETF,392.15,10.02,2.62,202912.0,395.69,361.68,-14.08,34.19,57.91,232.39,459.28
Victoryshares Small Cap Free Cash Flow ETF,38.9,0.67,1.74,202727.0,34.75,31.27,1.54,9.665,40.86,26.8,38.42
Calamos Nasdaq Autocallable Income ETF,25.95,0.53,2.09,202600.0,26.36,25.74,1.54,9.665,1.64,23.06,27.39
Tema Photonics & Optical ETF,42.92,2.97,7.43,202433.0,40.48,40.48,1.54,9.665,-21.05,32.55,50.79
First Trust Nasdaq BuyWrite Income ETF,22.21,0.37,1.69,202376.0,21.91,21.06,5.53,12.3,9.75,19.23,22.37
Sprott Physical Copper Trust,11.33,0.23,2.07,201646.0,11.44,11.1,1.54,9.665,55.9,6.98,15.0
Bny Mellon Enhanced Dividend Income ETF,29.77,0.18,0.6,200588.0,28.95,27.96,7.0,16.02,13.23,26.01,30.16
JPMorgan BetaBuilders Developed Asia Pacific ex-Japan ETF,64.86,1.16,1.82,200367.0,61.35,59.77,3.83,15.1,14.82,53.84,64.61
State Street SPDR Bloomberg Emerging Markets Local Bond ETF,21.0,0.11,0.53,200116.0,20.87,21.16,1.04,0.87,-1.0,20.36,21.94
SP Funds Dow Jones Global Sukuk ETF,17.9,0.03,0.2,199850.0,17.96,18.2,1.54,9.665,-2.67,17.76,18.71
iShares High Yield Systematic Bond ETF,46.41,0.17,0.36,199759.0,46.59,47.03,0.36,1.64,-2.06,45.96,47.99
State Street SPDR S&P Aerospace & Defense ETF,282.09,8.46,3.09,198211.0,274.15,262.27,2.23,9.86,25.47,208.77,295.39
iShares U.S. Basic Materials ETF,181.78,4.18,2.35,197496.0,180.83,170.48,-2.97,14.72,24.47,139.08,191.37
T. Rowe Price Capital Appreciation Premium Income ETF,22.9,0.14,0.62,196560.0,22.41,23.17,1.54,9.665,-7.52,21.73,25.21
Proshares UltraShort Ether ETF,59.23,-0.41,-0.69,195678.0,72.69,60.05,1.54,9.665,-4.58,27.6,106.8
iShares MSCI UAE ETF,20.0,0.81,4.22,195243.0,19.15,19.47,1.86,3.73,-4.1,17.29,22.29
First Trust Managed Municipal ETF,50.46,0.14,0.28,194684.0,51.05,51.19,-0.63,0.53,1.12,49.49,52.03
ProShares UltraShort 20+ Year Treasury,37.61,-0.56,-1.47,194399.0,36.12,34.8,7.53,11.27,9.94,31.69,38.8
Invesco S&P International Developed Quality ETF,44.71,0.58,1.31,194342.0,42.57,38.14,13.37,26.23,37.56,31.97,44.49
Virtus Reaves Utilities ETF,77.13,-1.56,-1.98,194247.0,80.5,81.02,-5.57,0.39,-4.77,74.6,88.43
Invesco Aerospace & Defense ETF,183.54,4.4,2.46,193850.0,173.63,167.98,4.26,11.49,21.68,143.44,186.3
First Trust Smith Opportunistic Fixed Income ETF,43.1,0.2,0.46,193422.0,43.41,44.02,-0.57,-0.57,-2.47,42.51,45.16
First Trust NASDAQ Clean Edge Green Energy Index Fund,52.29,1.84,3.65,191969.0,58.32,51.38,-16.01,10.48,44.89,34.28,69.2
iShares Prime Money Market ETF,100.33,0.01,0.01,191500.0,100.29,100.34,1.54,9.665,0.09,100.1,100.57
iShares US Consumer Discretionary ETF,102.86,0.24,0.23,191444.0,100.74,101.81,-1.56,-1.67,3.47,93.99,107.36
Roundhill HOOD WeeklyPay ETF,24.25,0.99,4.26,191365.0,27.57,37.57,1.54,9.665,-65.57,20.13,86.16
REX FANG & Innovation Equity Premium Income ETF,41.72,1.41,3.51,190424.0,42.79,43.89,1.54,9.665,-11.78,37.9,49.68
Putnam ETF Trust - Putnam Franklin New York Municipal Income ETF,7.78,0.03,0.39,189314.0,7.89,7.88,1.54,9.665,-2.15,7.69,8.03
WisdomTree Bloomberg U.S. Dollar Bullish Fund,26.46,-0.04,-0.15,188966.0,26.55,26.3,2.32,2.71,0.57,25.14,27.25
First Trust Utilities AlphaDEX Fund,48.45,0.01,0.02,188835.0,48.98,47.97,-2.15,8.69,7.55,43.19,51.62
First Trust Senior Loan Fund,44.86,0.02,0.04,188270.0,44.88,45.31,0.92,1.35,-2.44,44.37,46.15
Fidelity Covington Trust - Fidelity Fundamental Large Cap Core ETF,60.62,0.79,1.32,187974.0,58.6,55.1,1.54,9.665,20.24,49.4,59.87
Tradr 2X Long ONDS Daily ETF,5.47,0.6,12.32,187599.0,6.54,10.22,1.54,9.665,-82.43,2.92,29.78
Timothy Plan High Dividend Stock ETF,43.76,0.46,1.06,187591.0,42.37,40.87,1.54,9.665,12.79,37.54,44.26
Vanguard Morningstar Mid-Cap Growth ETF,307.16,5.61,1.86,187465.0,298.38,284.23,3.99,6.22,4.59,248.23,309.44
Adaptive Alpha Opportunities ETF,34.49,1.22,3.67,186937.0,34.09,30.99,1.54,9.665,11.83,25.65,35.51
Invesco Dorsey Wright Technology Momentum ETF,108.18,6.51,6.41,186429.0,119.0,96.57,-11.9,28.31,46.58,64.29,139.65
iShares MSCI New Zealand ETF,47.72,0.58,1.23,185906.0,45.66,45.39,5.93,4.41,4.13,41.69,48.24
Simplify Volatility Premium ETF,15.77,0.0,0.0,184645.0,16.01,16.66,1.54,9.665,-5.85,15.06,18.41
VanEck Long Muni ETF,17.42,0.1,0.58,184529.0,17.59,17.59,-0.52,1.01,2.73,16.72,17.82
VictoryShares Core Plus Bond ETF,21.5,0.09,0.44,183889.0,21.59,21.87,1.54,9.665,-2.33,21.35,22.41
PIMCO 1-5 Year U.S. TIPS Index Exchange-Traded Fund,52.52,-0.02,-0.04,183053.0,53.23,53.8,-0.32,1.45,-2.61,52.51,54.58
Invesco MSCI EAFE Income Advantage ETF,56.76,0.28,0.5,182901.0,55.53,54.54,1.54,9.665,10.46,50.98,57.12
T-REX 2X Long GLXY Daily Target,5.21,0.07,1.36,182430.0,9.3,13.39,1.54,9.665,-79.07,3.67,56.51
YieldMax AAPL Option Income Strategy ETF,11.64,0.12,1.04,182374.0,12.27,12.64,1.54,9.665,-6.72,11.05,14.21
Sprott Critical Materials ETF,30.82,1.65,5.66,182162.0,31.98,32.35,1.54,9.665,49.21,19.22,40.55
Invesco S&P 500 Equal Weight Consumer Staples ETF,31.14,0.26,0.84,181980.0,30.33,30.13,4.41,8.08,1.28,28.21,33.37
Hartford Total Return Bond ETF,33.33,0.15,0.47,181927.0,33.6,34.05,-0.69,-0.39,-2.34,33.05,34.82
GraniteShares 2x Long AMZN Daily ETF,40.17,-2.19,-5.17,181666.0,33.26,31.78,1.54,9.665,46.53,22.21,43.11
Vanguard Global ex-U.S. Real Estate Index Fund ETF Shares,46.26,0.36,0.78,181427.0,45.33,46.79,-2.54,0.41,-0.43,43.21,50.88
iShares ESG Aware MSCI EAFE ETF,106.38,1.34,1.28,180678.0,102.89,99.02,5.81,12.21,19.12,87.86,105.46
Fidelity MSCI Communication Services Index ETF,71.66,0.6,0.84,180418.0,71.04,71.75,-4.14,-2.54,7.59,65.26,75.94
State Street SPDR MSCI ACWI ex-US ETF,41.1,0.71,1.75,180282.0,40.22,37.96,3.8,13.36,23.97,32.46,41.41
Goldman Sachs Ultra Short Bond ETF,50.4,0.02,0.04,179727.0,50.49,50.54,1.54,9.665,-0.08,50.35,50.83
American Beacon GLG Natural Resources ETF,50.26,1.26,2.57,179632.0,50.41,48.63,1.54,9.665,46.01,33.06,56.37
Innovator Equity Dual Directional 10 Buffer ETF November,20.81,0.14,0.7,179627.0,20.37,19.56,1.54,9.665,8.85,18.34,20.66
Invesco Taxable Municipal Bond ETF,26.48,0.12,0.46,179612.0,26.68,27.06,-0.85,-0.99,-1.49,26.22,27.73
State Street SPDR S&P Semiconductor ETF,525.55,30.39,6.14,179489.0,568.58,416.88,-0.09,51.71,86.06,263.48,658.14
WisdomTree Emerging Markets ex-State-Owned Enterprises Fund,46.99,1.34,2.94,178606.0,47.48,42.85,0.88,17.81,31.07,34.73,51.38
Direxion Daily Aerospace & Defense Bull 3X Shares,85.9,4.37,5.36,178515.0,73.77,72.04,37.32,27.74,38.63,53.3,97.75
Neuberger Short Duration Income ETF,50.57,0.09,0.18,177850.0,50.62,50.97,1.54,9.665,-1.14,50.38,51.57
Goldman Sachs ActiveBeta U.S. Large Cap Equity ETF,147.11,2.45,1.69,176829.0,141.88,134.67,5.45,9.85,17.22,121.12,144.89
State Street SPDR S&P Emerging Markets Dividend ETF,41.95,0.38,0.91,176608.0,41.44,40.46,2.99,7.92,8.68,37.81,43.49
ARK Autonomous Technology & Robotics ETF,124.83,6.21,5.24,176094.0,126.94,122.52,-7.9,3.45,20.27,92.56,144.42
FT Vest Laddered Nasdaq Buffer ETF,39.41,0.57,1.47,175992.0,38.88,36.79,1.54,9.665,15.56,33.4,41.15
FS Specialty Lending Fund,11.39,0.08,0.71,175766.0,11.26,12.47,1.54,9.665,-19.21,10.75,15.0
Invesco BulletShares 2029 High Yield Corporate Bond ETF,21.18,0.06,0.28,175606.0,21.14,21.31,1.54,9.665,-1.54,20.72,21.75
JHancock Core Plus Bond ETF,24.83,0.08,0.34,175215.0,24.99,25.31,1.54,9.665,-2.0,24.63,26.14
Vanguard Short-Term Tax-Exempt Bond ETF Shares,100.61,0.17,0.17,175196.0,101.01,101.48,1.54,9.665,-1.0,100.33,102.71
WisdomTree Efficient Gold Plus Equity Strategy Fund,63.3,1.17,1.88,175039.0,63.35,64.62,1.54,9.665,27.26,48.11,78.89
Sprott Rare Earths Ex-China ETF,17.25,1.27,7.95,174786.0,19.17,20.1,1.54,9.665,-23.47,14.64,25.39
iShares S&P Mid-Cap 400 Value ETF,151.38,2.06,1.38,174671.0,145.6,137.75,4.25,13.12,20.15,122.96,149.87
JPMorgan BetaBuilders Europe ETF,80.21,0.77,0.97,174431.0,77.69,74.97,5.64,10.6,19.87,66.04,79.64
Defiance Daily Target 2X Long I,6.94,0.57,8.95,173904.0,8.98,8.98,1.54,9.665,-56.78,4.23,18.19
iShares Global Healthcare ETF,99.87,-0.04,-0.04,173268.0,97.28,96.21,8.85,3.85,18.4,82.16,103.4
Fidelity MSCI Consumer Staples Index ETF,53.9,0.33,0.63,173134.0,53.14,52.26,-0.16,10.12,5.72,47.88,56.93
Invesco S&P 500 Equal Weight Consumer Discretionary ETF,57.61,0.18,0.31,172206.0,55.54,56.18,2.9,0.13,3.38,50.97,60.34
Leverage Shares 2X Long PYPL Daily ETF,9.03,0.19,2.15,171424.0,6.19,8.58,1.54,9.665,-46.36,4.41,20.91
Invesco DB Base Metals Fund,25.29,0.1,0.4,171391.0,25.01,23.79,1.21,9.68,31.2,19.18,26.71
AB Tax-Aware Intermediate Municipal ETF,25.14,0.04,0.16,171215.0,25.46,25.51,1.54,9.665,1.23,24.62,25.93
iShares Currency Hedged MSCI Emerging Markets ETF,42.0,0.92,2.24,171186.0,43.0,38.68,0.24,18.82,33.61,30.71,46.49
Franklin International Core Dividend Tilt Index ETF,44.2,0.49,1.12,169610.0,42.97,40.87,5.38,14.48,23.23,35.34,44.18
WisdomTree U.S. MidCap Dividend Fund,58.69,0.71,1.22,169307.0,56.36,54.0,4.32,12.81,14.27,49.57,58.33
iShares U.S. Utilities ETF,111.87,-0.65,-0.58,168945.0,113.84,113.45,-4.46,4.85,2.26,105.06,120.82
Vanguard Morningstar Small-Cap Growth ETF,355.86,9.24,2.67,168780.0,350.67,322.96,1.75,12.94,23.25,277.62,366.86
Direxion Daily Utilities Bull 3X Shares,41.33,-0.86,-2.04,168669.0,44.42,45.74,-17.3,4.78,-2.18,36.83,55.21
KraneShares Global Humanoid Robotics and Physical AI Index ETF,38.89,1.38,3.68,168459.0,39.73,34.94,1.54,9.665,36.18,27.42,43.32
Tradr 1X Short Innovation Daily ETF,28.02,-1.35,-4.58,168147.0,28.2,29.67,1.54,9.665,-14.57,25.79,35.67
Fundstrat Granny Shots US Small,30.08,1.02,3.51,167962.0,30.78,28.02,1.54,9.665,17.7,23.08,32.69
Nicholas Global Equity and Income ETF,16.08,0.59,3.78,167956.0,16.74,16.4,1.54,9.665,-12.24,13.26,18.78
Leverage Shares 2X Long NVDA Da,18.68,0.94,5.32,167579.0,18.13,17.8,1.54,9.665,-5.81,12.34,25.34
Schwab Core Bond ETF,25.17,0.1,0.42,166449.0,25.41,25.73,1.54,9.665,-2.36,25.05,26.25
BITWISE HYPERLIQUID ETF,31.24,0.59,1.92,166332.0,35.32,34.8,1.54,9.665,17.51,24.18,43.03
Vanguard Core Tax-Exempt Bond E,75.02,0.22,0.29,166224.0,75.75,75.78,1.54,9.665,2.12,73.06,77.05
State Street SPDR S&P Pharmaceuticals ETF,69.8,1.57,2.3,165935.0,63.8,57.17,18.25,21.77,61.0,41.34,70.15
ProShares Short 20+ Year Treasury,25.19,-0.21,-0.83,165182.0,24.67,24.16,4.32,6.76,5.44,23.01,25.59
"Tweedy, Browne Insider + Value ETF",15.86,0.15,0.95,165102.0,15.05,13.85,1.54,9.665,33.82,11.66,15.95
Putnam ETF Trust - Putnam Franklin Short Term Municipal Income ETF,9.89,0.03,0.25,165034.0,9.92,9.94,1.54,9.665,-0.9,9.71,10.09
Vanguard Consumer Staples Index Fund ETF Shares,231.38,1.28,0.56,164900.0,228.18,224.3,-0.21,10.27,5.95,205.45,244.33
Calvert US Large-Cap Core Responsible Index ETF,97.05,1.75,1.83,164462.0,93.59,87.0,1.54,9.665,22.89,77.38,95.34
Aptus July Deep Buffer ETF,26.31,0.24,0.92,164329.0,25.81,25.77,1.54,9.665,2.32,25.32,26.07
PIMCO Municipal Income Opportunities Active Exchange-Traded Fund,44.89,0.14,0.31,163862.0,45.36,45.48,1.54,9.665,1.77,43.88,46.19
VictoryShares USAA Core Intermediate-Term Bond ETF,46.33,0.15,0.32,163554.0,46.57,47.15,-0.52,-0.31,-2.24,46.01,48.06
Defiance Daily Target 2X Long V,22.45,-4.31,-16.11,163463.0,28.07,35.88,1.54,9.665,-63.48,21.18,78.03
iShares U.S. Insurance ETF,147.4,0.19,0.13,163335.0,139.87,134.18,11.54,10.07,14.76,124.62,152.38
T. Rowe Price Value ETF,43.37,0.42,0.98,162637.0,41.54,37.81,1.54,9.665,31.43,32.58,42.96
Avantis Core Fixed Income ETF,41.01,0.17,0.42,162592.0,41.18,41.72,1.54,9.665,-1.97,40.68,42.54
ProShares Ultra Russell2000,67.34,2.37,3.65,162590.0,63.9,54.21,7.96,34.03,65.95,38.21,68.32
Vanguard FTSE All-World ex-US Small-Cap Index Fund ETF Shares,155.75,3.3,2.16,162586.0,154.91,150.67,-4.27,5.59,12.53,135.13,162.91
Invesco S&P MidCap Quality ETF,118.5,2.28,1.96,162537.0,111.97,106.95,7.25,12.53,15.01,97.49,116.29
VanEck Africa Index ETF,26.73,0.47,1.79,162360.0,26.32,26.56,-2.65,-2.32,23.11,21.0,30.85
Federated Hermes U.S. Strategic Dividend ETF,33.07,0.1,0.3,161990.0,31.97,30.49,1.54,9.665,17.96,27.76,35.11
Tradr 2X Long CEG Daily ETF,13.11,-0.68,-4.93,161871.0,13.14,20.58,1.54,9.665,-53.53,9.81,40.65
State Street SPDR S&P Global Natural Resources ETF,72.96,0.92,1.28,161844.0,70.59,68.54,-2.07,17.85,30.67,54.64,76.14
Dimensional US Core Equity 1 ETF,85.0,1.33,1.58,161810.0,81.8,76.51,1.54,9.665,23.06,67.76,83.72
WisdomTree Trust,31.95,1.01,3.28,161733.0,29.73,31.04,1.54,9.665,-9.82,26.64,34.74
Invesco KBW Premium Yield Equity REIT ETF,18.37,-0.07,-0.38,161649.0,18.29,16.52,12.17,25.41,19.12,14.82,19.35
Sprott Copper Miners ETF,41.21,2.26,5.8,161269.0,39.47,36.92,1.54,9.665,76.79,21.88,47.46
John Hancock Multifactor Mid Cap ETF,76.27,1.32,1.76,160611.0,73.81,69.42,4.78,14.91,20.56,61.52,75.48
Defiance Daily Target 2X Long A,8.19,1.4,20.62,160192.0,14.72,14.72,1.54,9.665,-70.14,4.79,42.72
WisdomTree Interest Rate Hedged U.S. Aggregate Bond Fund,22.59,0.01,0.07,160038.0,22.63,22.56,0.99,2.67,1.03,22.09,22.88
Direxion Daily PANW Bull 2X Shares,57.72,5.77,11.11,160006.0,42.46,24.28,1.54,9.665,194.25,9.85,59.63
Invesco High Yield Equity Dividend Achievers ETF,24.84,0.35,1.44,159483.0,23.42,21.76,8.53,21.78,18.14,19.59,25.06
Schwab International Small-Cap Equity ETF,49.78,0.91,1.86,159106.0,48.83,47.89,-3.37,6.41,13.28,42.95,51.78
Innovator Equity Managed Floor ETF,38.93,0.19,0.5,159003.0,38.47,37.12,1.54,9.665,13.08,33.89,40.12
Tradr 2X Long USAR Daily ETF,11.26,1.76,18.53,158942.0,19.16,23.54,1.54,9.665,-56.6,6.47,73.35
WisdomTree Dynamic International Equity ETF,47.35,0.49,1.05,158826.0,46.45,44.89,4.7,9.46,16.92,39.94,47.85
Aptus Collared Investment Opportunity ETF,47.36,0.85,1.83,158522.0,46.21,44.45,1.54,9.665,12.1,41.13,47.14
T. Rowe Price International Equity ETF,39.63,0.55,1.41,158334.0,38.09,36.07,1.54,9.665,22.2,31.9,39.14
Grayscale Horizen Trust,0.4,0.04,11.17,158155.0,0.54,0.85,1.54,9.665,-55.14,0.36,2.95
Defiance Daily Target 2X Long AMAT ETF,30.78,3.23,11.74,158056.0,34.6,31.97,1.54,9.665,42.49,19.25,62.0
iShares 25+ Year Treasury STRIPS Bond ETF,33.88,0.35,1.04,157526.0,35.63,37.11,1.54,9.665,-12.59,33.32,41.02
JPMorgan International Bond Opportunities ETF,48.0,0.14,0.29,156505.0,48.07,48.5,0.72,0.93,-1.68,47.35,49.43
Palmer Square Credit Opportunities ETF,20.75,0.01,0.05,156221.0,20.75,20.71,1.54,9.665,0.61,19.76,21.03
Federated Hermes Total Return Bond ETF,24.82,0.1,0.4,154584.0,25.01,25.3,1.54,9.665,-1.94,24.65,25.84
Putnam ETF Trust - Franklin Municipal Income ETF,7.75,0.01,0.16,154571.0,7.86,7.85,1.54,9.665,-1.71,7.7,8.0
Invesco S&P Emerging Markets Low Volatility ETF,28.91,0.08,0.28,154326.0,28.31,28.17,0.97,7.72,10.46,26.04,29.97
,19.57,-3.31,-14.48,154184.0,26.32,26.32,1.54,9.665,-22.7,19.29,33.47
WisdomTree U.S. LargeCap Dividend Fund,100.41,1.16,1.17,153549.0,96.98,91.9,4.92,13.03,19.1,83.16,99.35
Defiance Daily Target 2X Short,12.6,-0.95,-7.02,152457.0,15.36,25.15,1.54,9.665,-40.46,8.23,49.23
Tidal Trust II - Defiance Daily 2X Space ETF,27.36,3.92,16.71,152330.0,34.92,32.68,1.54,9.665,-12.54,18.31,83.85
GraniteShares 2x Long GOOGL Daily ETF,31.18,0.73,2.41,151106.0,29.0,26.84,1.54,9.665,21.0,17.77,38.51
Invesco Water Resources ETF,72.88,1.69,2.37,150732.0,67.89,70.01,2.31,-0.0,0.34,63.54,74.93
FT Vest Buffered Allocation Growth ETF,29.87,0.26,0.88,150690.0,29.25,28.02,1.54,9.665,14.37,25.87,29.67
Defiance Daily Target 2X Long V,5.43,1.58,41.04,150639.0,12.02,12.02,1.54,9.665,-71.67,2.19,47.06
iShares U.S. Regional Banks ETF,64.98,0.67,1.03,150488.0,61.26,56.68,8.99,16.56,29.42,47.37,65.32
iShares Cybersecurity and Tech ETF,64.47,2.06,3.3,150266.0,59.11,50.64,1.54,9.665,23.0,40.97,66.09
WisdomTree U.S. Value Fund,107.79,1.31,1.23,149851.0,103.47,97.38,7.21,14.35,22.24,86.33,107.44
Hartford Strategic Income ETF,34.95,0.16,0.46,149584.0,35.11,35.4,1.54,9.665,-1.0,34.58,36.04
REX Drone ETF,22.88,1.46,6.82,149297.0,23.08,24.01,1.54,9.665,-12.33,18.0,30.12
Pacer Developed Markets International Cash Cows 100 ETF,44.03,0.12,0.27,149071.0,43.27,41.64,-0.62,14.28,27.89,34.18,45.7
MicroSectorsTM Oil & Gas Exploration & Production 3X Leveraged ETNs,42.52,-0.55,-1.28,148944.0,39.63,35.74,1.54,9.665,99.49,19.78,61.42
Leverage Shares 2X Long AMD Daily ETF,106.73,16.19,17.89,148899.0,110.19,54.14,1.54,9.665,278.74,16.9,141.38
NYLI MacKay Muni Insured ETF,23.69,0.04,0.17,148878.0,24.01,24.03,-0.42,1.12,2.45,22.96,24.44
WisdomTree International Hedged Quality Dividend Growth Fund,53.58,0.57,1.08,148426.0,52.07,49.83,8.37,10.47,19.23,44.24,53.43
PIMCO Short Term Municipal Bond Active Exchange-Traded Fund,50.17,0.0,0.0,148154.0,50.37,50.5,0.32,1.11,-0.24,50.13,50.9
GraniteShares 2x Long AVGO Dail,41.37,4.8,13.12,148103.0,38.74,36.93,1.54,9.665,30.42,22.99,63.46
iShares U.S. Pharmaceuticals ETF,101.24,0.62,0.62,147464.0,96.96,88.07,16.32,20.55,48.56,64.94,105.02
Angel Oak Ultrashort Income ETF,51.02,0.04,0.08,147344.0,51.09,51.17,1.54,9.665,-0.29,50.96,51.46
Direxion Daily INTC Bull 2X ETF,122.4,21.87,21.75,146367.0,171.1,91.44,1.54,9.665,283.79,23.87,266.71
Bitwise Crypto Industry Innovators ETF,23.46,-0.09,-0.38,146206.0,25.34,23.39,1.54,9.665,22.4,16.65,31.45
iShares Short-Term California Muni Active ETF,50.36,0.04,0.07,146090.0,50.43,50.5,1.54,9.665,-0.28,50.04,51.39
Pabrai Wagons ETF,14.58,0.12,0.83,146011.0,14.39,14.45,1.54,9.665,0.91,13.59,15.83
Invesco Agriculture Commodity Strategy No K-1 ETF,36.92,-0.17,-0.47,145832.0,36.32,35.59,1.54,9.665,7.34,33.69,38.43
iShares MSCI Sweden ETF,53.55,0.95,1.81,145358.0,50.86,50.43,3.63,8.83,18.34,44.16,54.93
Franklin Minnesota Municipal Income ETF,8.71,0.01,0.11,144300.0,8.83,8.84,-0.63,0.25,-1.47,8.66,9.0
Vanguard ESG U.S. Stock ETF,136.42,2.37,1.77,143816.0,131.83,123.39,6.33,11.35,20.53,108.18,134.99
FT Vest Nasdaq-100 Moderate Buf,26.41,0.35,1.34,143267.0,26.16,25.39,1.54,9.665,9.66,23.77,26.64
Spear Alpha ETF,48.59,4.08,9.17,142989.0,51.16,43.2,1.54,9.665,34.72,31.55,59.1
GraniteShares 2x Long ISRG Daily ETF,13.71,-0.58,-4.06,142666.0,17.03,27.07,1.54,9.665,-40.66,11.06,42.6
GraniteShares 2x Short COIN Daily ETF,51.27,-3.26,-5.98,142577.0,51.55,56.49,1.54,9.665,-6.63,28.41,141.65
ARK Blockchain & Fintech Innovation ETF,42.0,1.46,3.6,142545.0,40.44,43.99,-3.57,-14.89,-22.02,35.82,59.2
Principal Active High Yield ETF,18.9,0.04,0.21,142406.0,18.98,19.03,1.06,3.49,-1.92,18.68,19.48
DB Gold Double Long ETN,133.19,1.58,1.2,142264.0,142.59,170.63,-25.14,-18.18,26.48,99.75,252.75
iShares Aaa - A Rated Corporate Bond ETF,46.67,0.23,0.5,141786.0,47.16,47.84,-0.89,-0.81,-3.07,46.41,49.02
iShares Core 80/20 Aggressive Allocation ETF,99.0,1.4,1.43,141414.0,97.01,92.56,2.92,9.12,16.75,83.37,98.68
T. Rowe Price Technology ETF,42.21,1.82,4.51,139999.0,42.1,35.66,1.54,9.665,35.45,28.69,45.76
Goldman Sachs ActiveBeta World,65.52,1.02,1.58,139978.0,63.34,59.68,1.54,9.665,17.42,54.51,64.65
iShares MSCI Turkey ETF,38.87,0.95,2.51,139878.0,39.01,38.25,-9.36,11.89,10.59,31.72,43.98
USCF SummerHaven Dynamic Commodity Strategy No K-1 Fund,28.13,-0.3,-1.06,139812.0,27.73,25.5,-0.07,29.05,31.5,21.57,29.53
Defiance Daily Target 2X Short MSTR ETF,54.27,-3.53,-6.1,139553.0,55.11,58.69,1.54,9.665,136.01,19.78,154.16
Vanguard Industrials Index Fund ETF Shares,358.35,6.72,1.91,139146.0,346.79,324.36,1.52,15.97,21.94,282.03,362.21
Ishares Ibonds Dec 2033 Term Treasury ETF,23.84,0.1,0.42,138921.0,23.98,24.4,1.54,9.665,-3.06,23.73,25.0
Eaton Vance Income Opportunities ETF,49.75,0.19,0.37,138518.0,49.94,50.35,0.45,2.18,-1.11,49.41,51.48
WisdomTree Cybersecurity Fund,40.08,1.63,4.24,138137.0,35.36,29.58,1.54,9.665,27.6,22.49,41.14
iShares iBonds 2026 Term High Yield and Income ETF,22.47,0.02,0.09,138077.0,22.61,22.93,1.54,9.665,-3.09,22.45,23.46
FT Vest Investment Grade & Target Income ETF,18.84,0.15,0.8,138067.0,19.17,19.72,1.54,9.665,-7.38,18.69,22.17
Vaneck Office And Commercial REIT ETF,42.4,-0.09,-0.21,137953.0,40.94,37.7,1.54,9.665,8.81,32.0,43.92
iShares MSCI South Africa ETF,65.96,1.63,2.53,137876.0,64.69,68.57,-4.77,-5.57,16.12,54.69,81.76
Invesco Equal Weight 0-30 Year,26.55,0.16,0.59,137758.0,26.89,27.42,-1.6,-2.28,-4.35,26.24,28.32
Hoya Capital High Dividend Yield ETF,9.56,0.0,0.0,137660.0,9.67,9.48,1.54,9.665,1.0,8.75,10.12
iShares Russell 3000 ETF,439.06,8.0,1.86,137332.0,424.01,398.42,4.32,10.29,20.77,356.2,431.64
Invesco BulletShares 2027 High Yield Corporate Bond ETF,22.4,0.03,0.13,137057.0,22.36,22.5,1.54,9.665,-1.5,22.19,22.86
Grayscale Chainlink Trust ETF,7.28,-0.0,-0.07,136886.0,7.27,10.9,1.54,9.665,-72.25,6.25,69.99
First Trust Growth Strength ETF,39.54,0.73,1.89,136730.0,37.35,36.0,1.54,9.665,11.61,33.0,38.87
Leverage Shares 2X Long UEC Daily ETF,3.79,0.38,11.24,136151.0,4.75,7.71,1.54,9.665,-75.0,2.81,15.46
Leverage Shares 2X Long AMAT Da,18.63,1.8,10.7,135167.0,20.9,20.15,1.54,9.665,15.27,11.96,37.41
NEOS Boosted S&P 500 High Incom,50.82,0.78,1.57,135158.0,49.35,48.39,1.54,9.665,0.95,42.7,51.17
First Eagle Overseas Equity ETF,56.04,0.61,1.1,134282.0,53.86,51.31,1.54,9.665,30.0,42.48,56.04
Tradr 2X Long RGTI Daily ETF,14.23,2.23,18.58,133861.0,20.46,51.37,1.54,9.665,-76.01,8.3,490.05
Direxion Daily ASML Bull 2X ETF,30.27,2.26,8.07,133646.0,33.43,28.17,1.54,9.665,8.36,18.72,43.0
Defiance Daily Target 2X Short OKLO ETF,28.81,-3.16,-9.88,133476.0,25.9,37.29,1.54,9.665,-42.0,14.68,79.59
iShares Copper and Metals Mining ETF,52.82,2.58,5.14,133314.0,51.0,48.01,1.54,9.665,69.98,29.4,60.08
YieldMax MSTR Short Option Income Strategy ETF,26.26,-0.63,-2.34,133192.0,26.88,31.53,1.54,9.665,-15.86,20.85,45.53
FT Vest Laddered Moderate Buffer ETF,28.37,0.18,0.64,133076.0,27.88,26.92,1.54,9.665,11.91,25.18,28.23
iShares ESG 1-5 Year USD Corporate Bond ETF,24.84,0.06,0.22,132636.0,24.91,25.12,0.29,0.76,-1.45,24.77,25.39
Franklin FTSE China ETF,22.22,0.06,0.27,132364.0,21.48,23.38,-3.19,-6.24,-3.05,20.01,26.51
J P MORGAN Exchange-Traded Fund Trust - Preferred and Income Securities ETF,49.9,0.14,0.29,131755.0,49.96,49.96,1.54,9.665,-0.8,49.65,50.34
Eaton Vance Short Duration Municipal Income ETF,50.07,0.06,0.11,131630.0,50.28,50.4,1.54,9.665,-0.47,49.94,50.88
Quadratic Interest Rate Volatility and Inflation Hedge ETF New,17.48,0.02,0.09,131331.0,17.47,18.55,1.54,9.665,-10.28,17.14,20.26
Strategas Macro Thematic Opportunities ETF,43.84,0.33,0.76,130880.0,45.01,41.2,1.54,9.665,22.38,34.07,47.86
Tradr 2X Long GEV Daily ETF,20.49,0.4,1.99,130243.0,21.98,16.58,1.54,9.665,69.68,7.21,30.85
PGIM Active High Yield Bond ETF,34.76,0.11,0.33,129994.0,34.94,35.24,0.33,1.74,-1.98,34.44,35.83
Direxion Daily NVDA Bear 1X Shares,31.86,-0.8,-2.45,129975.0,33.28,36.73,1.54,9.665,-20.61,29.41,45.0
MFS Active International ETF,33.7,0.27,0.81,129886.0,32.44,31.09,1.54,9.665,19.05,27.94,33.49
Leverage Shares 2X Long LULU Daily ETF,6.87,-0.08,-1.13,128712.0,6.64,13.8,1.54,9.665,-57.53,5.14,28.32
Principal U.S. Small-Cap ETF,70.23,1.05,1.52,128602.0,67.5,61.39,8.7,20.15,30.02,52.42,70.56
Aptus Enhanced Yield ETF,21.98,0.01,0.05,128390.0,22.04,22.19,1.54,9.665,-0.77,21.72,22.44
First Trust Financials AlphaDEX Fund,66.93,0.47,0.71,128346.0,62.4,59.9,10.19,10.5,17.15,54.4,66.87
AB US Large Cap Strategic Equit,87.49,1.16,1.34,128307.0,83.67,79.32,1.54,9.665,17.73,71.25,86.49
Defiance Daily Target 2X Long RIOT ETF,30.92,0.52,1.71,128212.0,47.15,43.88,1.54,9.665,-22.35,12.96,153.75
Direxion Daily QCOM Bull 2X ETF,18.45,2.34,14.5,128029.0,29.42,24.91,1.54,9.665,-25.49,13.1,52.18
ProShares UltraShort Energy ETF,17.54,0.16,0.92,127974.0,19.02,24.03,-2.96,-47.27,-53.1,15.65,38.27
Innovator Growth-100 Power Buffer ETF - August,32.64,0.39,1.21,127867.0,31.62,30.16,1.54,9.665,15.38,27.89,32.31
GraniteShares Gold Trust,40.15,0.25,0.63,127540.0,41.23,44.15,-12.1,-6.1,19.71,32.7,54.63
AB Ultra Short Income ETF,50.22,0.03,0.07,127060.0,50.28,50.45,1.54,9.665,-0.67,50.16,50.78
MicroSectors Solactive FANG & Innovation -3X Inverse Leveraged ETNs,21.05,-3.9,-15.63,126906.0,24.45,46.99,1.54,9.665,-76.77,18.44,109.5
Global X U.S. Electrification E,32.88,0.19,0.58,126845.0,33.65,32.01,1.54,9.665,15.11,27.32,35.39
MFS Active Value ETF,29.89,0.19,0.64,126246.0,28.61,27.35,1.54,9.665,18.4,24.98,29.75
iShares MSCI India Small-Cap ETF,71.88,1.17,1.65,126077.0,68.72,68.08,6.65,1.14,-2.54,57.78,75.94
Direxion Daily Real Estate Bear 3X Shares,17.71,0.01,0.06,125933.0,18.6,22.43,-7.02,-31.44,-28.63,16.26,27.75
Global X MSCI Norway ETF,35.12,-0.02,-0.06,125867.0,35.24,33.79,-2.52,25.14,22.4,27.84,39.39
Simplify MBS ETF,48.71,0.2,0.4,125611.0,48.99,49.88,1.54,9.665,-3.33,48.37,50.88
Invesco RAFI Strategic US ETF,69.4,0.75,1.09,125420.0,66.13,60.69,9.11,20.93,32.89,51.49,68.74
YieldMax MSFT Option Income Strategy ETF,12.79,0.13,1.0,124894.0,11.14,13.37,1.54,9.665,-30.74,9.89,18.58
Defiance Nasdaq 100 Target 30 Weekly Distribution ETF,23.04,0.74,3.32,124215.0,23.43,23.29,1.54,9.665,-13.96,19.92,26.02
FlexShares iBoxx 3-Year Target Duration TIPS Index Fund,23.52,0.01,0.04,124197.0,23.86,24.12,-0.56,1.36,-3.01,23.52,24.51
Hartford Municipal Opportunities ETF,38.69,0.18,0.48,124194.0,39.01,39.18,-0.48,0.45,0.69,38.12,39.91
iShares Staked Ethereum Trust ETF,24.14,0.07,0.29,123338.0,23.28,25.96,1.54,9.665,-9.75,19.65,31.72
Range Nuclear Renaissance ETF,66.81,1.52,2.33,122993.0,67.4,68.72,1.54,9.665,7.49,55.55,77.34
Vanguard S&P Mid-Cap 400 Growth Index Fund ETF Shares,144.29,3.03,2.14,122901.0,141.76,130.39,3.23,15.87,22.33,113.78,146.46
Roundhill Humanoid Robotics ETF,32.51,1.37,4.4,122351.0,33.91,31.8,1.54,9.665,20.14,25.79,39.17
Franklin U.S. Equity Index ETF,67.41,1.19,1.79,122071.0,65.17,61.35,5.41,11.4,20.04,55.0,66.51
YieldMax Short N100 Option Inco,9.74,-0.34,-3.33,121490.0,10.06,11.55,1.54,9.665,-27.0,9.66,13.81
Teucrium Corn Fund,17.75,-0.18,-1.0,121357.0,17.46,17.83,-5.56,-0.45,6.09,16.37,19.13
First Trust Small Cap Growth AlphaDEX Fund,124.55,3.37,2.78,121018.0,119.36,104.85,6.65,23.54,49.96,80.0,127.57
UBS ETRACS Gold Shares Covered Call ETN,141.5,0.16,0.11,120733.0,147.75,166.45,-7.51,-4.85,-11.91,138.4,183.61
Xtrackers MSCI EAFE High Dividend Yield Equity ETF,33.74,-0.03,-0.09,120662.0,32.73,31.96,4.59,11.96,16.91,28.78,34.26
Kurv Gold Enhanced Income ETF,26.33,0.12,0.46,120322.0,27.42,30.9,1.54,9.665,3.19,24.88,43.44
VanEck Short High Yield Muni ETF,22.65,0.02,0.09,120057.0,22.77,22.82,0.65,0.91,-0.13,22.53,24.03
iShares MSCI Emerging Markets Multifactor ETF,70.41,1.91,2.79,119722.0,71.26,64.26,0.82,19.38,29.71,52.72,76.58
Pictet AI Enhanced US Equity ET,28.75,0.67,2.39,119689.0,24.95,24.95,1.54,9.665,3.96,23.45,26.39
GraniteShares 2x Long CRWD Dail,74.33,5.92,8.65,119617.0,58.56,36.98,1.54,9.665,121.12,15.25,80.52
iShares Nasdaq Top 30 Stocks ET,37.87,1.27,3.47,119449.0,37.49,33.68,1.54,9.665,26.56,28.71,39.42
Swan Hedged Equity US Large Cap ETF,27.3,0.39,1.45,119282.0,26.65,25.72,1.54,9.665,13.59,23.69,27.19
Columbia Multi-Sector Municipal Income ETF,20.34,0.09,0.44,119156.0,20.54,20.64,-0.06,0.21,1.1,19.88,21.1
Goldman Sachs ActiveBeta Emerging Markets Equity ETF,50.44,1.18,2.4,119146.0,50.65,45.97,1.73,18.36,30.73,37.56,54.29
Innovator International Developed Power Buffer ETF - August,30.81,0.2,0.67,118573.0,30.12,29.09,1.54,9.665,12.96,26.96,30.63
Horizon Kinetics Inflation Beneficiaries ETF,51.41,0.06,0.12,118202.0,50.68,49.25,1.54,9.665,21.22,41.77,55.17
Roundhill Ultra Short Duration,100.53,-0.19,-0.19,118196.0,99.99,99.63,1.54,9.665,1.86,98.51,100.84
FT Vest SMID Rising Dividend Achievers Target Income ETF,23.99,0.27,1.14,118161.0,22.86,22.3,1.54,9.665,13.82,20.55,23.72
Invesco Bulletshares 2033 Corporate Bond ETF,20.85,0.09,0.41,117985.0,20.98,21.29,1.54,9.665,-2.56,20.67,21.86
Westwood Salient Enhanced Midstream Income ETF,29.06,-0.04,-0.14,117677.0,29.28,27.88,1.54,9.665,9.03,24.93,30.43
Global X S&P 500 Catholic Values ETF,91.93,1.67,1.85,117490.0,88.76,84.21,4.55,10.15,17.99,75.62,90.68
Avantis US Small Cap Equity ETF,74.98,1.28,1.74,117432.0,71.26,64.36,1.54,9.665,40.03,51.92,73.99
VanEck Emerging Markets High Yield Bond ETF,19.97,0.02,0.1,117281.0,20.08,20.01,1.31,4.38,0.45,19.45,20.36
Global X MSCI Argentina ETF,93.8,-1.36,-1.43,117047.0,94.07,91.47,4.81,4.47,11.95,66.49,103.97
Leverage Shares 2X Long SPOT Daily ETF,6.73,-0.07,-0.96,117017.0,7.03,8.58,1.54,9.665,-55.09,5.26,15.27
iShares U.S. Small-Cap Equity Factor ETF,89.68,1.92,2.19,116981.0,86.51,79.68,6.59,17.78,26.53,68.77,89.74
First Trust Intermediate Duration Investment Grade Corporate ETF,20.5,0.08,0.39,116919.0,20.62,20.96,1.54,9.665,-3.13,20.3,21.49
iShares iBonds 2028 Term High Yield and Income ETF,23.39,0.03,0.13,116248.0,23.45,23.58,1.54,9.665,-1.14,22.85,23.92
Dimensional Global Sustainability Fixed Income ETF,51.14,0.19,0.38,116090.0,51.78,52.14,1.54,9.665,-3.39,50.55,53.86
Direxion Daily GOOGL Bear 1X Shares,53.4,-0.69,-1.28,115848.0,57.35,65.22,1.54,9.665,-51.86,50.65,112.8
Bitwise COIN Option Income Strategy ETF,10.37,0.01,0.1,115843.0,10.57,14.76,1.54,9.665,-74.03,9.12,45.22
State Street Blackstone High Income ETF,27.88,0.02,0.09,115659.0,27.96,28.16,1.54,9.665,-1.97,27.61,28.69
Amplify Blockchain Technology ETF,62.15,0.87,1.42,115638.0,63.08,60.42,2.09,7.85,7.55,46.9,75.89
Invesco S&P 500 GARP ETF,128.34,1.17,0.92,114757.0,121.81,115.75,7.35,10.71,17.07,103.86,127.26
Vanguard Total World Bond ETF,67.73,0.23,0.33,114623.0,68.06,68.78,-0.08,0.16,-2.65,67.4,70.36
WisdomTree True Developed International Fund,76.42,0.8,1.05,114414.0,74.44,69.67,5.44,16.44,26.9,59.42,76.92
First Trust Developed Markets Ex-US AlphaDEX Fund,92.53,2.07,2.29,114411.0,94.54,88.12,-4.87,14.24,28.11,70.34,101.32
Avantis All International Markets Equity ETF,83.86,1.24,1.5,114381.0,82.55,78.16,1.54,9.665,25.09,65.86,85.48
Roundhill Daily 2X Long Magnifi,57.38,0.54,0.95,114302.0,54.05,54.2,1.54,9.665,25.64,38.72,63.47
Virtus Seix Senior Loan ETF,23.21,0.01,0.04,114148.0,23.2,23.27,1.54,9.665,-1.74,22.91,23.74
Xtrackers US 0-1 Year Treasury,30.13,0.01,0.05,114095.0,30.15,30.13,1.54,9.665,0.13,29.82,30.44
First Trust Dow Jones Global Select Dividend Index Fund,34.9,0.36,1.04,113899.0,33.43,31.97,4.34,16.13,23.4,27.87,34.65
WisdomTree Equity Premium Income Fund,33.29,0.19,0.57,113871.0,32.92,33.11,3.83,6.19,2.89,31.04,33.92
Defiance Daily Target 2X Long ZETA ETF,26.53,3.53,15.35,113789.0,18.97,17.75,1.54,9.665,-3.5,11.82,33.49
Invesco QQQ Income Advantage ET,56.61,1.35,2.44,113728.0,56.37,53.9,1.54,9.665,9.19,48.2,58.53
BNY Mellon Municipal Opportunities ETF,24.67,0.1,0.41,113602.0,24.96,24.9,-0.13,0.93,-1.18,24.1,25.28
Franklin Systematic Style Premia ETF,27.92,-0.13,-0.46,113501.0,27.58,27.18,1.54,9.665,12.56,24.82,29.01
FT Vest U.S. Equity Moderate Buffer ETF - December,40.44,0.17,0.43,113191.0,39.77,38.3,1.54,9.665,13.31,35.52,40.31
Tortoise AI Infrastructure ETF,48.68,0.97,2.03,113145.0,51.46,39.49,1.54,9.665,89.15,24.45,58.63
Roundhill COIN WeeklyPay ETF,7.76,0.29,3.88,113120.0,9.35,17.17,1.54,9.665,-81.49,7.19,48.6
Cambria Emerging Shareholder Yield ETF,46.57,0.77,1.68,112850.0,46.17,42.51,3.04,21.05,24.93,35.89,49.82
Alger Concentrated Equity ETF,40.32,0.91,2.31,112792.0,39.75,35.83,1.54,9.665,27.5,29.47,42.15
iShares Core 30/70 Conservative Allocation ETF,41.36,0.32,0.77,112555.0,41.2,40.72,0.75,3.61,5.16,39.07,41.63
T-Rex 2X Long Apple Daily Target ETF,35.33,1.44,4.25,112223.0,36.34,31.06,1.54,9.665,85.19,18.19,44.0
Tradr 2X Long LRCX Daily ETF,53.99,6.98,14.85,112020.0,69.16,41.89,1.54,9.665,447.86,7.68,113.66
KraneShares MSCI China Clean Technology ETF,24.49,-0.01,-0.06,111932.0,24.79,27.55,-13.57,-9.22,-10.79,23.0,32.95
VictoryShares International Fre,34.9,0.23,0.65,111853.0,33.62,30.84,1.54,9.665,32.91,26.08,37.02
Tradr 2X Long CLS Daily ETF,18.03,2.72,17.77,111584.0,18.75,18.62,1.54,9.665,-18.33,10.65,33.66
Direxion Daily LLY Bull 2X Shares,26.56,-0.17,-0.64,111539.0,28.73,25.19,1.54,9.665,49.85,11.5,34.28
Fidelity International Value Factor ETF,39.83,0.35,0.87,111147.0,38.48,35.84,8.6,17.57,33.88,29.42,39.61
Innovator U.S. Equity 10 Buffer,34.38,0.14,0.4,110717.0,33.85,32.98,1.54,9.665,9.81,31.12,34.24
Vanguard Intermediate-Term Tax-Exempt Bond ETF,99.18,0.18,0.18,110593.0,100.34,100.81,1.54,9.665,0.47,98.39,102.66
State Street SPDR S&P 400 Mid Cap Growth ETF,110.65,2.45,2.26,110547.0,108.68,100.03,3.15,15.86,22.12,87.09,112.17
Vanguard Ultra-Short Treasury ETF,75.47,0.0,0.01,110543.0,75.57,75.56,1.54,9.665,0.11,75.36,76.0
Vanguard New York Tax-Exempt Bo,101.94,0.21,0.21,110358.0,103.11,103.35,1.54,9.665,1.43,100.06,105.51
Invesco International Developed Dynamic Multifactor ETF,34.7,0.49,1.42,109923.0,34.11,32.0,1.54,9.665,25.86,27.0,36.28
Direxion Daily BABA Bull 2X ETF,13.17,0.37,2.89,109908.0,10.64,13.75,1.54,9.665,-43.51,6.87,24.48
iShares U.S. Equity Factor ETF,78.44,1.42,1.84,109674.0,75.58,71.06,6.87,11.5,18.24,63.89,77.15
iShares Future Exponential Technologies ETF,82.12,1.8,2.24,109406.0,81.2,74.92,5.24,15.67,22.04,65.25,84.23
Vanguard Russell 2000 Value Index Fund ETF Shares,200.12,2.12,1.07,109347.0,192.46,174.59,6.98,22.88,39.46,140.28,198.21
Simplify Bond Bull ETF,36.75,-0.06,-0.16,109125.0,38.39,39.38,1.54,9.665,-19.51,35.31,46.02
PLUS Korea Defense Industry Index ETF,42.15,4.49,11.92,109035.0,43.0,50.35,1.54,9.665,-11.99,33.17,67.41
VanEck Short Muni ETF,17.19,-0.01,-0.09,108861.0,17.3,17.34,0.35,0.39,-0.58,17.18,17.53
Tradr 2X Long STX Daily ETF,41.78,1.44,3.57,108669.0,51.95,48.22,1.54,9.665,62.4,22.23,86.89
Defiance Large Cap ex-Mag 7 ETF,26.12,0.61,2.38,108608.0,25.4,23.51,1.54,9.665,20.42,21.08,26.1
Saba Closed-End Funds ETF,25.25,0.3,1.2,108121.0,25.28,23.73,3.6,12.8,11.48,22.05,25.98
Leverage Shares 2X Long OPEN Daily ETF,3.25,0.22,7.26,107973.0,4.24,6.58,1.54,9.665,-80.66,2.5,16.86
AB California Intermediate Municipal ETF,24.84,0.05,0.2,107920.0,25.01,25.11,-0.23,0.56,-0.92,24.73,25.61
Sprott Junior Copper Miners ETF,41.41,1.6,4.02,107822.0,40.77,40.9,1.54,9.665,58.57,24.92,53.95
Franklin New Jersey Municipal Income ETF,8.67,0.03,0.38,107473.0,8.77,8.77,-0.25,0.82,-1.49,8.62,8.91
Defiance Leveraged Long + Incom,8.52,0.46,5.74,107443.0,12.59,43.93,1.54,9.665,-97.97,6.53,458.08
Volatility Shares Trust XRP 2X,22.72,0.06,0.27,107332.0,26.78,78.02,1.54,9.665,-94.01,20.67,491.9
SEI QiM U.S. Large Cap Value Active ETF,50.66,0.93,1.87,107293.0,48.2,43.5,1.54,9.665,38.56,35.72,49.77
Invesco CurrencyShares Euro Currency Trust,106.37,0.18,0.17,107287.0,106.0,107.32,-1.47,-1.39,-0.52,104.6,111.54
Global X MSCI Colombia ETF,46.37,0.43,0.94,107140.0,42.76,39.39,20.9,30.91,53.44,29.71,47.5
iShares MSCI Philippines ETF,25.97,-0.05,-0.19,107049.0,24.95,25.19,7.56,4.45,-0.54,23.17,28.4
Grayscale Hyperliquid Staking ETF Common Units of fractional undivided beneficial interest,19.67,0.45,2.34,106982.0,22.25,22.25,1.54,9.665,-25.67,18.47,27.08
AdvisorShares Pure Cannabis ETF,2.58,0.06,2.38,106881.0,2.8,2.98,1.54,9.665,7.02,2.32,4.53
Invesco RAFI US 1500 Small-Mid ETF,55.8,1.13,2.06,106515.0,53.38,48.92,6.49,17.58,30.85,41.33,56.25
Pacer Trendpilot US Large Cap ETF,60.12,1.04,1.76,106489.0,58.07,56.17,5.35,6.3,14.64,51.46,59.15
Allspring SMID Core ETF,35.25,0.45,1.29,106350.0,33.87,29.61,1.54,9.665,39.18,24.65,35.22
Main Sector Rotation ETF,72.86,1.83,2.58,105917.0,70.74,65.91,6.1,10.62,21.01,58.39,72.66
BondBloxx BB Rated USD High Yield Corporate Bond ETF,40.65,0.13,0.32,105771.0,40.81,41.02,1.54,9.665,-0.89,40.18,41.61
iShares GSCI Commodity Dynamic Roll Strategy ETF,32.03,-0.26,-0.81,105712.0,32.44,30.02,-9.48,29.71,23.95,24.24,36.65
State Street My2028 Corporate Bond ETF,24.83,0.05,0.18,105550.0,24.85,24.99,1.54,9.665,-0.86,24.76,25.27
Pacer Metaurus US Large Cap Dividend Multiplier 400 ETF,46.41,0.52,1.13,105501.0,45.44,43.28,1.54,9.665,15.01,39.12,46.34
PIMCO Senior Loan Active Exchange-Traded Fund,49.05,0.03,0.06,105391.0,49.27,49.85,1.54,9.665,-3.36,48.81,51.12
Invesco S&P 500 Equal Weight Industrials ETF,65.1,1.3,2.04,105335.0,62.37,59.71,2.32,11.17,16.15,53.47,64.5
AB International Buffer ETF,43.1,0.33,0.78,105092.0,42.28,40.96,1.54,9.665,14.29,37.51,43.14
Invesco International Corporate Bond ETF,23.22,0.09,0.39,104900.0,23.19,23.59,-1.25,-1.53,-2.12,22.73,24.56
PGIM Total Return Bond ETF,41.01,0.17,0.42,104798.0,41.33,41.87,1.54,9.665,-2.32,40.67,42.78
T. Rowe Price Blue Chip Growth ETF,51.1,1.12,2.24,104709.0,50.01,48.94,1.54,9.665,8.06,42.26,53.26
GraniteShares 2x Long AAPL Daily ETF,38.04,1.52,4.17,104224.0,39.05,33.18,1.54,9.665,87.34,19.36,47.63
Capital Group International Bond ETF (USD-Hedged),25.47,0.06,0.24,104042.0,25.41,25.42,1.54,9.665,0.59,24.96,26.41
Nomura Focused Emerging Markets Equity ETF,64.67,2.07,3.3,103963.0,67.13,51.33,1.54,9.665,105.48,30.39,78.71
Themes Global Systemically Important Banks ETF,64.38,-0.3,-0.47,103922.0,60.52,54.32,1.54,9.665,44.2,44.6,66.67
FlexShares High Yield Value-Scored Bond Index Fund,40.03,0.13,0.34,103895.0,40.13,40.48,0.87,2.24,-2.0,39.55,41.32
Defiance Daily Target 2X Long U,18.15,4.45,32.45,103715.0,12.15,12.15,1.54,9.665,-34.2,7.21,20.85
Fidelity Small-Mid Multifactor ETF,52.52,1.0,1.94,103636.0,51.04,47.04,5.38,17.58,22.49,41.59,53.0
Simplify Barrier Income ETF,25.89,0.48,1.89,103443.0,25.49,25.71,1.54,9.665,-2.57,24.26,26.78
Calvert International Responsible Index ETF,84.64,1.7,2.04,103411.0,83.45,76.47,1.54,9.665,28.8,64.25,86.98
MicroSectors Energy -3X Inverse Leveraged ETN,3.88,0.09,2.43,103210.0,4.76,7.39,1.54,9.665,-73.92,3.52,15.12
Goldman Sachs Equal Weight U.S. Large Cap Equity ETF,97.43,1.58,1.65,103183.0,93.9,88.65,6.4,13.34,16.39,80.92,96.05
MFS Blended Research International Equity ETF,30.83,0.41,1.35,103144.0,29.95,28.04,1.54,9.665,22.08,24.77,31.03
YieldMax TSM Option Income Strategy ETF,15.52,0.32,2.11,103130.0,16.37,16.16,1.54,9.665,-6.11,14.18,18.02
Putnam ETF Trust - Franklin California Municipal Income ETF,7.27,0.02,0.28,103084.0,7.36,7.35,1.54,9.665,-1.63,7.2,7.47
Motley Fool 100 Index ETF,80.19,1.42,1.8,102782.0,76.62,72.53,5.36,9.75,20.19,63.76,78.97
Roundhill AMD WeeklyPay ETF,93.44,8.38,9.85,102528.0,100.57,67.52,1.54,9.665,52.33,38.3,115.9
Franklin International Aggregate Bond ETF,20.35,0.03,0.15,102416.0,20.39,20.4,0.76,1.28,-1.19,20.12,20.77
AB Short Duration High Yield ETF,35.63,0.09,0.24,102249.0,35.65,35.78,1.54,9.665,-0.99,35.11,36.28
YieldMax MRNA Option Income Strategy ETF,15.01,0.43,2.95,101774.0,16.72,17.18,1.54,9.665,-29.57,13.6,23.38
BNY Mellon Core Bond ETF,41.38,0.16,0.39,101696.0,41.71,42.24,1.54,9.665,-2.28,41.18,43.07
Sprott Silver Miners & Physical,51.48,2.65,5.43,101356.0,52.6,57.36,1.54,9.665,53.07,30.93,85.9
iShares U.S. Oil & Gas Exploration & Production ETF,122.98,-1.13,-0.91,101237.0,116.25,106.56,3.13,42.56,40.35,85.93,130.5
MAX Airlines -3X Inverse Leveraged ETN,2.08,-0.09,-4.15,101159.0,2.67,4.32,1.54,9.665,-74.07,2.08,8.73
Fidelity Yield Enhanced Equity ETF,30.03,0.16,0.52,101030.0,29.27,28.77,1.54,9.665,12.34,26.29,30.14
PGIM Ultra Short Municipal Bond ETF,50.28,0.01,0.03,101004.0,50.41,50.46,1.54,9.665,-0.2,50.25,51.46
Pacer Swan SOS Fund of Funds ETF,34.87,0.19,0.55,100930.0,34.22,32.89,1.54,9.665,12.49,30.69,34.7
Dimensional Inflation-Protected Securities ETF,40.58,0.07,0.17,100675.0,41.29,41.8,1.54,9.665,-3.78,40.38,42.77
Vanguard S&P 500 Value Index Fund ETF Shares,227.43,2.39,1.06,100641.0,221.09,211.18,3.99,10.13,18.8,189.13,226.75
Global X Autonomous & Electric Vehicles ETF,35.0,1.11,3.28,100572.0,37.55,33.41,-10.26,14.78,40.27,24.03,42.76
VanEck ETF Trust - VanEck Fabless Semiconductor ETF,58.68,3.21,5.8,100534.0,60.22,45.92,1.54,9.665,62.48,33.38,68.36
Innovator Growth Accelerated Plus ETF - October,38.53,0.26,0.68,100351.0,37.76,35.22,1.54,9.665,17.99,31.4,38.3
First Trust SkyBridge Crypto Industry and Digital Economy ETF,11.6,0.1,0.89,100341.0,12.64,14.87,1.54,9.665,-46.36,10.75,24.84
iShares Micro-Cap ETF,197.8,4.92,2.55,100204.0,191.15,171.62,5.04,19.49,46.1,130.35,203.28
JPMorgan ActiveBuilders Emerging Markets Equity ETF,61.28,1.62,2.72,99989.0,61.74,55.17,1.54,9.665,36.83,43.53,66.68
Invesco BulletShares 2028 High Yield Corporate Bond ETF,21.79,0.03,0.15,99265.0,21.78,21.89,1.54,9.665,-1.13,21.48,22.24
Ea Bridgeway Blue Chip ETF,17.3,0.32,1.86,99045.0,16.64,15.67,1.54,9.665,21.11,13.98,17.0
F/m US Treasury 6 Month Bill ETF,50.04,0.01,0.01,99026.0,50.08,50.11,1.54,9.665,0.03,49.98,50.22
AB Emerging Markets Opportunities ETF,50.42,1.36,2.77,98321.0,51.0,45.81,-0.81,27.09,35.31,36.26,54.35
3EDGE Dynamic Fixed Income ETF,24.65,0.01,0.05,98276.0,24.73,24.8,1.54,9.665,-0.87,23.81,27.28
Vanguard Morningstar Mega Cap ETF,282.65,5.36,1.93,98137.0,273.19,256.76,4.19,9.3,21.3,228.37,280.1
Bahl & Gaynor Income Growth ETF,37.1,0.45,1.22,98120.0,35.74,33.91,1.54,9.665,19.34,30.5,36.81
F/m US Treasury 30 Year Bond ETF,39.16,0.3,0.77,98061.0,40.13,41.19,1.54,9.665,-6.96,38.58,43.44
Franklin Senior Loan ETF,22.97,0.03,0.13,97863.0,22.93,23.22,1.65,2.15,-4.81,22.57,24.22
iShares 0-5 Year Investment Grade Corporate Bond ETF,50.09,0.08,0.15,97464.0,50.23,50.54,0.49,1.19,-1.03,50.0,50.99
Innovator U.S. Equity Accelerated Plus ETF - October,36.76,0.07,0.2,97290.0,36.07,34.19,1.54,9.665,15.34,28.83,36.69
Avantis U.S. Mid Cap Value ETF,83.17,0.86,1.04,96904.0,80.28,75.28,1.54,9.665,23.83,65.99,82.31
ALPS Sector Dividend Dogs ETF,72.53,0.78,1.09,96728.0,69.59,64.87,8.74,20.96,25.22,57.03,73.8
Tradr 2X Long OPEN Daily ETF,12.86,1.12,9.53,96684.0,17.0,36.49,1.54,9.665,-85.26,9.86,128.45
Franklin XRP ETF,11.74,0.02,0.17,96597.0,12.5,16.24,1.54,9.665,-53.14,11.0,26.09
Eagle Capital Select Equity ETF,34.59,0.1,0.29,95787.0,32.81,32.21,1.54,9.665,16.44,29.23,34.59
ProShares Short High Yield,15.14,-0.04,-0.26,95762.0,15.24,15.34,0.56,1.17,-3.0,15.05,15.71
Direxion Daily MSCI Emerging Markets Bull 3X Shares,76.72,5.45,7.65,95736.0,82.59,68.37,-9.03,30.65,77.16,39.84,103.88
Kurv Silver Enhanced Income ETF,24.71,0.6,2.49,95736.0,27.39,33.15,1.54,9.665,-3.23,23.3,59.97
Direxion Daily ORCL Bear 1X ETF,29.85,-0.54,-1.77,95704.0,29.03,29.74,1.54,9.665,25.3,18.7,38.55
Neuberger Commodity Strategy ETF,28.15,-0.21,-0.74,95696.0,28.07,26.33,1.54,9.665,27.58,21.99,30.81
iShares U.S. Oil Equipment & Services ETF,28.22,0.7,2.54,95423.0,28.43,26.11,-13.68,33.61,54.0,17.26,32.87
GQG US Equity ETF,26.7,0.17,0.64,95152.0,25.99,25.73,1.54,9.665,6.87,23.73,27.51
Sterling Capital Enhanced Core Bond ETF,24.64,0.14,0.55,94873.0,24.85,25.21,1.54,9.665,-2.93,24.5,25.75
FolioBeyond Alternative Income and Interest Rate Hedge ETF,36.58,0.05,0.14,94776.0,36.36,36.15,1.54,9.665,-0.63,35.25,37.5
Fidelity Enhanced High Yield ETF,48.99,0.17,0.35,94716.0,49.07,49.19,0.75,2.76,-0.06,48.0,49.71
ProShares Ultra Technology,147.01,13.31,9.96,94589.0,143.69,108.71,15.97,37.33,67.67,71.36,171.82
Invesco AAA CLO Floating Rate Note ETF,25.59,0.01,0.02,94201.0,25.59,25.57,1.54,9.665,0.1,25.23,25.72
iShares iBonds Dec 2026 Term Muni Bond ETF,25.6,0.01,0.04,94187.0,25.63,25.64,0.51,1.22,-0.08,25.48,25.81
Eldridge AAA CLO ETF,25.51,0.01,0.06,94156.0,25.57,25.55,1.54,9.665,0.33,25.35,25.66
WisdomTree U.S. LargeCap Fund,81.02,1.23,1.55,94152.0,77.98,72.99,4.89,11.54,22.75,64.9,79.87
Calamos Autocallable Growth ETF,29.21,0.96,3.4,94039.0,26.53,26.53,1.54,9.665,11.08,25.0,28.02
Leverage Shares 2X Long GFS Dai,4.71,0.41,9.64,93961.0,7.75,7.75,1.54,9.665,-66.67,3.75,14.16
Defiance Nasdaq 100 LightningSp,43.09,1.48,3.55,93839.0,44.97,45.56,1.54,9.665,-17.68,37.4,52.35
Avantis Core Municipal Fixed Income ETF,45.43,0.01,0.03,93300.0,46.16,46.23,1.54,9.665,2.46,44.13,47.14
T-Rex 2X Long Alphabet Daily Target ETF,87.94,1.38,1.59,93123.0,82.0,73.3,1.54,9.665,196.03,29.0,107.5
AB Short Duration Income ETF,35.38,0.06,0.18,93035.0,35.46,35.7,1.54,9.665,-1.19,35.0,36.15
Franklin Bitcoin ETF,37.11,0.22,0.6,92915.0,37.51,45.64,1.54,9.665,-43.94,33.5,73.16
Roundhill Russell 2000 0DTE Covered Call Strategy ETF,28.9,0.31,1.07,92809.0,28.78,29.71,1.54,9.665,-14.49,26.35,34.25
Hashdex Nasdaq CME Crypto Index ETF,16.02,0.08,0.51,92507.0,16.14,20.22,1.54,9.665,-47.01,14.38,34.26
Direxion Daily COIN Bull 2X ETF,5.15,0.12,2.39,92358.0,6.53,12.05,1.54,9.665,-79.74,4.34,28.34
Simplify US Equity PLUS Bitcoin Strategy ETF,49.11,0.93,1.93,92253.0,47.5,45.4,1.54,9.665,14.1,40.29,48.72
iShares MSCI Israel ETF,122.78,3.13,2.61,91926.0,123.67,118.37,-8.17,9.13,34.92,87.0,138.85
iShares iBonds Dec 2033 Term Corporate ETF,25.42,0.12,0.47,91812.0,25.6,25.96,1.54,9.665,-2.43,25.28,26.52
JPMorgan BetaBuilders USD High Yield Corporate Bond ETF,45.72,0.13,0.29,91726.0,45.9,46.26,0.7,2.13,-1.75,45.23,47.11
iShares Intermediate Government/Credit Bond ETF,105.39,0.25,0.23,91667.0,105.71,106.81,-0.24,-0.11,-1.52,105.0,108.34
EMQQ The Emerging Markets Internet ETF,35.12,0.25,0.71,91513.0,32.39,37.01,1.5,-13.58,-14.79,30.0,47.0
Columbia EM Core ex-China ETF,49.56,1.72,3.6,91504.0,50.5,43.83,1.23,24.71,39.84,33.9,55.43
iShares Emerging Markets Dividend ETF,34.23,0.0,0.0,91105.0,33.47,33.12,-0.52,12.05,18.36,28.63,35.95
Tidal Trust Ii - Defiance Daily Target 2X Long MP ETF,10.68,1.5,16.3,91076.0,15.93,22.66,1.54,9.665,-82.78,6.96,54.99
Franklin U.S. Large Cap Multifactor Index ETF,79.49,1.54,1.98,91012.0,77.28,72.29,4.84,13.02,21.04,64.29,78.78
Invesco Global Clean Energy ETF,18.32,0.68,3.85,90594.0,19.57,18.24,-16.95,8.2,31.15,13.42,22.58
NEOS Real Estate High Income ET,49.92,-0.07,-0.14,90101.0,49.51,49.35,1.54,9.665,-0.71,46.29,51.21
Fidelity Solana Fund,8.76,0.02,0.23,89948.0,8.9,11.36,1.54,9.665,-48.16,7.26,17.48
Tidal Trust II - Defiance Daily Target 2X Long QS ETF,6.7,0.77,12.98,89576.0,14.43,33.13,1.54,9.665,-93.09,7.0,146.76
NestYield Dynamic Income ETF,35.71,1.52,4.45,89508.0,38.82,36.53,1.54,9.665,-12.0,29.15,45.95
Rockefeller Opportunistic Municipal Bond ETF,25.1,0.09,0.34,89126.0,25.34,25.19,1.54,9.665,2.98,24.01,25.61
iShares Core 40/60 Moderate Allocation ETF,49.84,0.47,0.95,89007.0,49.44,48.52,1.2,4.36,7.33,45.97,50.1
Janus Henderson Securitized Income ETF,51.11,0.15,0.3,88956.0,51.32,51.87,1.54,9.665,-2.91,50.92,53.15
Defiance Daily Target 2X Long Oust ETF,24.91,5.17,26.19,88935.0,16.17,16.17,1.54,9.665,-9.7,10.83,23.4
Sprott Nickel Miners ETF,13.73,0.65,4.97,88531.0,13.64,15.71,1.54,9.665,9.41,11.91,21.86
Leverage Shares 2X Long NET Daily ETF,19.72,2.2,12.54,88467.0,14.15,12.39,1.54,9.665,24.72,7.4,18.7
YieldMax HOOD Option Income Strategy ETF,26.31,0.67,2.61,88446.0,29.72,38.97,1.54,9.665,-62.49,23.85,80.99
First Trust Ultra Short Duration Municipal ETF,20.04,0.02,0.1,88440.0,20.07,20.08,0.54,1.39,-0.65,19.98,20.72
ProShares S&P 500 High Income E,48.7,0.55,1.14,88378.0,47.95,46.2,1.54,9.665,13.0,42.1,49.08
Bushido Capital US SMID Cap Equ,37.12,0.69,1.89,88371.0,32.98,29.73,1.54,9.665,39.03,25.88,36.78
iShares iBonds Dec 2027 Term Muni Bond ETF,25.31,-0.06,-0.24,87805.0,25.39,25.4,1.54,9.665,-0.2,25.29,25.57
Bondbloxx Bloomberg Ten Year Target Duration US Treasury ETF,44.52,0.3,0.68,87688.0,45.08,46.0,1.54,9.665,-4.35,44.12,47.5
American Century Small Cap Growth Insights ETF,49.98,1.39,2.86,87640.0,48.09,43.49,1.54,9.665,20.39,37.91,50.87
Defiance Daily Target 2x Long P,9.92,1.09,12.34,87426.0,23.94,28.51,1.54,9.665,-59.18,7.02,71.0
Invesco S&P SmallCap 600 Revenue ETF,62.81,0.95,1.54,87370.0,58.76,52.99,9.15,25.73,40.65,43.36,62.38
Innovator Equity Dual Directional 10 Buffer ETF - July,22.36,0.17,0.77,87218.0,21.92,21.22,1.54,9.665,11.56,19.82,22.26
Fidelity Disruptive Technology ETF,54.61,2.8,5.4,86975.0,53.73,44.33,1.54,9.665,32.92,34.84,62.47
Aptus January Buffer ETF,27.76,0.17,0.61,86833.0,27.2,26.08,1.54,9.665,10.46,24.68,27.63
T-REX 2X Long SBET Daily Target,2.44,0.06,2.52,86751.0,2.14,6.4,1.54,9.665,-89.95,1.3,25.68
Columbia Short Duration Bond ETF,18.72,0.09,0.48,86654.0,18.73,18.86,1.54,9.665,-0.93,18.54,19.08
AB Conservative Buffer ETF,43.16,0.15,0.35,86616.0,42.52,41.57,1.54,9.665,8.05,39.71,43.01
Aptus October Buffer ETF,27.68,0.15,0.53,86288.0,27.14,26.01,1.54,9.665,10.31,24.6,27.58
State Street SPDR S&P Telecom ETF,222.35,8.51,3.98,86258.0,221.55,186.97,-7.37,36.86,73.74,122.04,247.62
Fidelity Investment Grade Bond ETF,42.39,0.18,0.43,85939.0,42.69,43.25,1.54,9.665,-2.34,42.04,44.2
Bondbloxx Bloomberg Twenty Year Target Duration US Treasury ETF,35.56,0.37,1.04,85742.0,36.75,37.88,1.54,9.665,-8.77,35.08,40.52
Invesco Dynamic Leisure and Entertainment ETF,67.23,0.42,0.63,85716.0,65.06,61.23,9.71,9.41,17.58,55.66,68.36
Alerian Energy Infrastructure ETF,39.02,-0.23,-0.59,85619.0,38.86,35.45,2.46,27.44,22.58,29.83,40.95
Tradr 2X Long Innovation 100 Monthly ETF,233.29,14.38,6.57,85592.0,230.96,197.02,1.54,9.665,38.3,145.39,253.87
Fidelity International High Dividend ETF,29.15,-0.01,-0.03,85395.0,28.09,27.1,4.92,15.42,23.74,23.51,29.53
First Trust Emerging Markets AlphaDEX Fund,32.07,0.98,3.14,85181.0,31.8,30.0,-7.22,13.37,23.0,25.23,35.61
Leverage Shares 2X Long ASML Daily ETF,46.24,3.43,8.02,85100.0,51.1,36.99,1.54,9.665,272.09,11.35,65.82
First Trust Short Duration Managed Municipal ETF,19.92,0.03,0.15,85081.0,19.97,20.04,0.4,1.08,-0.5,19.8,20.25
FT Vest U.S. Equity Buffer ETF - July,61.18,0.53,0.87,84898.0,59.45,56.91,1.54,9.665,15.09,52.66,60.66
Timothy Plan Free Cash Flow ETF,26.68,0.07,0.25,84671.0,37.235,36.85,1.54,9.665,7.35,0.0,0.0
Pacer Data & Infrastructure Real Estate ETF,31.93,0.73,2.34,84585.0,32.45,31.79,-11.3,9.97,-1.61,28.45,35.81
JPMorgan U.S. Research Enhanced Large Cap ETF,69.72,1.12,1.63,84373.0,67.12,63.28,1.54,9.665,20.6,56.88,68.62
"United States Gasoline Fund, LP",107.25,-4.47,-4.0,84268.0,109.63,87.73,-1.77,91.06,79.64,60.4,126.75
PIMCO Mortgage-Backed Securitie,48.67,0.27,0.57,84237.0,49.09,49.63,1.54,9.665,-1.27,47.99,50.95
First Trust Indxx Aerospace & Defense ETF,46.47,2.16,4.87,83910.0,45.18,45.23,1.54,9.665,14.61,37.9,51.1
Harbor Long-Term Growers ETF,33.85,0.7,2.11,83904.0,32.53,31.08,1.54,9.665,12.3,26.62,34.12
Amplify SILJ Covered Call ETF,27.7,0.98,3.67,83856.0,30.11,32.88,1.54,9.665,14.23,24.42,46.99
American Century U.S. Quality Growth ETF,119.15,3.22,2.78,83349.0,115.69,113.1,3.28,1.31,6.8,101.05,118.81
ProShares Ultra Financials,98.79,1.67,1.72,83279.0,87.62,86.53,17.96,4.93,5.4,68.44,104.32
Avantis Real Estate ETF,48.69,-0.01,-0.02,83278.0,47.94,45.9,1.54,9.665,10.28,42.98,49.72
Fidelity MSCI Industrials Index ETF,98.97,1.84,1.89,83235.0,95.87,89.76,4.1,18.39,21.62,78.27,100.0
iShares iBonds Dec 2028 Term Muni Bond ETF,25.46,0.01,0.04,82992.0,25.52,25.56,1.54,9.665,-0.39,25.41,25.83
ProShares Ultra S&P 500 Equal Weight,52.19,1.41,2.78,82806.0,48.22,43.83,1.54,9.665,24.62,36.9,51.65
JPMorgan Small & Mid Cap Enhanced Equity ETF,78.63,1.27,1.64,82721.0,75.95,69.61,1.54,9.665,28.85,59.45,78.23
Roundhill S&P 500 Target 20 Managed Distribution ETF,54.25,1.01,1.9,82668.0,53.2,53.13,1.54,9.665,-1.59,47.35,56.51
State Street SPDR ICE Preferred Securities ETF,30.13,-0.03,-0.1,82595.0,30.57,31.57,-2.34,-1.1,-6.83,30.12,33.77
iShares MSCI USA Equal Weighted ETF,117.68,1.85,1.6,82527.0,113.38,107.12,5.48,11.41,15.73,98.54,116.11
Invesco Large Cap Growth ETF,161.62,6.28,4.04,82472.0,158.96,139.76,4.59,20.52,31.74,117.2,169.01
Dimensional International Core Fixed Income ETF,52.53,0.14,0.27,82219.0,53.07,53.17,1.54,9.665,-2.37,51.9,54.73
Avantis ALL Equity Markets Value ETF,87.69,0.98,1.13,82174.0,85.19,78.9,1.54,9.665,30.9,65.82,87.03
Avantis Emerging Markets Value ETF,65.0,1.98,3.14,82113.0,65.27,62.24,1.54,9.665,15.61,54.36,69.06
Direxion Daily Uranium Bull 2X ETF,23.67,1.46,6.57,81977.0,26.56,37.3,1.54,9.665,-26.51,18.89,63.13
Amplify Online Retail ETF,74.45,1.48,2.02,81791.0,68.99,69.56,6.99,-1.97,2.92,58.08,79.06
Schwab Crypto Thematic Natural Language Processing ETF,65.09,0.16,0.25,81698.0,71.16,68.84,1.54,9.665,22.16,48.35,109.64
DoubleLine Opportunistic Core Bond ETF,44.99,0.17,0.37,81614.0,45.31,46.03,1.54,9.665,-2.9,44.75,47.05
FT Vest Technology Dividend Target Income ETF,31.71,0.98,3.19,81528.0,31.66,29.2,1.54,9.665,15.74,25.63,35.57
PGIM Laddered S&P 500 Buffer 20 ETF,31.06,0.12,0.39,81509.0,30.58,29.61,1.54,9.665,10.94,27.85,33.45
Aptus Drawdown Managed Equity ETF,56.94,1.02,1.82,81397.0,55.47,52.75,3.38,9.26,15.19,48.24,56.67
Return Stacked U.S. Stocks & Managed Futures ETF,33.4,0.69,2.13,81113.0,32.9,30.31,1.54,9.665,41.76,22.94,34.79
Kurv Memory Select ETF,18.0,1.24,7.43,81084.0,18.95,18.95,1.54,9.665,-27.51,14.55,27.25
iShares ESG Aware MSCI USA Small-Cap ETF,55.75,1.18,2.17,80602.0,53.96,49.48,6.06,19.19,29.79,41.66,56.07
BNY Mellon Municipal Intermediate ETF,25.96,0.07,0.27,80585.0,26.22,26.35,-0.89,-0.55,-2.38,25.82,26.88
Amplify Digital Payments ETF,51.68,0.92,1.81,80556.0,46.66,48.43,1.54,9.665,-10.4,41.26,60.99
Janus Henderson AA-A CLO ETF,49.89,-0.18,-0.36,80493.0,50.08,50.08,1.54,9.665,0.2,49.85,50.25
Direxion Daily BRKB Bull 2X ETF,24.29,0.35,1.46,80468.0,22.28,23.14,1.54,9.665,5.7,20.25,26.8
Franklin Focused Dynamic Growth ETF,50.29,1.4,2.86,80459.0,49.66,46.89,1.54,9.665,8.58,38.89,52.5
State Street Multi-Asset Real Return ETF,35.96,0.05,0.14,80341.0,35.7,34.4,-1.94,15.76,21.77,29.38,37.43
SoFi Enhanced Yield ETF,15.68,0.0,0.0,80033.0,15.53,15.34,1.54,9.665,4.12,14.6,16.07
VegaShares US Equity Autocallab,25.15,0.52,2.13,79873.0,37.235,36.85,1.54,9.665,7.35,0.0,0.0
ActivePassive U.S. Equity ETF,47.69,0.87,1.86,79823.0,45.93,43.04,1.54,9.665,22.5,38.18,46.84
Roundhill ETF Trust - Roundhill TSLA WeeklyPay ETF,16.79,0.38,2.35,79758.0,21.86,27.87,1.54,9.665,-46.94,15.02,43.59
Goldman Sachs Access U.S. Aggregate Bond ETF,40.57,0.16,0.4,79684.0,40.89,41.4,1.54,9.665,-2.24,40.38,42.22
UBS ETRACS Crude Oil Shares Covered Call ETN,44.44,-0.52,-1.16,79609.0,48.23,50.97,-8.03,32.29,-14.63,41.9,61.3
Simplify High Yield ETF,20.72,0.11,0.54,79581.0,21.0,21.8,1.54,9.665,-11.28,20.42,23.33
Amplify Travel Tech ETF,19.92,-0.02,-0.11,79491.0,17.96,18.69,1.54,9.665,-7.0,15.5,23.24
JPMorgan BetaBuilders U.S. Aggregate Bond ETF,45.25,0.16,0.36,79355.0,45.63,46.23,-0.7,-0.39,-2.37,44.71,47.18
MicroSectors FANG+ ETN,79.73,3.15,4.11,79352.0,74.51,69.29,1.54,9.665,18.69,56.7,80.76
iPath Series B S&P 500 VIX Mid-Term Futures ETN,50.71,0.09,0.18,79346.0,52.19,54.84,-8.26,-5.37,-14.33,49.87,62.08
GMO International Quality ETF,27.7,0.35,1.28,79193.0,26.66,26.41,1.54,9.665,11.74,24.22,28.15
Invesco CEF Income Composite ETF,20.29,0.16,0.79,79182.0,20.12,19.87,2.28,5.33,2.13,18.3,20.44
Vanguard ESG International Stock ETF,82.08,1.56,1.94,79170.0,81.05,75.78,4.29,14.03,22.91,65.21,85.16
Dimensional California Municipal Bond ETF,49.6,0.07,0.14,79027.0,49.98,50.14,1.54,9.665,0.57,49.16,50.78
State Street SPDR S&P 400 Mid Cap Value ETF,97.32,1.42,1.48,79016.0,93.6,88.61,4.25,13.24,20.07,79.06,96.25
Vanguard Total Corporate Bond ETF ETF Shares,75.53,0.39,0.53,78900.0,76.27,77.29,-0.72,-0.41,-3.03,75.06,79.24
Fidelity MSCI Financials Index ETF,82.51,0.7,0.86,78803.0,77.4,75.23,10.84,6.28,11.29,67.76,82.07
SP Funds S&P Global REIT Sharia ETF,21.51,-0.0,-0.02,78736.0,21.31,20.42,1.54,9.665,12.23,18.92,21.91
Direxion Daily Healthcare Bull 3X Shares,117.48,-0.42,-0.36,78259.0,108.03,104.04,33.59,6.98,60.76,66.0,132.0
Schwab Ultra-Short Income ETF,25.12,0.01,0.04,78241.0,25.15,25.19,1.54,9.665,-0.1,25.1,25.33
State Street SPDR S&P Kensho New Economies Composite ETF,69.86,2.23,3.3,78151.0,69.26,64.52,2.18,13.53,21.66,54.97,75.61
MFS Active Core Plus Bond ETF,24.68,0.09,0.39,77760.0,24.86,25.12,1.54,9.665,-1.86,24.5,25.57
Tradr 2X Short SMR Daily ETF,19.75,-2.3,-10.43,77731.0,25.07,32.41,1.54,9.665,-22.55,14.45,67.83
First Trust Innovation Leaders ETF,38.66,1.33,3.57,77729.0,38.01,34.19,1.54,9.665,24.15,28.19,40.99
Nomura Focused Large Growth ETF,29.64,0.21,0.71,77719.0,28.03,28.18,1.54,9.665,-0.19,24.75,30.74
Fitz-Gerald Must Have Portfolio,25.3,0.74,3.02,77634.0,24.38,24.38,1.54,9.665,-2.84,23.43,36.3
VanEck Emerging Markets Bond ETF,51.23,0.27,0.53,77615.0,51.18,51.03,0.74,3.91,4.51,48.76,54.61
Xtrackers International Real Estate ETF,23.15,0.11,0.46,77539.0,22.78,23.52,-2.33,0.37,0.88,21.84,25.73
Leverage Shares 2X Long COST Da,12.86,-0.17,-1.28,77484.0,13.32,13.92,1.54,9.665,-11.57,11.14,17.8
Vanguard U.S. Momentum Factor ETF ETF Shares,234.01,7.32,3.23,77338.0,233.94,210.65,1.52,18.9,29.2,172.91,250.2
Pacer Trendpilot 100 ETF,87.23,2.85,3.38,77108.0,86.21,80.71,3.88,7.31,16.68,71.56,90.15
iShares Securitized Income Active ETF,49.59,0.09,0.18,76865.0,49.67,49.86,0.91,2.06,-1.5,49.23,50.87
iShares MSCI Brazil Small-Cap ETF,13.08,-0.12,-0.92,76849.0,13.28,14.03,-11.43,3.22,9.35,12.0,16.46
Capital Group Ultra Short Income ETF,25.31,0.01,0.04,76829.0,25.33,25.33,1.54,9.665,0.04,25.2,25.41
iShares Interest Rate Hedged High Yield Bond ETF,86.49,0.29,0.34,76788.0,86.5,86.24,1.66,3.81,0.81,84.78,87.19
KraneShares 2x Long PDD Daily ETF,6.39,0.11,1.75,76737.0,5.59,11.61,1.54,9.665,-68.32,4.1,29.15
Canary XRP ETF,11.45,-0.02,-0.17,76659.0,12.16,16.14,1.54,9.665,-53.29,10.75,26.89
ProShares High Yield—Interest Rate Hedged,64.59,-0.11,-0.17,76612.0,64.76,64.49,1.61,4.38,0.17,63.0,66.34
REX TSLA Growth & Income ETF,12.26,0.12,1.02,76595.0,16.28,21.46,1.54,9.665,-44.04,11.12,30.39
iShares U.S. Financial Services ETF,97.36,0.93,0.96,76419.0,91.51,88.97,8.75,4.14,12.43,79.87,96.54
Direxion Daily Dow Jones Internet Bear 3X Shares,14.78,-0.86,-5.5,76341.0,18.45,21.37,1.54,9.665,-26.68,14.99,33.25
Direxion Daily Magnificent 7 Bull 2X Shares,57.85,0.71,1.24,75929.0,54.37,54.54,1.54,9.665,22.12,38.42,66.97
Jpmorgan Equity Focus ETF,82.83,1.49,1.83,75886.0,79.85,76.46,1.54,9.665,15.25,69.68,81.37
BondBloxx CCC Rated USD High Yield Corporate Bond ETF,35.9,0.15,0.42,75811.0,36.43,37.29,1.54,9.665,-7.25,35.71,39.35
Tradr 2X Short ORCL Daily ETF,17.49,-0.91,-4.93,75764.0,25.41,25.41,1.54,9.665,-20.83,18.11,29.82
First Trust NASDAQ Technology Dividend Index Fund,116.01,3.9,3.48,75451.0,114.38,103.32,3.37,16.56,24.3,89.7,128.5
Defender Risk Adaptive 500 ETF,28.31,0.45,1.61,75382.0,27.33,27.04,1.54,9.665,8.62,25.46,27.86
iShares iBonds Dec 2029 Term Muni Bond ETF,25.23,0.05,0.18,75361.0,25.32,25.42,1.54,9.665,-0.85,25.15,25.77
Direxion Daily Magnificent 7 Bear 1X Shares,12.32,-0.09,-0.68,75271.0,12.9,13.26,1.54,9.665,-18.41,12.01,15.52
Invesco S&P SmallCap Consumer Staples ETF,37.51,0.32,0.86,75253.0,35.18,33.17,9.23,19.62,6.98,30.6,38.02
Fidelity MSCI Consumer Discretionary Index ETF,104.1,0.43,0.41,74984.0,101.45,100.87,1.52,1.88,9.69,89.95,107.45
Defiance Nasdaq 100 Income Targ,18.12,0.55,3.15,74977.0,18.38,17.7,1.54,9.665,-0.95,15.24,19.45
GraniteShares 2x Long MARA Daily ETF,45.36,-0.06,-0.12,74817.0,63.67,72.73,1.54,9.665,-75.2,22.14,366.3
AB Core Bond ETF,29.12,0.14,0.48,74552.0,29.34,29.7,-0.84,-0.91,-3.54,28.97,30.36
State Street Ultra Short Term Bond ETF,40.31,0.03,0.07,74376.0,40.37,40.49,0.79,1.77,-0.64,40.2,40.72
Direxion Daily S&P 500 High Beta Bull 3X Shares,111.2,11.6,11.65,74306.0,112.42,82.01,1.54,9.665,108.85,45.51,138.11
T-REX 2X Long SNOW Daily Target,61.87,3.29,5.62,74285.0,40.44,37.13,1.54,9.665,30.44,10.51,76.32
Vanguard Russell 2000 Growth Index Fund ETF Shares,283.62,7.25,2.62,74274.0,277.53,252.64,3.19,15.04,29.2,210.99,289.14
Vanguard Consumer Discretionary Index Fund ETF Shares,401.13,1.47,0.37,74254.0,390.82,388.59,-0.4,-0.29,9.72,346.48,414.28
Invesco Bulletshares 2030 High Yield Corporate Bond ETF,25.78,0.07,0.26,74239.0,25.77,25.92,1.54,9.665,-1.08,25.22,26.35
Federated Hermes MDT Small Cap Core ETF,36.26,0.53,1.48,74229.0,35.52,32.14,1.54,9.665,34.36,26.38,37.52
State Street Energy Select Sector SPDR Premium Income ETF,26.6,0.01,0.04,74200.0,26.25,25.84,1.54,9.665,11.38,23.66,29.5
MicroSectors 3? Long Artificial,18.16,3.5,23.84,74198.0,20.04,20.04,1.54,9.665,-37.71,14.86,25.3
Innovator Laddered Allocation Power Buffer ETF,53.6,0.36,0.68,74014.0,52.61,50.73,2.94,6.78,12.01,47.04,53.28
Fidelity Emerging Markets Multifactor ETF,35.79,0.8,2.28,73718.0,35.91,33.38,0.24,15.11,23.0,28.38,38.32
Overlay Shares Hedged Large Cap Equity ETF,42.78,0.66,1.56,73711.0,41.72,40.09,1.54,9.665,13.07,37.25,42.52
MicroSectors Energy 3X Leveraged ETN,17.96,-0.53,-2.86,73657.0,16.11,14.51,1.54,9.665,102.74,8.6,25.81
Distillate U.S. Fundamental Stability & Value ETF,66.56,0.9,1.37,73613.0,61.27,59.63,10.2,12.17,19.25,54.66,67.44
Nuveen ESG Large-Cap Value ETF,53.08,0.66,1.26,73455.0,50.79,47.55,5.29,16.36,24.87,41.78,52.46
FT Energy Income Partners Enhanced Income ETF,22.29,-0.02,-0.09,73375.0,22.15,21.36,1.54,9.665,12.9,19.37,22.96
ProShares Short MSCI Emerging Markets,16.0,-0.42,-2.56,73212.0,16.08,18.27,-1.92,-16.67,-28.01,15.01,22.98
Volatility Shares Trust XRP ETF,5.9,-0.01,-0.17,73169.0,6.32,9.24,1.54,9.665,-68.02,5.6,21.17
Vanguard High-Yield Active ETF,74.4,0.27,0.36,72944.0,74.59,74.97,1.54,9.665,-1.36,73.5,77.52
State Street SPDR S&P Software & Services ETF,193.19,5.11,2.72,72915.0,172.47,170.54,19.92,0.51,2.55,135.19,205.76
Global X MSCI Greece ETF,82.75,0.8,0.98,72460.0,75.84,69.89,18.15,25.24,30.12,60.53,82.2
FT Vest U.S. Equity Enhance & Moderate Buffer ETF - July,41.43,0.21,0.52,72415.0,40.68,39.56,1.54,9.665,10.04,37.43,41.26
Simplify Target 15 Distribution ETF,24.91,0.43,1.74,72233.0,24.62,25.19,1.54,9.665,-7.27,23.4,27.47
Franklin FTSE Brazil ETF,22.41,-0.31,-1.36,72012.0,22.04,21.93,-6.75,20.71,33.65,16.91,26.25
Franklin U.S. Treasury Bond ETF,20.0,0.07,0.35,71946.0,20.16,20.44,1.54,9.665,-2.95,19.92,20.89
EA Bridgeway Omni Small-Cap Value ETF,30.06,0.28,0.94,71933.0,28.68,25.83,1.54,9.665,43.29,20.38,29.78
T-REX 2X Long FIGR Daily Target,7.91,0.41,5.41,71854.0,10.38,13.82,1.54,9.665,-67.39,6.05,26.1
Avantis All Equity Markets ETF,101.31,1.47,1.47,71799.0,98.6,91.51,1.54,9.665,27.23,78.39,100.3
Tradr 2X Long UPST Daily ETF,16.24,0.99,6.49,71746.0,17.98,32.69,1.54,9.665,-93.67,11.91,253.4
Hedgeye Capital Allocation ETF,27.54,0.11,0.39,71539.0,27.33,28.3,1.54,9.665,8.81,25.03,30.9
Leverage Shares 2X Long KLAC Daily ETF,28.73,3.51,13.92,71452.0,41.41,29.45,1.54,9.665,54.8,15.95,77.55
Invesco Russell 1000 Dynamic Multifactor ETF,70.93,1.0,1.44,71274.0,68.42,63.79,6.36,14.92,20.92,57.12,70.02
Portfolio Building Block World Pharma And Biotech Index ETF,26.99,0.14,0.54,71188.0,26.5,25.86,1.54,9.665,8.38,24.18,28.25
Roundhill Bitcoin Covered Call Strategy ETF,17.69,0.12,0.68,71186.0,18.16,24.87,1.54,9.665,-62.67,16.3,48.85
Innovator Equity Defined Protec,30.22,0.09,0.32,71163.0,29.91,29.35,1.54,9.665,6.19,28.31,30.15
ARK Next Generation Internet ETF,147.02,6.15,4.37,71086.0,143.7,143.43,0.6,-4.64,-7.87,113.36,183.0
Roundhill ETF Trust - Roundhill Top WeeklyPay ETF,35.16,0.63,1.82,71069.0,35.04,39.78,1.54,9.665,-32.27,31.65,56.5
Militia Long/Short Equity ETF,39.11,0.12,0.31,70692.0,36.58,35.59,1.54,9.665,27.29,30.48,39.39
Global X Dow 30 Covered Call ETF,22.77,0.12,0.53,70596.0,22.12,22.01,1.54,9.665,5.45,20.65,22.75
Aptus Deferred Income ETF,26.66,0.09,0.32,70415.0,26.59,26.68,1.54,9.665,2.92,23.63,27.34
Franklin Massachusetts Municipal Inc ETF,8.93,0.03,0.36,70094.0,9.04,9.03,-0.33,0.94,-1.71,8.12,9.21
Invesco Financial Preferred ETF,13.62,0.0,0.0,70061.0,13.72,14.08,-1.71,-0.41,-4.95,13.5,15.0
Vanguard ESG U.S. Corporate Bond ETF,61.74,0.3,0.48,69641.0,62.35,63.25,1.54,9.665,-3.24,61.37,64.9
ActivePassive Core Bond ETF,29.05,0.12,0.43,69331.0,29.24,29.59,1.54,9.665,-2.28,28.87,30.18
iShares J.P. Morgan EM High Yield Bond ETF,40.3,0.12,0.3,69291.0,40.43,40.29,1.42,3.4,2.66,38.9,40.99
Corgi Lithography & Semiconduct,16.91,2.16,14.64,69281.0,19.99,19.99,1.54,9.665,-39.8,11.08,29.0
Nuveen ESG U.S. Aggregate Bond ETF,21.85,0.1,0.44,68990.0,22.0,22.28,-0.6,-0.38,-2.2,21.72,22.71
WisdomTree Europe Hedged Equity Fund,58.04,0.46,0.81,68985.0,56.75,54.27,5.52,8.58,18.55,48.37,58.36
Leverage Shares 2X Long GLXY Da,4.48,0.12,2.8,68794.0,7.96,11.24,1.54,9.665,-69.28,3.13,45.8
Invesco S&P 100 Equal Weight ETF,133.51,2.12,1.62,68660.0,128.81,121.52,6.12,11.11,19.76,109.15,131.76
BNY Mellon International Equity ETF,34.44,0.42,1.22,68544.0,33.34,32.01,1.54,9.665,20.62,28.09,34.29
Franklin U.S. Mid Cap Multifactor Index ETF,61.2,0.78,1.29,68190.0,58.25,56.94,7.53,8.3,10.15,53.87,61.71
Microsectors U.S. Big Oil 3x Leveraged ETNs,41.38,-0.5,-1.19,68156.0,36.33,29.86,1.54,9.665,142.64,16.16,53.08
First Trust Multi-Strategy Alternative ETF,24.03,0.0,0.0,68067.0,24.28,23.9,1.54,9.665,11.26,21.56,25.18
Strive 500 ETF,49.77,0.84,1.72,67723.0,37.235,36.85,1.54,9.665,7.35,0.0,0.0
Global X FinTech ETF,26.74,0.48,1.82,67626.0,25.14,27.0,2.71,-10.62,-20.66,22.08,35.58
FlexShares STOXX Global Broad Infrastructure Index Fund,65.85,0.37,0.57,67456.0,65.32,63.95,-0.01,9.49,6.56,59.6,67.36
Innovator International Developed Power Buffer ETF - July,36.73,0.2,0.55,67211.0,35.8,34.33,1.54,9.665,15.22,31.61,38.98
Avantis U.S. Large Cap Equity E,92.04,1.62,1.8,67177.0,89.14,82.47,1.54,9.665,25.13,72.18,90.6
Long Pond Real Estate Select ETF,30.07,0.33,1.11,67148.0,29.9,27.75,1.54,9.665,15.65,25.25,30.85
Congress SMID Growth ETF,35.64,1.15,3.33,67131.0,34.7,33.23,1.54,9.665,7.45,29.53,36.64
FT Vest DJIA Dogs 10 Target Income ETF,21.94,0.05,0.22,67124.0,21.58,21.41,1.54,9.665,11.18,19.66,23.5
GraniteShares 2x Long RIVN Dail,24.7,1.34,5.73,67120.0,29.72,34.8,1.54,9.665,-13.57,19.25,75.17
Direxion Daily TSM Bear 1X ETF,7.94,-0.23,-2.77,67089.0,8.01,10.27,1.54,9.665,-50.56,7.06,17.13
Fidelity Hedged Equity ETF,34.36,0.49,1.45,66927.0,33.15,31.5,1.54,9.665,16.79,28.84,33.88
Yieldmax XOM Option Income Strategy ETF,11.2,-0.05,-0.44,66668.0,11.11,11.99,1.54,9.665,-6.25,10.38,14.14
Dimensional US Sustainability Core 1 ETF,48.57,0.77,1.61,66586.0,46.64,44.24,1.54,9.665,19.6,39.73,47.86
Leverage Shares 2X Long TSM Daily ETF,37.57,2.01,5.64,66494.0,40.68,32.11,1.54,9.665,112.54,15.43,51.24
Vanguard Russell 1000 Index Fund ETF Shares,349.09,6.37,1.86,66434.0,337.16,317.45,4.27,9.88,20.03,285.07,343.25
First Trust Nasdaq Artificial Intelligence and Robotics ETF,58.41,2.16,3.84,66430.0,55.55,52.73,7.64,8.6,12.59,44.01,60.44
Columbia Research Enhanced Value ETF,33.78,0.33,1.0,66126.0,32.09,29.83,1.54,9.665,25.25,26.6,33.61
First Trust Active Factor Large Cap ETF,45.19,0.75,1.69,66083.0,43.48,40.86,1.54,9.665,20.99,36.67,44.49
abrdn Physical Precious Metals Basket Shares ETF,184.48,2.84,1.57,66083.0,191.41,208.3,-15.77,-11.69,27.68,139.31,295.44
iShares Global Consumer Staples ETF,69.14,0.12,0.17,65901.0,68.28,67.5,1.94,8.31,6.83,63.15,73.65
VanEck Space ETF,20.97,1.29,6.55,65854.0,25.26,25.95,1.54,9.665,-22.07,17.84,41.77
First Trust Managed Futures Strategy Fund,49.92,0.18,0.36,65572.0,50.58,49.77,-2.94,6.6,6.81,46.31,52.44
Hartford Multifactor Developed Markets (ex-US) ETF,41.82,0.21,0.5,65491.0,41.02,39.11,3.11,14.33,21.45,34.13,41.89
Westwood Salient Enhanced Energy Income ETF,23.82,-0.05,-0.19,65484.0,23.36,22.81,1.54,9.665,15.06,20.38,25.12
State Street SPDR Bloomberg International Corporate Bond ETF,31.16,0.12,0.39,65077.0,31.15,31.7,-1.58,-1.95,-2.54,30.55,33.2
Invesco RAFI Developed Markets ex-U.S. ETF,78.15,0.9,1.16,65025.0,76.35,70.72,4.84,19.53,33.18,57.81,78.96
NovaTide Flexible Allocation ETF,20.94,0.33,1.62,64970.0,20.58,20.24,1.54,9.665,3.2,19.05,22.1
F/m US Treasury 2 Year Note ETF,47.93,0.06,0.13,64933.0,48.0,48.36,1.54,9.665,-1.1,47.77,48.7
Innovator U.S. Equity Power Buffer ETF - September,46.59,0.05,0.11,64887.0,46.0,44.37,1.54,9.665,12.23,41.45,46.56
Schwab Fundamental International Small Equity ETF,50.37,0.81,1.63,64685.0,49.1,47.35,0.64,11.89,16.26,42.52,50.83
Horizon International Managed Risk ETF,30.88,0.52,1.71,64436.0,30.6,28.58,1.54,9.665,20.02,25.04,31.81
Multi-Asset Diversified Income Index Fund,16.84,-0.01,-0.06,64394.0,16.65,16.28,3.25,11.61,5.39,15.52,17.0
First Trust Dorsey Wright Focus 5 ETF,72.09,2.06,2.94,64236.0,72.0,65.94,5.05,11.51,15.96,58.33,76.08
Dimensional Global Credit ETF,53.64,0.27,0.5,64217.0,54.32,54.61,1.54,9.665,-2.46,52.98,56.03
ProShares Ultra COIN,6.47,0.34,5.44,64192.0,8.36,20.47,1.54,9.665,-88.78,5.47,84.31
State Street SPDR NYSE Technology ETF,361.13,17.71,5.16,64108.0,361.34,302.64,8.0,21.38,45.91,232.82,392.44
iShares iBonds Dec 2035 Term Corporate ETF,25.19,0.15,0.6,63698.0,25.41,25.77,1.54,9.665,-2.53,25.01,26.72
First Trust Nasdaq Bank ETF,43.34,0.49,1.14,63442.0,40.94,38.14,10.69,14.33,28.91,32.6,43.21
Brookstone Value Stock ETF,37.72,0.5,1.34,63422.0,35.68,33.7,1.54,9.665,17.9,31.02,37.22
Innovator U.S. Equity Ultra Buffer ETF - August,42.94,0.28,0.66,63173.0,42.03,40.56,1.54,9.665,11.7,38.1,42.66
REX NVDA Growth & Income ETF,24.32,0.46,1.92,63137.0,24.84,27.04,1.54,9.665,-24.62,22.0,34.58
Leverage Shares 100% Tsla And 100% Spcx Daily ETF,18.28,1.82,11.07,63086.0,15.66,15.66,1.54,9.665,5.94,14.84,22.26
Fidelity Cloud Computing ETF,42.17,1.39,3.41,63032.0,38.23,31.89,1.54,9.665,47.91,26.01,41.71
Parametric Equity Premium Income ETF,27.63,-0.07,-0.25,63032.0,27.01,26.78,1.54,9.665,9.62,25.0,28.54
Ishares Large Cap 10% Target Buffer Dec ETF,27.85,0.28,1.02,63032.0,27.17,25.95,1.54,9.665,10.04,24.24,27.57
State Street SPDR Bloomberg Short Term International Treasury Bond ETF,27.21,0.12,0.44,63022.0,26.87,27.23,-0.64,0.01,-1.31,26.5,28.26
Defiance Daily Target 2X Long W,10.94,0.55,5.26,62941.0,19.92,19.92,1.54,9.665,-46.05,6.96,46.76
Invesco Dorsey Wright Developed Markets Momentum ETF,53.57,1.43,2.74,62776.0,54.55,52.15,-8.33,6.34,13.4,45.44,59.47
Wahed Dow Jones Islamic World ETF,37.09,0.88,2.44,62747.0,37.56,32.9,1.54,9.665,40.1,25.63,41.53
Alger AI Enablers & Adopters ETF,45.4,1.12,2.53,62555.0,44.2,38.53,1.54,9.665,36.67,30.85,46.88
Wahed FTSE USA Shariah ETF,72.83,1.72,2.41,62452.0,70.98,64.84,1.54,9.665,30.12,54.63,73.83
NYLI Winslow Large Cap Growth ETF,57.22,1.57,2.81,62441.0,55.71,53.64,1.54,9.665,7.02,45.71,58.17
ProShares UltraShort Technology,11.44,-1.27,-9.99,62404.0,12.5,19.22,-23.28,-39.33,-54.67,11.03,29.0
SMI 3Fourteen REAL Asset Allocation ETF,29.84,0.34,1.17,62364.0,29.67,28.57,1.54,9.665,13.77,25.9,30.63
iShares iBonds Dec 2034 Term Mu,24.82,0.11,0.44,62199.0,25.13,25.19,1.54,9.665,-1.75,24.66,25.47
Pacer Benchmark Industrial Real Estate SCTR ETF,41.89,-0.11,-0.27,62169.0,40.75,39.13,5.75,14.69,16.45,35.59,43.04
Defiance Pure Quantum ETF,17.99,1.12,6.64,61922.0,18.68,18.68,1.54,9.665,-9.11,14.19,24.58
Bondbloxx Bloomberg Five Year Target Duration US Treasury ETF,48.19,0.16,0.33,61730.0,48.43,49.17,1.54,9.665,-2.65,47.98,50.19
Goldman Sachs Municipal Income ETF,50.75,0.11,0.22,61697.0,51.17,51.25,1.54,9.665,1.51,49.85,52.23
Alger 35 ETF,40.28,0.78,1.98,61686.0,39.3,35.94,1.54,9.665,28.22,29.73,42.0
Leverage Shares 2X Long GEMI Daily ETF,7.7,1.07,16.22,61293.0,9.8,52.75,1.54,9.665,-97.86,6.25,354.6
Putnam BDC Income ETF,27.53,0.47,1.74,61165.0,26.86,28.63,1.54,9.665,-19.2,25.95,34.0
Vanguard Total Treasury ETF,74.32,0.26,0.36,61093.0,74.84,75.82,1.54,9.665,-2.39,74.05,83.2
Founder-Led ETF Shares,24.1,0.96,4.15,60788.0,23.35,22.64,1.54,9.665,-6.32,19.37,25.75
Roundhill ARM WeeklyPay ETF,49.35,8.85,21.87,60402.0,67.16,43.48,1.54,9.665,-20.4,23.23,102.76
Simplify Hedged Equity ETF,34.39,0.4,1.16,60401.0,33.48,32.46,1.54,9.665,11.75,30.39,34.03
Roundhill Weekly T-Bill ETF,99.98,0.03,0.03,60366.0,100.04,100.04,1.54,9.665,-0.01,99.93,100.21
SMART Earnings Growth 30 ETF,33.25,1.35,4.23,60317.0,35.48,28.77,1.54,9.665,65.62,19.66,38.43
iShares MSCI Peru ETF,88.48,1.88,2.17,60309.0,84.85,78.96,10.09,20.77,74.25,49.47,95.28
Invesco MSCI USA ETF,77.34,1.36,1.79,60087.0,74.72,70.3,5.57,11.64,20.34,63.03,76.22
UBS ETRACS Silver Shares Covered Call ETN,64.08,1.4,2.23,59980.0,71.41,88.87,-14.31,-4.68,-25.04,61.01,107.41
Tradr 2X Long ON Daily ETF,8.35,0.05,0.6,59725.0,15.86,15.86,1.54,9.665,-66.22,8.02,28.75
Invesco S&P 500 Equal Weight Materials ETF,40.11,0.77,1.96,59703.0,38.96,37.16,-0.44,15.28,21.57,30.98,41.42
Natixis Loomis Sayles Focused Growth ETF,44.62,0.48,1.09,59667.0,43.13,43.31,1.54,9.665,4.87,37.72,46.52
Principal U.S. Mega-Cap ETF,76.21,1.24,1.66,59641.0,73.7,69.49,6.49,10.01,19.67,62.28,75.09
Vanguard S&P Mid-Cap 400 Index Fund ETF Shares,131.15,2.32,1.8,59384.0,127.58,119.03,3.67,14.57,21.16,105.18,130.62
iShares MSCI Global Min Vol Factor ETF,125.56,1.06,0.85,59168.0,121.66,120.77,3.76,5.75,5.87,116.96,125.75
Invesco S&P Ultra Dividend Revenue ETF,63.29,0.32,0.51,59116.0,59.6,55.65,11.82,23.36,29.94,47.98,64.07
iShares ESG Select Screened S&P 500 ETF,59.11,1.14,1.98,58703.0,56.84,53.66,1.54,9.665,19.55,47.59,58.12
Invesco DB Precious Metals Fund,94.25,1.3,1.4,58698.0,97.27,105.69,-14.42,-9.61,20.65,75.54,140.76
ProShares Ultra XRP ETF,10.3,-0.05,-0.48,58693.0,12.34,36.28,1.54,9.665,-94.45,9.34,231.2
Fundstrat Granny Shots US Large,21.13,0.34,1.66,58493.0,20.56,20.43,1.54,9.665,-39.11,18.36,34.58
Simplify Health Care ETF,39.52,0.28,0.71,58349.0,38.35,36.21,1.54,9.665,34.06,28.32,40.41
Leverage Shares 2X Long ALB Daily ETF,5.89,0.19,3.37,58310.0,8.71,12.88,1.54,9.665,-65.31,5.1,21.01
Innovator U.S. Equity Power Buffer ETF October,47.14,0.2,0.43,58275.0,46.34,44.59,3.35,6.88,12.27,41.79,46.99
Avantis Short-Term Fixed Income ETF,46.51,0.1,0.22,58250.0,46.48,46.87,1.54,9.665,-1.18,46.23,47.38
Fidelity Value Factor ETF,82.83,1.26,1.54,58192.0,78.97,74.09,7.33,13.79,26.74,64.18,81.62
TDAQ Lift ETF,24.4,0.85,3.61,58142.0,24.85,23.53,1.54,9.665,-1.75,19.45,27.02
VistaShares Electrification Sup,27.34,0.94,3.56,58057.0,30.52,24.72,1.54,9.665,49.31,18.72,35.55
Dimensional US Large Cap Core E,51.95,0.89,1.75,57865.0,50.12,50.12,1.54,9.665,3.28,48.63,51.13
T. Rowe Price International Equity Research ETF,32.67,0.49,1.52,57852.0,31.98,29.88,1.54,9.665,26.49,25.44,34.5
Davis Select U.S. Equity ETF,58.37,0.22,0.38,57722.0,56.49,52.8,5.42,13.73,27.33,45.24,58.31
MicroSectorsTM Oil & Gas Exploration & Production -3X Inverse Leveraged ETNs,37.79,0.47,1.27,57465.0,43.64,65.83,1.54,9.665,-71.05,33.26,136.1
Dimensional World Equity ETF,85.26,1.16,1.38,57357.0,82.64,77.45,1.54,9.665,23.62,67.8,84.49
iShares Core MSCI Pacific ETF,84.56,1.47,1.77,57357.0,82.23,78.55,4.97,14.7,19.62,69.25,84.63
Inspire Corporate Bond ETF,23.68,0.06,0.25,57249.0,23.74,23.99,0.04,-0.09,-1.79,22.94,24.85
Invesco Biotechnology & Genome ETF,91.53,1.37,1.52,57072.0,87.41,81.8,13.68,10.24,36.52,64.6,94.06
BondBloxx JP Morgan USD Emerging Markets 1-10 Year Bond ETF,44.54,0.12,0.28,56868.0,44.72,44.64,1.54,9.665,2.57,43.25,45.41
iShares Residential and Multisector Real Estate ETF,95.72,-0.3,-0.31,56791.0,93.92,87.9,7.0,16.94,16.25,80.45,100.43
Fidelity Covington Trust - Fidelity Fundamental Large Cap Growth ETF,33.49,0.81,2.48,56751.0,33.46,30.94,1.54,9.665,18.62,26.4,35.33
Nomura Transformational Technologies ETF,32.24,1.12,3.61,56687.0,31.94,27.86,1.54,9.665,25.07,21.57,34.75
Fidelity Low Volatility Factor ETF,73.12,0.85,1.18,56649.0,69.71,67.75,4.9,9.16,14.93,62.81,72.55
WisdomTree Yield Enhanced U.S. Aggregate Bond Fund,42.89,0.2,0.46,56644.0,43.27,43.84,-0.79,-0.55,-2.44,42.52,44.84
Vanguard Total Inflation-Protected Securities ETF,75.26,0.13,0.17,56542.0,76.06,76.37,1.54,9.665,-1.2,74.91,79.37
AAM Low Duration Preferred and Income Securities ETF,19.55,0.03,0.15,56541.0,19.61,19.64,1.54,9.665,-0.28,19.29,19.9
ProShares UltraShort MSCI Emerging Markets,11.24,-0.52,-4.41,56537.0,11.46,15.46,-7.31,-35.12,-51.88,10.01,24.56
iShares Core 10+ Year USD Bond ETF,47.52,0.36,0.76,56428.0,48.56,49.54,-2.1,-2.69,-5.03,47.03,51.77
Horizon Managed Risk ETF,31.84,0.52,1.66,56426.0,30.68,28.92,1.54,9.665,20.65,25.84,31.4
Vanguard S&P Small-Cap 600 Value Index Fund ETF Shares,120.32,1.71,1.44,56419.0,115.21,105.57,5.7,20.4,35.94,86.02,118.92
JPMorgan BetaBuilders MSCI U.S. REIT ETF,109.19,-0.7,-0.64,56374.0,107.89,100.03,6.27,19.95,19.09,90.22,113.4
Kraneshares Trust - 2x Long MELI Daily ETF,10.17,-0.07,-0.73,56295.0,8.74,12.15,1.54,9.665,-58.57,6.74,26.67
iShares iBonds 2029 Term High Yield and Income ETF,23.24,0.03,0.13,56248.0,23.33,23.48,1.54,9.665,-1.32,23.01,23.9
iShares iBonds 2030 Term High Yield and Income ETF,26.3,0.09,0.34,56193.0,26.34,26.47,1.54,9.665,-0.81,25.82,26.92
Simplify Currency Strategy ETF,28.17,0.04,0.15,56121.0,29.2,28.81,1.54,9.665,6.48,26.25,32.2
Innovator Equity Dual Directional 10 Buffer ETF - October,23.28,0.01,0.04,55932.0,22.91,22.01,1.54,9.665,9.51,20.75,23.27
Defiance Daily Target 2X Long SOUN ETF,10.93,1.32,13.76,55885.0,13.92,47.8,1.54,9.665,-90.45,8.4,312.38
SP Funds S&P World ETF,33.16,0.92,2.85,55830.0,33.19,30.0,1.54,9.665,33.22,24.05,35.46
Invesco Building & Construction ETF,104.44,1.5,1.46,55826.0,104.95,101.16,-7.54,8.45,17.19,86.52,115.81
GraniteShares 2x Long TSM Daily,67.39,3.46,5.42,55709.0,73.57,57.44,1.54,9.665,126.17,25.97,93.29
John Hancock Disciplined Value Select ETF,32.08,0.33,1.04,55616.0,28.15,27.2,1.54,9.665,17.83,24.89,29.33
FT Vest Nasdaq-100 Buffer ETF - June,33.46,0.66,2.01,55584.0,33.25,32.29,1.54,9.665,9.3,29.96,34.05
Kensington Hedged Premium Incom,26.33,0.26,1.02,55561.0,25.96,25.72,1.54,9.665,2.72,23.95,26.55
Genter Capital Taxable Quality Intermediate ETF,10.18,0.05,0.49,55462.0,10.22,10.33,1.54,9.665,-1.98,10.11,10.95
iShares North American Natural Resources ETF,60.02,0.22,0.37,55425.0,58.89,56.63,-3.34,20.64,32.3,44.67,63.99
Tradr 2X Long PATH Daily ETF,12.42,1.67,15.53,55418.0,8.53,9.7,1.54,9.665,-49.53,5.96,24.88
FlexShares US Quality Large Cap Index Fund,93.29,1.7,1.86,55396.0,89.7,83.62,6.81,13.57,26.7,72.21,91.63
Hartford Multifactor US Equity ETF,68.44,1.26,1.88,55316.0,66.51,61.5,6.3,17.13,24.78,53.69,67.93
Invesco BulletShares 2034 Corpo,20.43,0.1,0.47,55254.0,20.57,20.86,1.54,9.665,-2.47,20.25,21.29
T. Rowe Price Floating Rate ETF,50.53,0.03,0.06,55181.0,50.65,50.98,1.54,9.665,-1.84,49.77,51.78
Roundhill Space & Technology ET,26.48,1.93,7.86,55172.0,31.17,30.43,1.54,9.665,-0.93,22.29,45.92
Vanguard U.S. Multifactor ETF Shares,186.28,2.34,1.27,55102.0,176.8,161.1,9.8,23.03,36.49,133.96,183.94
First Trust Large Cap Value AlphaDEX Fund,102.32,0.66,0.65,55063.0,97.56,91.52,6.51,18.18,28.25,78.71,103.06
J P MORGAN Exchange-Traded Fund Trust - Fundamental Data Science Large Growth ETF,50.12,1.29,2.65,55050.0,48.22,48.22,1.54,9.665,-0.53,46.05,49.97
iShares U.S. Industrials ETF,169.86,3.13,1.88,54719.0,161.53,154.3,3.49,10.98,16.41,138.9,167.86
JPMorgan Inflation Managed Bond ETF,47.31,0.07,0.15,54716.0,47.89,48.35,1.54,9.665,-2.34,47.23,50.95
iShares iBonds Dec 2030 Term Mu,25.67,0.04,0.16,54570.0,25.82,25.99,1.54,9.665,-0.66,25.6,26.41
Invesco International Dividend Achievers ETF,23.16,-0.01,-0.06,54570.0,22.83,22.49,3.06,8.05,11.82,20.66,23.76
Roundhill Gold Miners Weeklypay ETF,35.88,0.95,2.73,54426.0,38.72,53.07,1.54,9.665,-32.46,32.45,77.19
MFS Active Intermediate Muni Bo,24.77,0.05,0.2,54369.0,25.05,25.09,1.54,9.665,1.15,23.11,25.55
Invesco S&P 500 Equal Weight Utilities ETF,78.27,-0.71,-0.9,54351.0,80.18,79.11,-3.33,6.89,4.2,72.51,84.52
iShares ESG Advanced MSCI USA ETF,69.09,1.98,2.95,54319.0,67.38,60.94,1.54,9.665,21.33,53.06,69.89
Franklin Ultra Short Bond ETF,24.98,0.04,0.16,54280.0,24.99,25.01,1.54,9.665,-0.2,24.85,26.07
John Hancock Multifactor Developed International ETF,46.19,0.52,1.14,54229.0,44.82,43.21,4.85,11.89,19.77,37.99,46.03
Morgan Stanley Pathway Large Cap Equity ETF,61.03,0.95,1.58,54207.0,58.7,55.79,1.54,9.665,16.16,50.2,60.14
VelocityShares 3x Long Gold ETN Linked to the S&amp;P GSCI Gold Index ER,19.73,0.25,1.28,54061.0,20.93,20.93,1.54,9.665,-23.96,18.79,25.69
ALPS Clean Energy ETF,32.31,1.03,3.29,54047.0,35.39,34.7,-12.36,-3.44,16.37,26.24,43.0
iShares Total Return Active ETF,49.56,0.19,0.38,54035.0,49.97,50.58,1.54,9.665,-2.26,49.32,51.69
Zacks Earnings Consistent Portfolio ETF,38.61,0.53,1.39,53920.0,37.38,35.68,1.54,9.665,17.6,32.23,38.27
Xtrackers Semiconductor Select,85.94,5.34,6.63,53793.0,90.98,64.24,1.54,9.665,137.64,33.31,107.98
Invesco International BuyBack Achievers ETF,61.15,0.65,1.08,53721.0,58.17,56.71,4.66,11.02,21.24,49.73,61.12
State Street SPDR S&P 500 ESG ETF,75.08,1.24,1.68,53642.0,72.2,67.87,1.54,9.665,23.27,59.81,73.92
Tortoise Energy ETF,10.34,-0.03,-0.29,53597.0,10.09,9.76,0.15,18.61,15.09,8.56,10.99
Tradr 2X Long JOBY Daily ETF,13.42,1.82,15.69,53562.0,19.23,41.16,1.54,9.665,-84.53,9.45,150.23
WisdomTree U.S. SmallCap Quality Dividend Growth Fund,61.58,0.7,1.14,53480.0,58.3,54.06,7.79,23.91,27.7,46.21,60.9
Innovator Index Autocallable In,25.45,0.12,0.45,53444.0,25.41,25.37,1.54,9.665,2.11,24.76,26.5
Breakwave Dry Bulk Shipping ETF,13.91,-0.04,-0.29,53375.0,12.52,10.72,18.93,59.06,79.54,7.41,14.0
Cambria Global Value ETF,37.9,0.48,1.27,53341.0,36.36,33.86,7.74,20.35,34.96,27.55,37.94
Gotham Enhanced 500 ETF,42.43,0.79,1.9,53322.0,40.63,38.13,1.54,9.665,21.3,34.31,41.67
YieldMax Nasdaq 100 0DTE Covered Call Strategy ETF,40.2,0.68,1.72,52766.0,41.17,41.87,1.54,9.665,-11.25,36.36,46.91
State Street Fixed Income Sector Rotation ETF,25.28,0.12,0.46,52758.0,25.46,25.8,-0.51,-0.58,-2.67,25.15,26.38
Congress Intermediate Bond ETF,24.52,0.07,0.29,52665.0,24.63,24.89,1.54,9.665,-2.06,24.4,25.38
Direxion Auspice Broad Commodity Strategy ETF,33.62,-0.2,-0.59,52609.0,33.49,31.98,-1.01,15.97,22.54,27.46,35.62
Direxion Daily Pharmaceutical & Medical Bull 3X Shares ETF,20.14,1.17,6.17,52524.0,16.13,12.53,47.77,54.55,231.06,5.36,21.03
Defiance Daily Target 2X Long HOOD ETF,27.87,1.75,6.72,52396.0,32.25,49.35,1.54,9.665,-67.17,16.44,154.38
Direxion HCM Tactical Enhanced U.S. Equity Strategy ETF,41.97,2.14,5.37,51893.0,40.45,38.58,1.54,9.665,19.54,32.81,43.19
Sequoia Global Value ETF,36.41,0.55,1.54,51608.0,34.82,33.08,1.54,9.665,19.38,28.97,35.73
KraneShares MSCI All China Health Care Index ETF,17.46,0.38,2.2,51530.0,16.14,17.56,-2.54,0.26,-13.58,14.38,21.88
First Trust Nasdaq Oil & Gas ETF,36.73,-0.22,-0.6,51470.0,35.62,33.0,-0.95,33.18,34.59,26.46,40.13
Leverage Shares 2X Long GOOGL D,15.34,0.21,1.39,51454.0,13.43,13.43,1.54,9.665,1.41,10.91,15.45
YieldMax NFLX Option Income Strategy ETF,7.59,0.02,0.3,51281.0,8.31,10.94,1.54,9.665,-54.46,7.0,17.74
Franklin Short Duration U.S. Government ETF,90.0,0.21,0.23,50895.0,90.23,90.7,0.4,1.13,-0.83,89.57,91.51
SEI Select International Equity,36.74,0.38,1.04,50888.0,35.43,33.64,1.54,9.665,24.82,29.02,36.79
iShares iBonds Oct 2035 Term TIPS ETF,24.8,0.05,0.18,50887.0,25.25,25.56,1.54,9.665,-2.81,24.67,26.73
ProShares Nasdaq-100 Dorsey Wright Momentum ETF,74.84,2.67,3.7,50796.0,77.02,59.78,1.54,9.665,60.46,43.41,88.24
abrdn Bloomberg All Commodity Longer Dated Strategy K-1 Free ETF,35.58,-0.31,-0.85,50701.0,35.79,35.32,-4.04,15.92,9.6,30.87,38.72
Leverage Shares 2X Long STX Dai,12.68,0.39,3.17,50593.0,15.84,15.5,1.54,9.665,-12.59,8.7,26.34
State Street SPDR S&P Health Care Services ETF,132.89,-1.3,-0.97,50525.0,126.82,111.82,20.79,24.28,49.23,88.81,138.92
WisdomTree Japan Opportunities,56.99,1.05,1.88,50467.0,57.75,52.64,-1.02,21.36,49.32,37.34,61.3
Direxion Daily BA Bull 2X ETF,39.59,1.1,2.87,50387.0,34.89,37.46,1.54,9.665,-14.74,26.38,51.88
PIMCO Enhanced Low Duration Active Exchange-Traded Fund,95.33,0.18,0.19,50360.0,95.35,95.77,0.65,1.51,-0.46,95.05,96.6
TCW Transform Systems ETF,113.0,2.69,2.44,50284.0,113.4,104.99,1.54,9.665,17.42,89.13,123.23
John Hancock Preferred Income ETF,22.61,0.02,0.09,50270.0,22.76,22.95,1.54,9.665,-0.81,22.43,23.56
Strategy Shares Nasdaq 7 Handl Index ETF,22.75,0.17,0.75,50141.0,22.73,22.4,0.8,6.77,3.66,21.5,23.0
ProShares Ultra Yen,18.27,-0.18,-0.98,50018.0,17.64,18.71,-4.57,-5.82,-16.21,16.99,22.49
Vert Global Sustainable Real Estate ETF,11.68,0.03,0.23,49725.0,11.45,10.91,1.54,9.665,11.95,9.96,12.26
VanEck CEF Municipal Income ETF,21.51,0.1,0.49,49610.0,21.92,21.95,0.74,1.82,2.93,20.68,22.66
John Hancock Multifactor Emerging Markets ETF,39.45,0.98,2.55,49560.0,39.52,36.01,1.43,17.51,30.51,29.45,42.16
Running Oak Efficient Growth ETF,35.13,0.62,1.79,49336.0,32.83,33.33,1.54,9.665,1.59,31.45,35.19
Anfield U.S. Equity Sector Rotation ETF,20.14,0.55,2.81,49324.0,20.04,18.92,1.54,9.665,2.19,16.09,21.23
YieldMax AI & Tech Portfolio Option Income ETF,43.34,1.32,3.14,49213.0,44.65,42.76,1.54,9.665,-9.2,34.25,50.64
Invesco Dow Jones Industrial Average Dividend ETF,65.47,0.71,1.09,49190.0,63.55,60.11,7.56,14.85,21.43,53.07,65.74
Leverage Shares 2X Long XPEV Daily ETF,4.17,-0.21,-4.79,49156.0,5.97,8.72,1.54,9.665,-71.44,4.15,15.89
Doubleline Mortgage ETF,48.4,0.26,0.54,49120.0,48.77,49.44,1.54,9.665,-2.11,48.07,50.54
Invesco DB US Dollar Index Bearish Fund,18.12,0.0,0.0,49065.0,17.99,18.26,-1.41,-0.66,-2.48,17.75,19.11
State Street SPDR Portfolio MSCI Global Stock Market ETF,87.57,1.58,1.84,48974.0,85.16,80.1,4.56,12.96,22.88,69.85,86.84
Invesco BulletShares 2031 High Yield Corporate Bond ETF,26.14,0.13,0.5,48943.0,26.17,26.41,1.54,9.665,-2.03,25.66,26.96
iShares Investment Grade Corporate Bond Buywrite Strategy ETF,23.45,0.15,0.63,48841.0,23.78,24.34,1.54,9.665,-6.84,23.38,25.43
Goldman Sachs Access Investment Grade Corporate Bond ETF,45.13,0.23,0.52,48782.0,45.56,46.11,-0.63,-0.32,-2.59,44.85,47.16
Franklin U.S. Low Volatility High Dividend Index ETF,44.99,0.11,0.25,48673.0,43.98,42.37,4.18,13.57,10.11,39.47,46.5
Leverage Shares 2X Long BBAI Da,18.1,3.33,22.55,48614.0,27.21,70.55,1.54,9.665,-89.65,12.41,360.25
iShares iBonds Dec 2034 Term Corporate ETF,25.66,0.12,0.49,48555.0,25.86,26.21,1.54,9.665,-2.45,25.52,27.48
Tradr 2X Long U Daily ETF,67.98,6.21,10.05,48525.0,48.81,91.32,1.54,9.665,-74.62,18.37,273.0
State Street SPDR S&P Transportation ETF,114.11,3.32,3.0,48501.0,113.49,99.8,4.32,19.68,33.53,79.18,120.9
Global X SuperIncome Preferred ETF,9.45,-0.01,-0.11,48479.0,9.45,9.32,2.2,5.42,3.28,8.79,9.77
iShares 1-3 Year International Treasury Bond ETF,75.33,0.25,0.33,48450.0,74.65,75.28,-1.24,-0.23,-0.03,73.47,77.72
iShares Paris-Aligned Climate Optimized MSCI USA ETF,78.63,1.65,2.14,48371.0,76.36,72.79,1.54,9.665,12.9,63.89,80.55
VanEck Technology TruSector ETF,31.95,1.29,4.21,48361.0,30.96,27.6,1.54,9.665,27.41,22.83,33.67
AllianzIM U.S. Equity Buffer20 Aug ETF,34.64,0.18,0.52,48322.0,34.02,32.96,1.54,9.665,10.75,30.93,34.56
Invesco Bulletshares 2032 Municipal Bond ETF,24.74,0.05,0.21,48283.0,24.99,25.12,1.54,9.665,0.96,24.32,25.57
VictoryShares International Fre,32.64,0.83,2.6,48174.0,32.3,29.66,1.54,9.665,24.94,25.34,34.54
Variant Perception Cycle Aware,31.03,0.79,2.62,48128.0,24.78,24.78,1.54,9.665,7.08,23.4,26.4
Infrastructure Capital Equity Income Fund ETF,29.22,0.33,1.14,48121.0,28.42,28.01,1.54,9.665,8.85,25.56,29.32
Direxion Daily Cnsmr Discret Bull 3XShrs,42.82,0.02,0.05,48119.0,41.83,45.75,-10.8,-18.84,2.98,32.74,57.27
Worth Charting Options Income E,25.49,-0.14,-0.53,48089.0,25.41,25.32,1.54,9.665,2.32,24.89,26.76
Harbor International Compounders ETF,31.02,0.47,1.54,47965.0,30.11,30.26,1.54,9.665,7.31,27.94,31.6
Counterpoint High Yield Trend ETF,21.35,0.07,0.33,47867.0,21.34,21.58,1.54,9.665,-2.14,21.14,22.04
iShares Global Materials ETF,109.15,2.71,2.54,47851.0,108.07,104.18,-3.13,10.43,24.08,85.27,116.61
VictoryShares US Small Mid Cap Value Momentum ETF,112.32,1.71,1.55,47727.0,107.71,98.5,8.05,22.47,32.52,82.77,110.84
Innovator Emerging Markets Power Buffer ETF - July,30.78,0.45,1.49,47679.0,30.72,30.15,1.54,9.665,9.06,27.66,32.06
State Street SPDR S&P 500 Fossil Fuel Reserves Free ETF,63.36,1.13,1.82,47677.0,61.08,57.51,5.78,11.26,20.39,51.28,62.29
T-REX 2X Long DJT Daily Target,16.16,0.95,6.25,47513.0,12.18,26.87,1.54,9.665,-82.25,7.88,109.6
Global X S&P 500 Risk Managed Income ETF,17.38,0.03,0.2,47493.0,17.23,17.52,1.54,9.665,-2.01,16.73,18.08
FlexShares Credit-Scored US Corporate Bond Index Fund,48.02,0.13,0.27,47485.0,48.29,48.82,-0.09,0.18,-1.88,47.88,49.53
Roundhill ETF Trust - Roundhill NVDA WeeklyPay ETF,36.45,1.18,3.35,47395.0,37.03,39.9,1.54,9.665,-31.95,31.77,53.77
iShares iBonds Dec 2031 Term Mu,25.49,0.02,0.1,47366.0,25.67,25.88,1.54,9.665,-0.21,25.32,26.44
ProShares Ultra High Yield,78.83,0.43,0.54,47325.0,78.45,78.51,-0.45,0.4,1.84,74.76,80.09
NEOS Ethereum High Income ETF,26.62,0.11,0.42,47252.0,26.73,35.78,1.54,9.665,-49.16,22.86,56.34
iShares Bloomberg Roll Select Commodity Strategy ETF,57.84,-0.6,-1.03,47136.0,58.25,56.15,-5.73,19.88,17.22,47.64,63.76
T-Rex 2X Long Ether Daily Targe,4.16,0.04,0.97,47128.0,4.04,10.27,1.54,9.665,-85.15,2.86,48.91
First Trust Health Care AlphaDEX Fund,128.4,0.41,0.32,47039.0,120.5,115.14,12.64,11.95,27.47,98.38,128.67
ALPS Equal Sector Weight ETF,51.97,0.39,0.76,47026.0,50.65,48.51,2.01,10.71,16.72,44.08,51.58
Nuveen ESG Large-Cap Growth ETF,116.41,2.99,2.64,46796.0,113.19,102.18,8.17,15.97,17.03,87.17,117.17
NEOS MSCI EAFE High Income ETF,52.68,0.49,0.94,46704.0,51.46,50.92,1.54,9.665,4.61,46.85,53.5
Corgi UCTT 2x Daily ETF,9.73,-1.07,-9.93,46703.0,15.83,15.83,1.54,9.665,-55.46,6.71,34.65
ProShares Nasdaq-100 High Incom,48.71,0.97,2.03,46700.0,49.15,45.89,1.54,9.665,16.07,40.43,51.66
T-Rex 2X Long Bitcoin Daily Tar,12.45,0.16,1.3,46694.0,13.13,23.39,1.54,9.665,-78.83,10.4,68.29
F/m US Treasury 10 Year Note ETF,42.6,0.21,0.49,46643.0,42.94,43.77,1.54,9.665,-3.37,42.18,44.89
Vanguard S&P Small-Cap 600 Growth Index Fund ETF Shares,153.98,2.99,1.98,46630.0,146.33,132.12,7.02,22.74,30.89,114.18,154.41
Goldman Sachs MarketBeta US Equity ETF,106.5,1.86,1.78,46608.0,102.94,96.82,1.54,9.665,20.37,86.68,105.04
Global X NASDAQ 100 Risk Managed Income ETF,15.23,0.12,0.83,46589.0,15.4,15.67,1.54,9.665,-4.24,14.85,16.25
YieldMax Short COIN Option Income Strategy ETF,21.04,-0.41,-1.91,46191.0,21.65,24.9,1.54,9.665,-37.83,18.56,36.11
Defiance Daily Target 2X Long C,15.75,1.57,11.06,46036.0,16.86,17.83,1.54,9.665,-9.0,12.51,26.4
SEI QiM U.S. Large Cap Momentum Active ETF,55.29,1.49,2.77,45994.0,53.93,49.03,1.54,9.665,25.35,40.9,56.23
State Street SPDR S&P Oil & Gas Equipment & Services ETF,113.77,3.37,3.05,45975.0,115.56,104.16,-14.12,36.37,66.57,64.21,135.35
Invesco S&P SmallCap Information Technology ETF,85.21,3.63,4.45,45917.0,83.56,67.63,7.0,40.66,79.69,45.0,92.45
FT Vest U.S. Equity Buffer ETF - October,53.34,0.31,0.59,45830.0,52.22,49.9,1.54,9.665,17.13,45.27,53.08
VanEck Ethereum ETF,27.42,0.13,0.48,45814.0,26.44,36.1,1.54,9.665,-47.85,22.4,71.17
Hartford Schroders Tax-Aware Bond ETF,18.92,0.07,0.37,45721.0,19.08,19.19,-0.59,0.59,1.29,18.49,19.56
First Trust S&P REIT Index Fund,32.18,-0.22,-0.68,45665.0,31.84,29.55,5.42,19.62,19.38,26.51,33.44
Xtrackers Short Duration High Yield Bond ETF,44.04,0.09,0.2,45607.0,44.23,44.65,0.51,1.7,-2.43,43.88,45.55
Tradr 2X Long XNDU Daily ETF,11.04,0.57,5.44,45528.0,14.59,15.96,1.54,9.665,-68.89,7.68,40.99
State Street SPDR S&P Emerging Asia Pacific ETF,155.61,2.14,1.39,45474.0,153.98,145.79,1.39,9.9,19.33,128.26,161.39
State Street SPDR S&P Global Infrastructure ETF,75.76,-0.07,-0.1,45391.0,75.76,74.08,-1.25,10.19,11.14,67.58,78.95
Kurv Technology Titans Select E,29.6,0.7,2.41,45252.0,29.9,28.32,1.54,9.665,4.79,23.13,31.84
ProShares S&P MidCap 400 Dividend Aristocrats ETF,95.42,0.81,0.86,45188.0,91.09,88.13,5.66,13.59,13.92,80.52,95.97
First Trust SSI Strategic Convertible Securities ETF,51.31,1.14,2.27,45185.0,51.75,47.11,0.75,17.32,26.91,39.22,54.9
MicroSectors U.S. Big Oil -3x Inverse Leveraged ETNs,20.5,0.49,2.45,45108.0,25.86,47.81,1.54,9.665,-80.14,18.37,106.13
Opus Small Cap Value Plus ETF,43.05,0.17,0.4,44954.0,41.54,39.69,4.32,16.3,16.87,35.93,42.97
First Trust Industrials/Producer Durables AlphaDEX Fund,92.27,2.09,2.32,44852.0,88.24,84.56,0.72,10.82,16.9,73.08,92.78
Vanguard U.S. High-Yield Corporate Bond Index ETF,74.91,0.22,0.29,44788.0,75.04,75.04,1.54,9.665,-0.55,74.54,75.52
Global X Video Games & Esports ETF,26.52,0.06,0.21,44613.0,25.15,27.91,1.54,9.665,-17.85,23.46,34.68
Corgi Emerging Markets Equities,24.34,0.3,1.25,44603.0,24.47,24.52,1.54,9.665,-5.24,23.43,25.68
Teucrium Soybean Fund,25.05,-0.19,-0.75,44535.0,24.92,23.79,1.66,15.1,19.0,21.06,26.37
Invesco S&P 500 BuyWrite ETF,23.28,0.02,0.09,44524.0,22.88,22.71,4.98,7.8,5.73,21.46,23.26
Pacer Swan SOS Flex (October) ETF,35.25,0.14,0.41,44083.0,34.56,33.03,1.54,9.665,15.06,30.51,35.11
Global X Nasdaq 100 Covered Call & Growth ETF,29.67,0.59,2.03,44081.0,29.55,28.63,1.54,9.665,3.62,25.01,30.73
Vanguard Materials Index Fund ETF Shares,231.14,4.97,2.2,44024.0,229.09,222.05,-3.73,8.15,14.34,190.29,245.26
SEI High Yield Bond & Alternative Credit ETF,25.05,0.05,0.2,44011.0,25.08,25.08,-0.89,-0.02,-0.32,24.87,25.29
Principal Capital Appreciation,33.9,0.45,1.35,43913.0,32.96,30.87,1.54,9.665,23.16,27.13,33.63
Roundhill Ball Metaverse ETF,19.0,0.37,2.0,43891.0,18.63,18.34,1.54,9.665,3.9,15.17,21.41
iShares ESG Advanced Universal USD Bond ETF,42.91,0.19,0.44,43889.0,43.2,43.69,1.54,9.665,-1.91,42.7,44.47
Tradr 2X Long TTMI Daily ETF,11.02,1.79,19.33,43882.0,12.82,12.82,1.54,9.665,-59.93,6.5,23.52
iShares ESG Advanced MSCI EAFE Index ETF,85.75,1.39,1.65,43881.0,83.59,79.39,1.54,9.665,16.25,72.34,85.57
Innovator U.S. Small Cap Power Buffer ETF - August,29.28,0.24,0.83,43868.0,28.59,27.36,1.54,9.665,17.0,24.67,29.05
Eaton Vance Mortgage Opportunities ETF,49.88,0.22,0.44,43748.0,50.02,50.54,-0.11,0.65,-0.53,48.92,51.75
Tortoise North American Pipeline Fund,42.4,-0.23,-0.54,43720.0,42.66,39.61,-0.09,22.74,20.32,33.94,44.65
Fidelity Momentum Factor ETF,95.75,2.42,2.59,43714.0,94.91,87.53,3.34,11.5,20.65,76.63,98.87
Direxion Daily Semiconductors Top 5 Bear 2X ETF,5.39,-0.64,-10.6,43707.0,6.4,13.69,1.54,9.665,-72.97,5.01,23.62
State Street Utilities Select Sector SPDR Premium Income ETF,23.81,-0.02,-0.08,43644.0,24.32,24.71,1.54,9.665,-1.45,23.36,26.34
Fidelity Limited Term Bond ETF,50.01,0.08,0.17,43576.0,50.13,50.5,0.33,1.11,-1.25,49.42,51.16
Return Stacked Global Stocks & Bonds ETF,31.28,0.72,2.36,43528.0,30.5,29.26,1.54,9.665,15.63,26.3,32.29
Alpha Architect High Inflation And Deflation ETF,24.27,-0.1,-0.42,43525.0,24.24,23.8,1.54,9.665,6.54,22.69,24.7
Amplify Lithium & Battery Technology ETF,14.95,0.5,3.46,43436.0,15.51,15.06,-14.6,4.71,44.36,9.98,18.08
Pacer Nasdaq International Patent Leaders ETF,35.56,0.91,2.63,43435.0,35.84,30.88,1.54,9.665,48.35,23.36,38.85
Roundhill GOOGL WeeklyPay ETF,70.0,0.89,1.29,43413.0,68.43,69.1,1.54,9.665,35.33,50.34,83.17
Leverage Shares 2X Long TER Daily ETF,48.32,7.91,19.59,43386.0,49.72,40.07,1.54,9.665,176.81,12.19,80.05
Direxion Daily PANW Bear 1X Shares,10.73,-0.62,-5.44,43365.0,13.29,21.29,1.54,9.665,-57.5,10.75,30.87
Kurv Enhanced Short Maturity ET,25.02,0.02,0.1,43207.0,25.04,25.04,1.54,9.665,-0.12,24.94,25.12
First Trust Nasdaq-100 Select Equal Weight ETF,162.23,4.91,3.12,43055.0,155.16,142.58,13.05,9.3,16.11,122.38,162.19
iShares Russell Top 200 ETF,190.98,3.46,1.85,42940.0,184.59,174.1,3.81,8.64,20.49,155.38,189.18
YieldMax AI Option Income Strategy ETF,8.05,0.12,1.56,42860.0,8.71,13.62,1.54,9.665,-78.68,6.95,37.76
iShares U.S. Broker-Dealers & Securities Exchanges ETF,189.0,1.68,0.9,42846.0,184.53,177.68,5.8,4.54,8.0,157.78,196.44
Essential 40 Stock ETF,20.48,0.29,1.44,42787.0,19.76,18.28,1.54,9.665,26.28,15.92,20.27
VanEck Indonesia Index ETF,11.19,0.23,2.1,42712.0,10.65,14.23,-16.42,-34.04,-27.47,9.51,17.55
FlexShares Global Quality Real Estate Index Fund,65.22,-0.17,-0.25,42622.0,64.67,62.32,2.43,12.26,9.73,58.11,67.49
"United States 12 Month Natural Gas Fund, LP",5.9,-0.12,-1.99,42615.0,6.29,7.07,-7.49,-18.52,-24.09,5.92,9.11
Dimensional Emerging Markets High Profitability ETF,40.5,1.12,2.84,42550.0,41.29,36.22,1.54,9.665,38.27,28.42,45.13
iShares Morningstar Growth ETF,117.19,3.26,2.86,42548.0,114.81,106.88,1.83,7.63,14.36,91.26,120.57
ProShares UltraShort Yen,53.66,0.67,1.26,42524.0,55.67,52.24,5.34,7.29,21.18,42.92,57.92
Innovator Equity Autocallable I,23.36,0.23,0.99,42428.0,24.13,24.35,1.54,9.665,-6.41,22.91,27.32
SMART Trend 25 ETF,27.35,0.88,3.31,42369.0,22.93,22.18,1.54,9.665,31.11,19.65,26.93
Victoryshares Westend U.S. Sector ETF,52.61,0.89,1.72,42357.0,50.82,48.18,1.54,9.665,18.45,43.39,51.78
Global X Variable Rate Preferred ETF,21.98,0.02,0.09,42196.0,22.11,22.37,1.54,9.665,-4.72,21.7,23.38
Touchstone Securitized Income ETF,25.53,0.04,0.16,42140.0,25.74,26.02,1.54,9.665,-2.91,25.44,26.48
Dimensional International Sustainability Core 1 ETF,46.61,0.41,0.89,42139.0,45.33,43.93,1.54,9.665,17.71,39.08,47.87
Virtus Newfleet Multi-Sector Bond ETF,22.85,0.08,0.34,42079.0,22.89,23.02,0.37,1.66,-0.65,22.57,23.51
ProShares Russell 2000 Dividend Growers ETF,79.08,0.83,1.06,42065.0,75.53,70.85,8.1,19.69,20.06,63.86,79.43
iShares Systematic Bond ETF,87.41,0.45,0.52,41834.0,88.09,89.28,-0.67,-0.47,-1.84,86.82,91.2
Principal Focused Blue Chip ETF,39.19,0.37,0.95,41801.0,36.83,36.5,1.54,9.665,4.3,31.55,39.0
Goldman Sachs Technology Opportunities ETF,49.78,1.63,3.39,41801.0,48.14,42.44,8.38,19.25,20.27,34.43,50.59
BBH Select Large Cap ETF,17.64,0.19,1.1,41750.0,17.07,16.29,1.54,9.665,11.19,14.63,17.46
PIMCO Investment Grade Corporate Bond Index Exchange-Traded Fund,95.32,0.44,0.47,41691.0,96.2,97.46,-0.65,-0.46,-2.66,94.49,99.63
VanEck Social Sentiment ETF,35.94,1.62,4.72,41600.0,36.36,34.1,1.54,9.665,8.2,26.93,41.23
State Street SPDR MSCI EAFE Fossil Fuel Reserves Free ETF,55.72,0.77,1.4,41571.0,53.79,51.95,6.19,10.53,17.69,46.57,55.09
PGIM Laddered S&P 500 Buffer 12 ETF,32.64,0.21,0.66,41537.0,32.01,30.68,1.54,9.665,14.09,28.42,33.13
iShares iBonds Dec 2034 Term Tr,25.05,0.1,0.39,41524.0,25.22,25.66,1.54,9.665,-2.96,24.92,26.32
AllianzIM U.S. Equity 6 Month Buffer10 Jun/Dec ETF,31.44,0.26,0.84,41505.0,30.79,29.48,1.54,9.665,12.54,27.68,31.23
Invesco BulletShares (R) 2028 Municipal Bond ETF,23.38,0.03,0.13,41490.0,23.41,23.47,1.54,9.665,0.17,23.22,23.7
MFS Active Growth ETF,30.46,0.68,2.28,41474.0,29.77,28.42,1.54,9.665,9.4,24.51,30.85
Invesco BulletShares 2029 Municipal Bond ETF,23.0,0.04,0.17,41330.0,23.02,23.12,1.54,9.665,0.2,22.78,23.41
Leverage Shares 2X Long GRAB Daily ETF,6.47,0.29,4.74,41224.0,6.18,8.45,1.54,9.665,-57.63,5.0,15.37
Thrivent Small-Mid Cap Equity ETF,50.99,1.53,3.09,41183.0,49.08,44.89,1.54,9.665,24.12,38.38,52.37
Invesco BuyBack Achievers ETF,149.77,1.9,1.29,41035.0,141.28,136.25,6.09,9.81,18.36,124.38,148.67
Global X AI Semiconductor & Quantum ETF,94.52,5.68,6.39,40917.0,97.76,70.94,1.54,9.665,71.97,49.0,112.0
SP Funds S&P Global Technology ETF,47.34,1.68,3.67,40854.0,46.9,39.55,1.54,9.665,46.17,30.97,50.75
First Trust Multi Cap Value AlphaDEX Fund,107.17,0.91,0.85,40832.0,101.59,94.99,6.61,19.04,28.47,81.98,107.3
Horizon Core Bond ETF,24.81,0.11,0.45,40747.0,25.1,25.66,1.54,9.665,-2.08,24.1,26.27
Global X Rare Earth & Critical,28.74,1.34,4.88,40604.0,29.24,29.53,1.54,9.665,49.52,18.2,36.92
AllianzIM U.S. Equity Buffer20 May ETF,35.28,0.17,0.48,40581.0,34.77,33.94,1.54,9.665,8.33,32.35,35.25
AAM Transformers ETF,61.27,2.29,3.88,40530.0,59.81,52.35,1.54,9.665,34.25,43.22,64.5
Invesco DB Energy Fund,28.63,-1.28,-4.28,40528.0,29.34,24.52,-5.82,78.87,58.84,17.02,34.36
T. Rowe Price Dividend Growth ETF,50.42,0.67,1.35,40506.0,48.82,46.38,1.54,9.665,17.58,42.27,50.23
Burney U.S. Equity Select ETF,27.72,0.51,1.86,40355.0,26.8,25.91,1.54,9.665,9.2,23.22,28.02
KraneShares Global Carbon ETF,33.89,0.23,0.68,40345.0,33.35,32.69,1.54,9.665,11.42,27.0,36.5
Baillie Gifford U.S. Equity Growth ETF,26.33,1.4,5.6,40297.0,25.06,25.06,1.54,9.665,1.11,24.65,25.56
FlexShares International Quality Dividend Index Fund,35.44,0.55,1.58,40293.0,34.59,32.34,5.54,16.72,27.48,27.33,35.89
Day Hagan Smart Sector ETF,56.38,1.16,2.11,40283.0,54.8,50.73,1.54,9.665,21.57,45.21,56.34
Vanguard Russell 3000 Index Fund ETF Shares,341.0,6.27,1.87,40253.0,329.25,309.47,4.18,10.36,20.74,276.82,335.05
Sprott Gold Miners ETF,64.45,1.38,2.19,40163.0,65.25,71.81,-11.48,-9.42,30.88,46.79,96.5
BNY Mellon High Yield ETF,47.25,0.15,0.32,40144.0,47.42,47.84,1.54,9.665,-1.97,46.84,48.89
Fidelity Enhanced Emerging Markets ETF,40.52,0.99,2.5,40094.0,41.14,36.43,1.54,9.665,38.49,28.51,44.41
Goldman Sachs ActiveBeta U.S. Small Cap Equity ETF,92.52,1.67,1.84,40094.0,88.54,80.43,8.88,20.74,31.13,68.58,92.01
Anfield Universal Fixed Income ETF,9.41,0.02,0.21,40069.0,9.4,9.42,0.83,1.79,0.32,9.13,9.86
AB New York Intermediate Municipal ETF,24.83,0.05,0.18,40047.0,25.0,25.05,-0.32,0.73,-0.96,24.74,25.4
First Trust NYSE Arca Biotechnology Index Fund,247.12,1.62,0.66,39976.0,237.2,213.2,19.62,18.66,49.27,161.59,258.2
Shelton Equity Premium Income ETF,28.82,0.55,1.95,39832.0,27.99,26.75,1.54,9.665,13.27,24.24,29.54
Leverage Shares 2X Long FPS Dai,5.32,0.84,18.83,39764.0,7.47,7.47,1.54,9.665,-67.7,3.0,15.34
JPMorgan Global Select Equity E,74.1,1.0,1.37,39763.0,71.02,68.95,1.54,9.665,12.79,63.17,73.22
ActivePassive International Equity ETF,39.66,0.29,0.74,39752.0,38.43,37.13,1.54,9.665,18.94,32.92,39.5
Thornburg Multi Sector Bond ETF,25.25,0.07,0.28,39705.0,25.38,25.58,1.54,9.665,-1.49,25.11,26.52
YieldMax HIMS Option Income Strategy ETF,14.24,0.48,3.45,39697.0,15.18,20.69,1.54,9.665,-73.98,9.53,53.97
Corgi U.S. Equities 100% Struct,25.34,0.05,0.19,39564.0,25.23,25.22,1.54,9.665,0.56,25.12,25.66
Vanguard Wellington U.S. Growth Active ETF,65.41,1.75,2.75,39504.0,63.46,61.0,1.54,9.665,7.99,52.58,67.02
Global X Nasdaq-100 Income Edge,27.77,0.68,2.52,39465.0,28.07,26.62,1.54,9.665,11.09,23.23,30.54
Corgi Growth & Technology 10% S,25.75,0.27,1.06,39451.0,25.67,25.67,1.54,9.665,-1.01,24.55,26.25
Jpmorgan Active High Yield ETF,50.19,0.2,0.4,39443.0,50.3,50.49,1.54,9.665,-0.86,49.64,51.15
iShares J.P. Morgan EM Local Currency Bond ETF,42.88,0.23,0.54,39368.0,42.26,41.94,2.06,2.6,5.81,40.18,43.12
REX IncomeMax Option Strategy ETF,8.08,0.32,4.12,39264.0,11.26,14.14,1.54,9.665,-69.87,6.94,26.5
Invesco Russell 1000 Equal Weight ETF,60.74,0.87,1.45,39212.0,58.97,55.81,3.41,14.74,20.1,49.51,59.98
Corgi U.S. Equities 30% Structured Buffer ETF - July Series,25.58,0.07,0.26,39199.0,25.13,25.08,1.54,9.665,0.55,24.52,25.62
Weitz Core Plus Bond ETF,25.16,0.11,0.42,39197.0,25.53,25.54,1.54,9.665,1.83,24.99,25.94
Inspire Fidelis Multi Factor ETF,43.35,0.6,1.4,39165.0,41.54,38.43,1.54,9.665,32.85,31.91,42.8
Corgi U.S. Equities 30% Structured Buffer ETF - May Series,25.74,0.14,0.56,39070.0,25.41,25.39,1.54,9.665,1.47,24.88,25.6
Corgi Technology Leaders 15% Structured Buffer ETF - May Series,25.84,0.23,0.91,39067.0,25.64,25.6,1.54,9.665,1.99,24.94,25.99
First Trust Materials AlphaDEX Fund,79.88,2.03,2.61,39006.0,79.83,73.37,-3.89,18.92,34.27,57.21,85.99
Inspire Small/Mid Cap ETF,50.66,0.84,1.69,38952.0,48.43,42.69,11.34,30.08,37.89,35.62,50.48
Return Stacked Bonds & Managed Futures ETF,18.67,0.05,0.27,38910.0,19.14,18.84,1.54,9.665,17.08,15.86,20.67
Vanguard Short Duration Bond ETF Shares,75.84,0.09,0.12,38832.0,76.06,76.4,1.54,9.665,-0.53,75.7,77.64
iShares Global Comm Services ETF,119.05,0.63,0.53,38807.0,117.54,120.38,-6.26,-4.51,3.6,110.89,126.92
Corgi U.S. Small-Cap 15% Struct,25.96,0.18,0.72,38798.0,25.49,25.39,1.54,9.665,3.08,24.42,25.88
Corgi U.S. Equities 15% Structured Buffer ETF - May Series,25.9,0.11,0.44,38785.0,25.53,25.48,1.54,9.665,2.67,24.85,26.0
BNY Mellon Ultra Short Income ETF,49.6,0.01,0.02,38690.0,49.69,49.77,1.54,9.665,-0.33,49.54,49.96
Innovator International Developed Power Buffer ETF - February,31.9,0.19,0.6,38605.0,31.24,30.48,1.54,9.665,10.98,28.57,33.48
FT Vest Laddered International,23.86,0.11,0.46,38571.0,23.39,22.67,1.54,9.665,13.04,20.99,23.87
Corgi U.S. Equities 10% Structured Buffer ETF - May Series,26.12,0.17,0.66,38554.0,25.65,25.58,1.54,9.665,3.26,25.09,25.95
Global X Adaptive U.S. Factor ETF,52.19,0.35,0.67,38492.0,49.86,48.24,5.79,13.25,16.13,44.04,52.65
PGIM S&P 500 Buffer 20 ETF - August,32.01,0.2,0.63,38469.0,31.38,30.37,1.54,9.665,11.2,28.61,32.21
First Trust Water ETF,112.77,2.52,2.29,38463.0,106.57,108.92,1.59,0.42,-0.31,98.52,116.3
First Trust US Equity Opportunities ETF,185.2,4.6,2.55,38364.0,190.89,173.39,-2.16,8.52,19.22,142.97,206.18
Global X Short-Term Treasury Ladder ETF,49.6,0.01,0.02,38323.0,49.71,50.07,1.54,9.665,-1.09,49.5,50.68
Invesco Dorsey Wright Industrials Momentum ETF,226.49,5.73,2.6,38291.0,236.74,206.31,-7.06,23.45,34.94,156.0,262.73
BNY Mellon Municipal Short Duration ETF,25.41,0.05,0.18,38273.0,25.49,25.57,0.33,0.97,-0.99,25.23,25.81
Invesco Global ex-US High Yield Corporate Bond ETF,19.66,0.01,0.07,38181.0,19.75,19.83,0.6,2.82,-1.45,19.26,20.4
FlexShares Quality Dividend Index Fund,93.31,1.77,1.94,37918.0,89.52,83.83,6.99,14.01,22.22,74.72,91.64
Pacer Trendpilot International ETF,37.25,0.56,1.53,37850.0,36.4,33.89,1.54,9.665,27.72,28.57,37.52
Global X Purecap MSCI Communication Services ETF,31.05,0.08,0.26,37822.0,30.49,29.9,1.54,9.665,21.12,25.5,33.52
CoinShares Bitcoin ETF,18.1,0.11,0.61,37789.0,18.3,22.28,1.54,9.665,-43.99,16.37,35.7
NEOS Nasdaq-100 Hedged Equity I,54.77,0.71,1.31,37778.0,55.13,54.32,1.54,9.665,2.31,50.08,56.76
Vanguard Multi-Sector Income Bond ETF,50.94,0.21,0.41,37716.0,51.08,51.41,1.54,9.665,-0.75,50.48,52.2
FT Vest High Yield & Target Income ETF,18.93,0.08,0.45,37686.0,19.09,19.43,1.54,9.665,-5.04,18.85,20.15
Invesco BulletShares 2035 Munic,25.01,0.06,0.22,37670.0,25.39,25.45,1.54,9.665,-0.78,24.85,25.92
iShares International Dividend Growth ETF,92.13,0.44,0.48,37659.0,88.89,85.53,6.05,12.67,19.25,76.65,92.57
Franklin Pennsylvania Municipal Income ETF,8.58,0.06,0.7,37550.0,8.68,8.66,-0.44,1.13,-1.5,8.49,8.81
Cambria Shareholder Yield ETF,85.13,0.91,1.08,37454.0,80.44,75.08,7.0,22.39,29.53,64.37,85.43
Defiance Daily Target 2X Long M,26.15,0.76,2.99,37431.0,30.48,27.85,1.54,9.665,33.07,14.95,62.8
FPA Global Equity ETF,42.59,0.49,1.16,37423.0,40.26,38.32,1.54,9.665,23.52,34.03,42.18
iShares Currency Hedged MSCI Japan ETF,63.27,1.53,2.48,37279.0,63.28,57.92,6.19,17.8,35.13,45.53,66.92
Amplify TLT U.S. Treasury 12% Option Income ETF,20.07,0.08,0.4,37190.0,20.77,21.74,1.54,9.665,-12.12,19.85,23.36
JPMorgan BetaBuilders U.S. Small Cap Equity ETF,92.54,1.67,1.84,37184.0,88.69,80.39,1.54,9.665,33.63,67.28,92.32
First Trust Indxx Global Natural Resources Income ETF,16.75,0.17,1.02,37149.0,16.54,16.74,-5.33,6.71,15.2,14.31,19.13
Innovator Nasdaq-100 Managed Floor ETF,35.72,0.26,0.73,37128.0,35.73,34.75,1.54,9.665,15.02,30.83,36.95
Roundhill Magnificent Seven Cov,42.48,0.1,0.24,37082.0,43.54,48.79,1.54,9.665,-25.51,39.92,57.67
Corgi CRWV 2x Daily ETF,24.82,3.12,14.38,37049.0,19.79,19.79,1.54,9.665,-7.07,11.75,28.75
Columbia Diversified Fixed Income Allocation ETF,17.97,0.08,0.46,37032.0,18.08,18.28,-0.33,0.41,-1.61,17.85,18.62
First Trust Small Cap Core AlphaDEX Fund,146.67,2.27,1.57,37026.0,139.33,124.37,7.32,25.97,44.95,98.49,145.45
Vanguard Long-Term Tax-Exempt B,102.11,0.32,0.31,36998.0,103.6,103.73,1.54,9.665,2.44,98.78,105.84
WisdomTree Enhanced Commodity Strategy Fund,24.12,-0.01,-0.06,36896.0,23.96,23.05,1.54,9.665,20.71,19.96,26.5
iShares ESG MSCI USA Leaders ETF,137.48,2.26,1.67,36674.0,131.64,123.81,1.54,9.665,21.55,109.85,135.39
ProShares Ultra Energy,58.94,-0.69,-1.16,36646.0,55.78,49.71,-1.82,70.8,78.05,32.4,71.52
John Hancock Mortgage Backed Securities ETF,21.72,0.11,0.5,36593.0,21.86,22.12,1.54,9.665,-1.53,21.53,22.6
U.S. Global Technology and Aero,32.28,2.19,7.28,36589.0,32.09,27.52,1.54,9.665,30.15,22.4,36.16
SGI Enhanced Core ETF,25.48,-0.03,-0.11,36566.0,25.62,25.71,1.54,9.665,-0.75,25.08,26.25
KraneShares Electric Vehicles and Future Mobility Index ETF,30.33,0.72,2.45,36513.0,32.03,32.27,-19.96,-3.05,21.72,24.19,38.12
iShares iBonds Oct 2027 Term TIPS ETF,25.7,-0.01,-0.04,36476.0,26.02,26.01,1.54,9.665,-1.32,25.63,26.39
First Trust Small Cap BuyWrite Income ETF,20.24,0.2,0.99,36462.0,19.86,19.45,1.54,9.665,8.37,18.07,20.69
Roundhill HALO ETF,26.71,0.44,1.67,36282.0,25.54,25.47,1.54,9.665,4.91,24.35,26.63
Tradr 2X Long MPWR Daily ETF,15.0,-0.3,-1.96,36253.0,18.91,20.41,1.54,9.665,-41.71,13.29,28.0
Invesco S&P SmallCap Value with Momentum ETF,72.72,0.67,0.93,36107.0,69.15,62.36,8.38,25.79,36.9,51.97,72.46
PGIM Short Duration High Yield ETF,49.79,0.15,0.31,36088.0,49.92,50.21,1.54,9.665,-1.57,49.44,51.51
ProShares Ether ETF,22.79,0.05,0.21,36030.0,22.11,32.13,1.54,9.665,-63.37,18.68,84.43
Roundhill AAPL WeeklyPay ETF,38.98,0.92,2.41,35969.0,40.47,39.17,1.54,9.665,13.83,33.02,44.65
PGIM Short Duration Multi-Secto,50.85,0.06,0.12,35859.0,50.97,51.3,1.54,9.665,-0.85,50.61,52.03
21Shares Hyperliquid ETF,32.15,0.57,1.8,35797.0,36.44,35.19,1.54,9.665,34.4,22.54,44.12
American Century Multisector Income ETF,43.39,0.17,0.39,35782.0,43.5,43.97,1.54,9.665,-1.65,43.06,44.8
AllianzIM Buffer15 Uncapped All,30.95,0.48,1.58,35750.0,30.14,28.74,1.54,9.665,15.92,26.25,33.1
Allspring Core Plus ETF,24.31,0.09,0.39,35738.0,24.51,24.88,1.54,9.665,-3.33,24.04,25.63
SEI Select Emerging Markets Equ,38.71,0.89,2.35,35717.0,38.89,34.77,1.54,9.665,36.16,27.66,41.79
Direxion Daily SOFI Bull 2X ETF,15.51,1.05,7.28,35701.0,13.98,15.27,1.54,9.665,-38.57,9.99,23.91
Global X DAX Germany ETF,47.08,0.67,1.44,35597.0,44.93,44.86,4.81,3.73,5.54,40.35,47.7
iShares MSCI Emerging Markets Asia ETF,114.43,2.41,2.15,35579.0,114.57,103.35,2.08,19.48,33.64,83.63,122.73
Roundhill S&P 500 No Dividend Target ETF,31.49,0.56,1.81,35539.0,30.38,28.49,1.54,9.665,22.16,25.32,31.0
Eventide High Dividend ETF,31.82,0.48,1.54,35518.0,31.99,29.23,1.54,9.665,21.25,25.71,33.19
ProShares Ultra Utilities,22.5,-0.25,-1.08,35505.0,23.49,23.68,-10.61,5.67,1.27,20.25,26.8
iShares Interest Rate Hedged Long-Term Corporate Bond ETF,24.42,0.06,0.24,35466.0,24.55,24.51,1.27,1.91,1.28,23.75,25.05
Sterling Capital Hedged Equity,25.49,0.47,1.88,35360.0,24.84,24.67,1.54,9.665,0.04,23.12,25.93
iShares J.P. Morgan EM Corporate Bond ETF,45.22,0.12,0.27,35343.0,45.49,45.77,0.01,1.32,-0.97,44.92,46.5
State Street SPDR Portfolio Europe ETF,56.89,0.58,1.02,35299.0,55.04,53.25,4.93,9.82,18.17,47.54,56.46
State Street DoubleLine Short Duration Total Return Tactical ETF,46.81,0.07,0.15,35297.0,46.94,47.19,0.49,1.34,-1.04,46.73,47.55
ProShares Ultra 20+ Year Treasury,15.14,0.28,1.88,35291.0,15.84,16.64,-6.93,-9.9,-13.3,14.68,18.48
WisdomTree U.S. High Dividend Fund,117.9,0.9,0.77,35169.0,114.22,108.24,5.02,16.66,20.01,96.99,119.96
Invesco Dorsey Wright Emerging Markets Momentum ETF,31.75,1.28,4.21,35100.0,31.94,27.73,-2.95,27.01,39.16,21.83,35.17
Fidelity MSCI Materials Index ETF,59.1,1.28,2.21,35026.0,58.58,56.83,-2.18,9.65,14.09,48.76,62.84
Jpmorgan Sustainable Municipal Income ETF,49.51,0.15,0.3,35001.0,50.02,50.31,1.54,9.665,0.35,48.98,51.36
RJ Eagle GCM Dividend Select Income ETF,29.81,0.46,1.56,34932.0,28.94,27.17,1.54,9.665,17.63,24.23,29.4
Capital Group U.S. Large Value ETF,32.24,0.48,1.51,34915.0,30.51,28.43,1.54,9.665,28.15,24.66,31.79
State Street SPDR FTSE International Government Inflation-Protected Bond ETF,39.29,0.26,0.66,34818.0,39.48,39.78,-0.41,3.55,1.48,38.13,41.69
Tuttle Capital Daily 2X Inverse Regional Banks ETF,5.8,-0.09,-1.61,34795.0,6.62,8.21,1.54,9.665,-48.98,5.75,12.05
Horizon Dividend Income ETF,30.04,0.32,1.07,34782.0,29.41,28.11,1.54,9.665,17.55,25.24,30.81
FT Vest U.S. Equity Deep Buffer ETF - July,51.18,0.36,0.7,34615.0,50.07,48.29,1.54,9.665,12.01,45.31,50.86
TrueShares Seasonality Laddered Buffered ETF,28.2,0.38,1.37,34569.0,27.58,26.65,1.54,9.665,9.17,24.49,28.05
Fidelity Clean Energy ETF,23.17,0.5,2.21,34499.0,24.36,22.91,1.54,9.665,34.78,16.54,27.97
AB High Yield ETF,37.11,0.08,0.22,34483.0,37.24,37.47,1.54,9.665,-1.31,36.64,38.27
GraniteShares YieldBOOST SMCI E,6.26,0.04,0.71,34483.0,7.28,11.89,1.54,9.665,-75.57,6.19,26.93
Polen Dividend Income ETF,38.46,0.1,0.26,34430.0,38.01,37.26,1.54,9.665,7.09,34.67,39.67
Fidelity Quality Factor ETF,84.45,1.53,1.85,34407.0,81.19,77.24,6.3,10.44,17.04,70.44,83.03
WisdomTree Emerging Markets SmallCap Dividend Fund,63.17,1.65,2.68,34253.0,63.91,61.11,-3.41,8.16,10.75,54.97,66.9
FlexShares Ultra-Short Income Fund,75.16,0.02,0.03,34173.0,75.31,75.39,0.95,2.1,-0.29,74.36,75.98
Mairs & Power Minnesota Municipal Bond ETF,22.01,0.08,0.36,34158.0,22.29,22.43,1.54,9.665,0.71,21.61,23.14
Corgi AMD 2x Daily ETF,21.97,2.88,15.08,34100.0,22.94,22.94,1.54,9.665,-20.43,15.31,29.83
VelocityShares 3x Long Silver ETN Linked to the S&P GSCI Silver Index ER,13.24,0.05,0.4,34082.0,18.39,18.39,1.54,9.665,-34.03,12.53,24.49
Nuveen AA-BBB CLO ETF,25.08,0.06,0.24,33990.0,25.03,25.0,1.54,9.665,0.02,24.22,25.36
FT Vest Autocallable Barrier &,20.46,0.24,1.2,33918.0,37.235,36.85,1.54,9.665,7.35,0.0,0.0
GraniteShares YieldBOOST MU ETF,19.83,0.13,0.66,33871.0,22.99,23.99,1.54,9.665,-23.08,19.51,26.81
Virtus KAR Mid-Cap ETF,25.59,0.32,1.27,33843.0,25.0,24.8,1.54,9.665,2.81,23.14,26.03
Leverage Shares 2x Long World S,17.94,0.63,3.61,33804.0,17.17,16.33,1.54,9.665,15.48,13.0,18.11
iMGP Berkshire Dividend Growth ETF,15.17,0.28,1.86,33801.0,14.46,13.48,1.54,9.665,21.65,12.2,15.07
First Trust Emerging Markets Small Cap AlphaDEX Fund,44.84,1.08,2.48,33757.0,45.61,44.99,-7.14,5.94,4.88,40.94,49.49
iShares ESG Optimized MSCI USA ETF,158.25,3.13,2.02,33672.0,153.03,143.12,5.13,10.38,20.83,128.09,155.87
iShares iBonds 2031 Term High Y,25.47,0.06,0.22,33587.0,25.62,25.75,1.54,9.665,-1.24,25.12,26.16
Tuttle Capital Space Industry Income Blast ETF,22.89,0.99,4.5,33574.0,31.27,31.84,1.54,9.665,-12.19,19.42,52.9
VanEck Video Gaming and eSports ETF,95.33,0.8,0.85,33560.0,90.24,97.75,3.09,-8.73,-13.72,84.93,122.99
ProShares Ultra Solana ETF,17.82,0.14,0.79,33535.0,19.18,57.38,1.54,9.665,-90.48,13.0,395.3
Counterpoint Quantitative Equity ETF,51.77,0.97,1.9,33527.0,50.61,44.55,1.54,9.665,41.9,35.66,52.3
Innovator Equity Defined Protection ETF - 6 Mo Jan/Jul,30.18,0.08,0.27,33506.0,29.89,29.33,1.54,9.665,6.29,28.3,30.1
Hedgeye Fourth Turning ETF,26.14,0.1,0.38,33454.0,26.75,26.42,1.54,9.665,1.64,24.92,28.84
Invesco Exchange-Traded Self-Indexed Fund Trust - Invesco BulletShares 2035 Corporate Bond ETF,20.2,0.11,0.53,33377.0,20.35,20.65,1.54,9.665,-2.52,19.99,21.16
ProShares Ultra TSLA,15.06,0.51,3.51,33372.0,24.03,29.53,1.54,9.665,-47.17,12.77,46.11
Eaton Vance Floating-Rate ETF,48.52,0.04,0.08,33352.0,48.74,49.03,1.54,9.665,-2.74,48.08,50.12
ABACUS FCF LEADERS ETF,83.66,1.67,2.03,33322.0,82.69,75.72,3.84,15.31,19.64,63.92,86.01
Leverage Shares 2X Long PANW Daily ETF,35.43,3.44,10.76,33293.0,26.18,15.15,1.54,9.665,185.04,6.05,36.58
Invesco Bloomberg Enhanced Fall,18.22,0.08,0.47,33150.0,18.25,18.43,0.49,0.82,-0.54,17.76,18.73
VictoryShares WestEnd Global Eq,35.12,0.68,1.96,33110.0,34.16,32.02,1.54,9.665,21.67,28.32,34.89
Innovator Growth-100 Power Buffer ETF - June,32.66,0.46,1.43,33066.0,32.42,31.83,1.54,9.665,7.54,29.9,33.32
State Street SPDR S&P Emerging Markets Small Cap ETF,70.45,2.05,3.0,33047.0,72.44,69.22,-7.6,3.21,7.63,63.45,76.61
YieldmaxTM Ultra Short Option Income Strategy ETF,21.63,-0.27,-1.23,32878.0,23.66,30.02,1.54,9.665,-54.88,21.95,50.47
Invesco S&P MidCap Value with Momentum ETF,75.67,0.71,0.95,32877.0,71.37,66.78,7.41,17.42,34.1,55.24,75.45
Vanguard Wellington U.S. Value Active ETF,71.63,0.65,0.92,32874.0,68.26,65.25,1.54,9.665,19.26,58.71,70.97
Franklin International Dividend Booster Index ETF,38.81,0.08,0.19,32860.0,37.7,35.8,1.54,9.665,23.82,31.22,39.0
HCM Defender 100 Index ETF,85.2,4.01,4.94,32857.0,83.63,78.45,1.54,9.665,17.53,68.57,89.64
iShares MSCI Belgium ETF,26.91,0.28,1.05,32818.0,26.78,25.49,6.46,12.21,19.2,22.3,27.73
Invesco BulletShares 2031 Municipal Bond ETF,20.8,0.05,0.22,32815.0,20.91,21.08,1.54,9.665,0.32,20.63,21.53
Kurv SpaceX Enhanced Income ETF,15.41,1.23,8.64,32806.0,17.47,17.47,1.54,9.665,-40.55,13.37,26.4
Tema U.S. Manufacturing & Resho,58.79,0.58,1.0,32802.0,58.28,50.16,1.54,9.665,49.95,39.85,67.0
First Trust Consumer Discretionary AlphaDEX Fund,71.78,0.89,1.26,32793.0,68.68,67.79,4.47,2.67,9.64,61.86,72.5
Invesco Dorsey Wright Healthcare Momentum ETF,59.61,1.53,2.64,32777.0,55.61,51.24,14.82,16.89,53.74,36.84,61.78
Sprott Lithium Miners ETF,10.42,0.42,4.16,32747.0,12.8,13.11,1.54,9.665,46.42,6.73,18.56
State Street SPDR Dow Jones International Real Estate ETF,28.19,0.18,0.64,32742.0,27.3,28.0,0.56,2.14,2.68,26.07,30.47
YieldMax Crypto Industry & Tech Portfolio Option Income ETF,20.07,0.07,0.35,32681.0,21.66,24.62,1.54,9.665,-44.54,18.36,38.78
Defiance Space and Connective Tech ETF,86.48,4.67,5.71,32613.0,90.73,75.16,-3.67,28.46,48.43,54.35,106.59
YieldMax JP Option Income Strat,14.75,0.18,1.27,32599.0,14.11,14.8,1.54,9.665,-12.7,13.26,17.49
Calamos Russell 2000 Structured Alt Protection ETF - July,27.76,0.08,0.3,32578.0,27.61,27.1,1.54,9.665,6.79,25.86,27.73
Invesco S&P SmallCap 600 Pure Growth ETF,71.52,1.73,2.48,32537.0,68.3,60.3,6.92,26.28,36.04,48.69,73.24
AdvisorShares New Tech and Media ETF,9.41,2.41,34.37,32508.0,9.24,9.24,1.54,9.665,-45.18,5.51,15.0
Dana Unconstrained Equity ETF,27.78,0.67,2.47,32458.0,24.08,23.69,1.54,9.665,3.19,19.5,28.55
WisdomTree U.S. Efficient Core Fund,60.35,0.94,1.58,32407.0,58.78,55.99,4.13,9.0,16.93,50.49,60.0
Ishares Lifepath Target Date 2040 ETF,39.13,0.54,1.41,32350.0,38.27,36.56,1.54,9.665,15.77,33.29,38.75
ProShares Investment Grade—Interest Rate Hedged,78.01,0.14,0.18,32317.0,78.23,78.28,0.96,2.3,-0.31,76.83,79.56
The Laddered T-Bill ETF,25.0,-0.01,-0.03,32310.0,25.01,25.02,1.54,9.665,0.08,24.74,25.1
iShares iBonds 1-5 Year Treasury Ladder ETF,24.94,0.03,0.11,32233.0,25.03,25.23,1.54,9.665,-0.93,24.79,25.8
Ishares ESG Aware MSCI USA Value ETF,36.93,0.5,1.37,32188.0,35.35,33.35,1.54,9.665,20.6,30.08,36.43
Global X Blockchain ETF,68.19,0.14,0.21,32186.0,77.09,75.87,1.54,9.665,21.74,50.99,123.69
Invesco BulletShares (R) 2027 Municipal Bond ETF,23.59,0.01,0.04,32186.0,23.62,23.66,1.54,9.665,0.0,23.48,23.85
JPMorgan BetaBuilders International Equity ETF,80.61,1.01,1.27,32162.0,78.26,75.45,1.54,9.665,19.2,66.62,80.37
GraniteShares YieldBOOST MARA ETF,5.86,-0.01,-0.25,32116.0,6.53,10.72,1.54,9.665,-75.79,5.8,24.89
Nuveen ESG Small-Cap ETF,52.94,1.07,2.06,32056.0,50.82,47.43,5.92,16.17,26.27,40.65,52.46
Tuttle Capital Concentrated Memory Stack ETF,24.21,1.62,7.17,32042.0,26.17,26.17,1.54,9.665,-15.49,19.43,31.9
Janus Henderson Small/Mid Cap Growth Alpha ETF,96.84,2.21,2.34,32007.0,96.05,87.43,6.27,16.37,19.67,75.3,101.7
BufferLABS US Equity Dynamic Bu,55.37,0.3,0.54,31992.0,54.31,51.97,1.54,9.665,9.78,48.87,55.11
John Hancock Multifactor Small Cap ETF,49.73,0.73,1.49,31964.0,47.81,44.81,6.3,17.15,23.27,39.27,49.0
Innovator U.S. Small Cap Power Buffer ETF - January,46.22,0.22,0.47,31943.0,45.31,43.0,1.54,9.665,20.97,37.77,46.04
VistaShares Robotics Supercycle ETF,25.53,1.09,4.44,31891.0,23.82,23.82,1.54,9.665,-2.55,22.01,27.58
Leverage Shares 2X Long AAL Dai,16.55,1.02,6.57,31712.0,15.23,13.56,1.54,9.665,32.05,7.07,22.07
YieldMax CRCL Option Income Str,12.64,0.56,4.65,31702.0,16.04,23.8,1.54,9.665,-74.8,11.75,57.31
Roundhill Ether Covered Call St,8.88,0.02,0.23,31685.0,8.83,13.56,1.54,9.665,-66.09,7.63,31.78
NYLI Hedge Multi-Strategy Tracker ETF,36.52,0.25,0.69,31565.0,36.27,34.88,1.09,7.67,11.43,32.52,36.89
Invesco S&P Emerging Markets Momentum ETF,21.14,1.03,5.12,31499.0,22.59,19.53,-1.61,14.96,17.6,16.24,26.17
Innovator Equity Dual Directional 15 Buffer ETF - January,19.97,0.05,0.25,31423.0,19.74,19.35,1.54,9.665,4.84,18.54,19.95
Alpha Architect Tail Risk ETF,90.4,-0.05,-0.06,31399.0,90.48,90.34,1.54,9.665,1.71,88.91,90.97
F/m US Treasury 12 Month Bill ETF,50.01,0.03,0.05,31358.0,50.05,50.16,1.54,9.665,-0.16,49.91,50.33
DoubleLine Commercial Real Estate Debt ETF,51.52,0.05,0.09,31332.0,51.67,51.93,1.54,9.665,-0.82,51.38,52.56
Tradr 2X Long LEU Daily ETF,14.76,0.76,5.43,31317.0,13.09,17.75,1.54,9.665,-45.08,8.8,28.93
iShares Morningstar Small-Cap Growth ETF,65.26,1.52,2.38,31295.0,63.12,58.71,3.67,13.23,25.35,50.3,65.97
FT Vest U.S. Equity Moderate Buffer ETF - July,44.45,0.35,0.79,31248.0,43.43,41.93,1.54,9.665,12.07,39.3,44.16
iShares CMBS ETF,48.28,0.16,0.33,31236.0,48.47,48.92,-0.24,0.13,-1.29,48.01,50.09
Invesco S&P Spin-Off ETF,138.72,2.91,2.14,31220.0,139.31,117.98,4.12,33.33,58.86,84.82,150.43
TSPY Lift ETF,23.98,0.49,2.08,31164.0,23.43,23.12,1.54,9.665,-1.52,20.2,24.99
Bondbloxx Bloomberg Seven Year Target Duration US Treasury ETF,46.61,0.23,0.5,31158.0,46.93,47.75,1.54,9.665,-3.04,46.36,48.98
Guru Favorite Stocks ETF,36.63,0.26,0.72,31116.0,35.55,34.57,1.54,9.665,11.72,30.65,36.43
Polen Focus Growth ETF,23.0,0.38,1.68,31108.0,22.11,22.94,1.54,9.665,-9.63,19.73,25.89
Fidelity Crypto Industry and Digital Payments ETF,42.48,0.51,1.2,31077.0,43.41,41.88,1.54,9.665,16.61,30.64,60.29
GraniteShares HIPS US High Income ETF,11.6,0.08,0.69,31074.0,11.54,11.75,-2.44,5.21,-5.34,11.28,12.3
Calamos Laddered S&P 500 Struct,28.21,0.06,0.21,31027.0,27.96,27.47,1.54,9.665,6.39,26.46,28.24
Alger Mid Cap 40 ETF,23.25,0.6,2.65,30957.0,23.01,21.54,1.54,9.665,12.73,18.46,24.82
Leverage Shares 2X Long META Daily ETF,13.88,-0.13,-0.93,30889.0,15.83,15.83,1.54,9.665,-11.22,11.15,19.12
SEI Select Small Cap ETF,33.56,0.64,1.95,30866.0,32.34,29.7,1.54,9.665,27.38,25.53,33.7
Invesco BulletShares (R) 2026 Municipal Bond ETF,23.55,0.01,0.06,30844.0,23.56,23.61,1.54,9.665,0.04,23.46,23.75
Fidelity Corporate Bond ETF,46.51,0.21,0.45,30836.0,46.95,47.6,-0.66,-0.59,-2.73,46.11,48.79
iShares Large Cap Moderate Quarterly Laddered ETF,37.75,0.35,0.94,30804.0,36.89,35.44,1.54,9.665,13.74,32.85,37.63
Defiance Daily Target 2x Long LMND ETF,9.58,0.33,3.53,30785.0,14.34,22.82,1.54,9.665,-44.08,6.9,55.0
YieldMax CVNA Option Income Strategy ETF,20.93,0.43,2.11,30722.0,21.82,29.26,1.54,9.665,-50.98,17.96,43.79
Grayscale Decentraland Trust,0.58,0.05,9.43,30700.0,0.64,1.03,1.54,9.665,-75.91,0.41,3.3
Barron's 400 ETF,24.45,0.47,1.96,30691.0,23.24,21.67,7.66,16.49,22.8,19.31,24.05
Simplify US Equity PLUS Managed,26.44,-0.31,-1.16,30583.0,28.5,27.5,1.54,9.665,28.59,24.8,33.64
ALPS International Sector Dividend Dogs ETF,43.93,0.21,0.48,30577.0,42.65,40.74,4.46,16.43,27.43,34.2,44.37
ProShares Russell 2000 High Income ETF,46.61,0.66,1.44,30512.0,45.58,42.23,1.54,9.665,24.29,36.61,47.07
iShares U.S. Digital Infrastructure and Real Estate ETF,120.24,5.07,4.41,30472.0,120.34,101.98,-5.25,33.42,39.13,81.12,133.05
North Square RCIM Tax-Advantaged Preferred and Income Securities ETF,25.47,-0.02,-0.06,30442.0,25.49,25.62,1.54,9.665,0.24,25.22,26.3
JPMorgan U.S. Value Factor ETF,59.82,1.41,2.41,30412.0,57.68,52.21,8.66,19.9,30.67,44.42,59.2
TappAlpha Cboe Magnificent 10 G,25.08,1.18,4.94,30348.0,23.23,23.23,1.54,9.665,-1.89,21.97,24.46
First Trust Dorsey Wright International Focus 5 ETF,26.01,0.48,1.88,30152.0,26.65,26.01,-6.36,3.77,9.9,23.11,28.7
TrueShares S&P Autocallable Defensive Income ETF,25.5,0.39,1.54,30138.0,25.37,24.92,1.54,9.665,0.58,21.8,26.24
3EDGE Dynamic US Equity ETF,32.22,0.68,2.16,30123.0,31.47,29.5,1.54,9.665,20.32,26.21,32.19
Angel Oak High Yield Opportunities ETF,11.02,0.03,0.23,30059.0,11.04,11.09,1.54,9.665,-1.34,10.86,11.29
Xtrackers MSCI Europe Hedged Equity ETF,55.14,0.48,0.88,30003.0,53.15,50.08,7.94,13.88,23.39,44.14,54.82
State Street US Sector Rotation ETF,66.63,1.4,2.15,29991.0,64.74,62.35,3.11,4.9,17.43,55.46,66.69
First Trust International Equity Opportunities ETF,71.63,2.66,3.86,29978.0,75.87,66.85,-1.66,16.78,24.88,54.85,86.63
Kurv High Income ETF,21.14,0.51,2.47,29920.0,21.89,21.47,1.54,9.665,-18.26,17.67,25.92
Davis Select Financial ETF,52.46,0.63,1.22,29915.0,49.0,47.31,9.91,7.24,20.79,42.68,51.98
iShares ESG Select Screened S&P Mid-Cap ETF,52.58,1.04,2.02,29852.0,50.97,47.43,1.54,9.665,22.48,41.58,52.27
TCW Core Plus Bond ETF,37.25,0.15,0.42,29794.0,37.49,38.06,-0.32,-0.18,-3.12,37.05,39.35
Goldman Sachs Access Inflation Protected USD Bond ETF,47.61,0.07,0.15,29761.0,48.56,49.32,-1.27,0.58,-4.04,47.52,50.32
Neos Enhanced Income Aggregate Bond ETF,46.59,0.13,0.27,29707.0,46.81,47.36,1.54,9.665,-1.85,46.2,48.45
Thornburg International Equity,36.38,0.18,0.49,29640.0,34.72,32.95,1.54,9.665,23.07,29.31,36.7
Leverage Shares 2X Long AAPL Daily ETF,14.39,0.59,4.24,29470.0,15.97,15.97,1.54,9.665,-6.95,13.5,17.93
Inspire 100 ETF,56.27,1.34,2.44,29470.0,55.36,49.81,3.84,22.47,29.9,42.02,58.17
Themes China Generative Artificial Intelligence ETF,37.07,1.63,4.6,29427.0,36.51,34.79,1.54,9.665,29.11,27.19,40.93
FT Vest Nasdaq-100 Conservative,25.58,0.27,1.07,29393.0,25.01,24.11,1.54,9.665,11.94,22.6,25.7
iShares iBonds Dec 2035 Term Treasury ETF,24.7,0.12,0.47,29315.0,24.89,25.32,1.54,9.665,-2.94,24.57,26.0
iShares 0-1 Year TIPS Bond ETF,49.96,-0.03,-0.07,29312.0,50.45,50.25,1.54,9.665,1.26,49.88,50.93
Ishares Lifepath Target Date 2045 ETF,40.78,0.63,1.56,29291.0,39.77,37.72,1.54,9.665,18.22,33.9,40.35
Invesco Pharmaceuticals ETF,122.72,1.02,0.84,29259.0,115.62,107.04,15.94,16.81,45.12,82.62,123.59
Nuveen ESG International Developed Markets Equity ETF,41.15,0.59,1.45,29239.0,39.58,38.23,6.42,12.01,15.16,34.7,40.57
Tradr 2X Long QNT Daily ETF,11.47,0.94,8.94,29225.0,14.18,14.18,1.54,9.665,-54.34,7.66,27.3
Bondbloxx IR+M Tax-Aware Short Duration ETF,50.41,0.03,0.05,29204.0,50.61,50.73,1.54,9.665,-0.7,50.35,51.13
F/M Accumulator Ultrashort U.S. Treasury Fund,100.53,0.03,0.02,29117.0,100.27,100.27,1.54,9.665,0.49,100.01,101.45
Brookmont Catastrophic Bond ETF,19.87,0.0,0.0,29038.0,19.83,20.01,1.54,9.665,-0.74,19.64,20.63
iShares MSCI Agriculture Producers ETF,44.77,0.6,1.36,28967.0,44.23,42.94,-2.2,15.47,9.71,38.0,47.27
Simplify US Equity PLUS Convexity ETF,48.34,2.09,4.51,28964.0,45.37,43.3,1.54,9.665,13.77,38.5,46.58
iShares Morningstar Mid-Cap ETF,99.52,1.59,1.62,28803.0,95.51,87.88,7.44,17.87,21.35,78.89,98.15
iShares Russell 2000 BuyWrite ETF,39.77,0.37,0.93,28727.0,39.19,39.04,1.54,9.665,3.83,36.21,41.81
Innovator Equity Dual Directional 15 Buffer ETF - July,21.54,0.13,0.61,28719.0,21.19,20.72,1.54,9.665,8.16,19.76,21.43
Leverage Shares 2X Long Memory Daily ETF,12.74,1.64,14.75,28703.0,11.55,11.55,1.54,9.665,-26.76,8.84,15.73
iShares Global Industrials ETF,205.29,4.5,2.24,28652.0,196.28,187.23,1.8,13.73,20.35,165.7,203.2
Innovator Nasdaq-100 Power Buffer ETF - July,76.93,1.13,1.5,28617.0,76.44,73.85,1.54,9.665,10.21,68.69,84.73
First Trust Nasdaq Transportation ETF,45.76,0.92,2.06,28613.0,44.75,40.54,9.42,16.16,38.67,32.1,46.17
Pinnacle Focused Opportunities ETF,38.26,1.47,4.01,28587.0,41.57,37.55,1.54,9.665,33.24,25.51,47.49
Fieldstone UVA Unconstrained Medium-Term Fixed Income ETF,21.5,-0.01,-0.02,28451.0,21.75,22.1,-1.66,-2.04,-1.94,21.31,23.11
NYLI MacKay Core Plus Bond ETF,20.72,0.06,0.31,28437.0,20.86,21.14,1.54,9.665,-2.55,20.56,21.65
AllianzIM U.S. Equity Buffer20 Jun ETF,34.9,0.25,0.73,28405.0,34.31,33.69,1.54,9.665,7.81,32.07,36.09
Aptus International Enhanced Yield ETF,27.86,0.4,1.44,28289.0,27.43,25.83,1.54,9.665,22.55,22.3,28.44
iShares Infrastructure Active E,28.2,0.13,0.46,28285.0,28.6,27.79,1.54,9.665,9.99,23.96,29.8
Overlay Shares Foreign Equity ETF,32.02,0.56,1.78,28241.0,31.6,30.61,1.54,9.665,15.7,27.15,32.76
Goldman Sachs Dynamic California Municipal Income ETF,50.43,0.16,0.32,28240.0,50.88,50.97,1.54,9.665,1.07,49.64,52.09
Sprott Active Metals & Miners E,25.89,1.22,4.96,28219.0,26.45,26.86,1.54,9.665,22.71,19.89,34.46
PGIM Floating Rate Income ETF,49.52,0.04,0.08,28107.0,49.55,49.48,1.54,9.665,-0.96,48.6,50.48
Kensington Credit Opportunities ETF,24.65,0.06,0.24,28085.0,24.66,24.86,1.54,9.665,-1.58,24.45,25.24
Sprott Junior Gold Miners ETF,79.24,3.12,4.1,28078.0,78.99,86.76,-13.7,-9.52,48.01,49.56,115.78
iShares iBonds Oct 2032 Term TIPS ETF,25.29,0.03,0.12,28073.0,25.67,25.93,1.54,9.665,-2.92,25.14,26.56
FT Vest Gold Strategy Quarterly Buffer ETF,16.47,0.0,0.01,28023.0,16.65,19.09,1.54,9.665,-24.87,16.11,25.34
Global X Hydrogen ETF,43.26,2.04,4.94,28003.0,52.62,44.41,1.54,9.665,72.91,23.47,74.8
Bondbloxx BBB Rated 5-10 Year Corporate Bond ETF,50.74,0.24,0.48,27989.0,51.11,51.75,1.54,9.665,-2.27,50.47,52.74
Global X SuperDividend REIT ETF,22.58,-0.14,-0.62,27978.0,22.59,22.22,1.52,8.39,6.94,20.72,23.48
Innovator Laddered Allocation Buffer ETF,40.18,0.4,0.99,27942.0,39.19,37.38,1.54,9.665,15.86,34.23,40.12
Zacks Small/Mid Cap ETF,43.47,0.78,1.83,27752.0,42.93,39.69,1.54,9.665,23.47,34.37,44.77
iShares Core 5-10 Year USD Bond ETF,43.07,0.22,0.51,27697.0,43.38,43.94,-0.77,-0.49,-1.7,41.92,44.83
Invesco Dividend Achievers ETF,57.33,0.81,1.43,27694.0,55.59,53.14,4.62,10.31,16.64,48.36,57.15
BondBloxx Private Credit CLO ET,49.67,-0.09,-0.18,27637.0,49.73,49.91,1.54,9.665,-1.01,48.86,51.09
Sterling Capital National Munic,24.75,0.06,0.26,27603.0,24.99,25.06,1.54,9.665,-1.71,24.64,25.5
Invesco Bulletshares 2033 High Yield Corporate Bond ETF,25.21,0.13,0.51,27573.0,25.12,25.33,1.54,9.665,-1.49,24.55,25.89
iPath Bloomberg Commodity Index Total Return(SM) ETN,45.9,-0.77,-1.65,27572.0,46.52,43.3,-6.05,25.98,39.56,33.18,51.73
iShares Currency Hedged MSCI ACWI ex U.S. ETF,45.75,0.61,1.34,27571.0,45.43,42.19,5.04,15.61,27.14,35.42,47.43
Yields for You Strategy A ETF,9.78,0.03,0.36,27547.0,9.8,9.86,1.54,9.665,-1.08,9.3,10.27
Simplify Enhanced Income ETF,22.29,0.69,3.19,27546.0,21.57,21.99,1.54,9.665,-7.08,21.12,23.88
ALPS O'Shares U.S. Small-Cap Quality Dividend ETF Shares,49.94,0.77,1.57,27456.0,47.34,45.57,7.01,13.55,13.16,42.08,49.64
Fidelity Magellan ETF,37.1,0.68,1.86,27428.0,36.06,34.66,1.54,9.665,5.02,30.49,37.19
Invesco Golden Dragon China ETF,25.6,-0.06,-0.22,27399.0,24.17,27.62,-4.19,-11.24,-10.59,21.69,34.54
Equable Shares Hedged Equity ETF,30.49,0.1,0.33,27351.0,30.02,29.56,2.65,4.64,5.4,28.15,30.45
WisdomTree International Quality Dividend Growth Fund,44.47,0.46,1.05,27335.0,43.09,42.0,6.3,7.72,15.63,37.99,44.52
Simplify Bitcoin Strategy ETF,9.03,0.05,0.61,27308.0,9.26,13.08,1.54,9.665,-70.43,8.22,34.73
iShares Energy Storage & Materials ETF,40.16,1.77,4.62,27294.0,42.72,36.09,1.54,9.665,60.0,24.0,48.15
ALPS Medical Breakthroughs ETF,65.58,2.05,3.23,27289.0,59.6,52.76,18.67,24.03,90.77,32.47,69.34
Congress Large Cap Growth ETF,40.99,1.07,2.68,27266.0,39.67,38.4,1.54,9.665,8.15,33.89,40.91
Innovator Emerging Markets Power Buffer ETF - January,36.2,0.25,0.69,27255.0,35.75,34.7,1.54,9.665,11.06,32.28,36.23
Direxion Daily FTSE Europe Bull 3X Shares,50.81,1.69,3.44,27251.0,45.93,42.93,12.51,20.72,51.7,31.77,51.65
REX WMT Growth & Income ETF,20.91,0.14,0.69,27243.0,22.56,26.02,1.54,9.665,-16.95,20.13,30.34
Invesco S&P SmallCap High Dividend Low Volatility ETF,14.36,0.09,0.62,27227.0,13.99,13.43,3.84,14.69,8.44,12.3,14.87
3EDGE Dynamic Hard Assets ETF,32.91,0.02,0.06,27212.0,33.02,32.57,1.54,9.665,24.07,26.29,35.94
Invesco CurrencyShares Swiss Franc Trust,108.89,0.14,0.12,27204.0,109.8,111.42,-3.44,-2.29,-0.91,107.39,116.3
"Direxion Daily Robotics, Artificial Intelligence & Automation Index Bull 2X Shares",24.49,1.53,6.67,27150.0,25.06,25.85,-16.63,-9.73,-1.7,19.12,32.08
iShares U.S. Carbon Transition Readiness Aware Active ETF,82.73,1.45,1.79,27084.0,79.95,75.61,1.54,9.665,18.78,67.95,81.41
ARK Israel Innovative Technology ETF,30.56,0.74,2.48,26989.0,30.32,29.61,-2.72,-0.25,11.25,25.96,32.76
F/m Ultrashort Treasury Inflation-Protected Security (TIPS) ETF,49.93,-0.03,-0.06,26854.0,49.98,49.92,1.54,9.665,-0.35,49.49,50.35
iShares Interest Rate Hedged Corporate Bond ETF,92.41,0.11,0.12,26818.0,92.97,93.0,1.24,2.26,0.51,91.15,94.38
Calamos S&P 500 Structured Alt Protection ETF - August,28.03,0.04,0.15,26800.0,27.76,27.21,1.54,9.665,6.58,26.22,28.04
iShares Global Utilities ETF,83.59,-0.18,-0.21,26792.0,84.53,83.48,-4.4,7.86,9.98,73.65,90.09
iShares U.S. Tech Independence Focused ETF,109.93,4.67,4.44,26767.0,106.36,100.86,2.02,3.8,8.13,84.32,118.7
Invesco S&P SmallCap Quality ETF,50.01,1.06,2.16,26718.0,47.08,44.28,7.44,16.81,17.61,40.02,48.95
Cambria Foreign Shareholder Yield ETF,39.19,0.1,0.26,26708.0,37.98,35.73,2.7,21.81,30.17,29.93,39.64
Natixis Gateway Quality Income ETF,60.37,0.66,1.11,26688.0,58.99,57.42,1.54,9.665,11.05,53.47,59.95
iShares Morningstar Value ETF,107.47,1.04,0.97,26679.0,102.47,97.06,6.42,12.41,27.23,83.43,106.53
Grayscale Bitcoin Covered Call ETF,13.11,0.11,0.88,26658.0,13.6,18.47,1.54,9.665,-62.41,12.31,36.3
Sprott Active Gold & Silver Miners ETF,41.37,1.59,3.99,26651.0,40.2,43.92,1.54,9.665,51.32,25.69,59.02
Timothy Plan International ETF,38.51,0.47,1.24,26649.0,37.47,36.25,1.54,9.665,17.95,32.22,38.85
Tradr 2X Long Innovation ETF,42.41,3.45,8.84,26637.0,44.23,50.79,1.54,9.665,-34.17,30.7,94.0
IDX Dynamic Fixed Income ETF,22.65,0.06,0.27,26587.0,22.72,22.97,1.54,9.665,-2.57,22.5,23.47
KraneShares Bosera MSCI China A 50 Connect Index ETF,33.22,0.4,1.22,26581.0,33.73,31.72,-2.21,6.21,28.45,25.51,35.46
Leverage Shares 2X Long PLUG Daily ETF,8.15,0.63,8.42,26560.0,15.13,15.44,1.54,9.665,-49.43,6.13,36.66
YieldMax INTC Option Income Str,42.0,3.72,9.73,26500.0,49.46,49.46,1.54,9.665,-30.98,35.42,60.63
Leverage Shares 2X Long GEV Daily ETF,26.26,0.5,1.96,26486.0,28.14,23.96,1.54,9.665,69.01,12.07,39.74
Infrastructure Capital Bond Income ETF,50.23,0.17,0.35,26485.0,50.68,50.73,1.54,9.665,0.75,49.23,52.01
CapForce IBD 50 ETF,38.04,0.92,2.48,26481.0,40.2,37.87,-3.88,6.64,8.51,31.61,44.08
WisdomTree Global ex-U.S. Quality Growth Fund,46.14,0.92,2.03,26430.0,45.25,42.93,2.38,9.54,16.91,38.38,46.8
YieldMax S&P 500 0DTE Covered C,41.73,0.06,0.14,26421.0,41.73,43.01,1.54,9.665,-7.16,39.07,46.65
Parnassus Core Select ETF,29.6,0.24,0.83,26397.0,28.1,27.06,1.54,9.665,13.98,24.22,29.39
Neuberger Option Strategy ETF,28.48,0.08,0.28,26378.0,28.03,27.49,1.54,9.665,8.44,26.07,28.4
Innovator Equity Defined Protec,27.69,0.02,0.07,26366.0,27.45,26.93,1.54,9.665,6.39,26.0,27.69
Direxion Daily S&P 500 Bull 2X Shares,228.19,7.67,3.48,26356.0,214.31,193.03,6.85,16.73,37.29,154.85,223.49
iShares High Yield Corporate Bond Buywrite Strategy ETF,28.9,0.07,0.25,26340.0,28.98,29.52,1.54,9.665,-3.48,28.79,30.46
Tradr 2X Long ACHR Daily ETF,12.33,2.02,19.64,26279.0,13.98,31.5,1.54,9.665,-88.45,8.54,156.25
First Trust Alternative Absolute Return Strategy ETF,30.55,-0.21,-0.69,26270.0,32.21,31.28,-9.62,14.32,7.13,26.73,35.81
Fidelity Disruptive Automation ETF,40.15,1.48,3.84,26239.0,38.37,35.79,1.54,9.665,21.98,30.45,40.25
Leverage Shares 2X Long BA Daily ETF,15.69,0.49,3.23,26187.0,13.82,14.78,1.54,9.665,-14.06,10.34,20.43
Innovator Russell 2000 Power Buffer ETF - July,34.21,0.33,0.96,26172.0,33.75,32.54,1.54,9.665,14.57,29.47,35.28
AllianzIM U.S. Equity Buffer10 Aug ETF,39.22,0.39,1.0,26156.0,38.03,36.33,1.54,9.665,15.73,31.2,38.88
Invesco BulletShares 2034 Munic,24.08,0.06,0.24,26152.0,24.44,24.57,1.54,9.665,1.44,23.55,25.03
Principal International Equity,36.66,0.51,1.42,26135.0,35.68,34.33,1.54,9.665,22.61,29.38,36.6
Hartford Core Bond ETF,34.64,0.18,0.53,26128.0,34.87,35.31,1.54,9.665,-2.21,34.36,36.05
ActivePassive Intermediate Municipal Bond ETF,24.66,0.01,0.04,26116.0,24.89,25.07,1.54,9.665,-1.03,24.57,25.99
VanEck Data Center Supply Chain,49.06,1.85,3.92,26053.0,49.01,49.01,1.54,9.665,-11.18,42.5,54.75
PGIM S&P 500 Buffer 20 ETF - July,31.76,0.22,0.69,26040.0,31.23,30.33,1.54,9.665,9.99,28.68,32.15
T-REX 2X Long ASTS Daily Target,10.37,1.77,20.58,26010.0,18.41,18.41,1.54,9.665,-69.96,6.06,53.18
Franklin FTSE Japan Hedged ETF,44.92,0.9,2.05,25974.0,45.09,41.51,5.92,17.59,31.81,33.3,47.5
Fidelity AAA CLO ETF,50.23,-0.01,-0.02,25970.0,50.25,50.15,1.54,9.665,0.3,49.67,50.49
Vaneck Robotics ETF,67.8,2.2,3.35,25956.0,65.49,58.33,1.54,9.665,40.28,46.05,69.4
Corgi MU 2x Daily ETF,11.93,1.58,15.27,25886.0,14.49,14.49,1.54,9.665,-52.24,8.5,24.0
Global X Dow 30 Covered Call & Growth ETF,28.8,0.31,1.1,25855.0,27.74,27.14,1.54,9.665,9.06,24.92,28.49
Brandes U.S. Value ETF,41.53,0.45,1.11,25831.0,39.83,37.86,1.54,9.665,23.94,32.9,41.64
InfraCap MLP ETF,48.64,0.34,0.71,25825.0,47.07,43.88,5.38,28.82,11.55,38.01,49.75
First Trust California Municipal High Income ETF,48.77,0.28,0.58,25819.0,49.32,49.38,-0.89,0.34,1.4,47.55,50.13
Global X FTSE Southeast Asia ETF,21.33,0.16,0.78,25789.0,20.31,19.34,10.32,17.6,26.01,16.75,21.29
Kurv Copper & Mining Enhanced Income ETF,23.85,0.81,3.5,25781.0,23.21,23.52,1.54,9.665,-8.3,20.44,26.93
iShares Currency Hedged MSCI EAFE Small-Cap ETF,43.37,0.6,1.41,25726.0,42.97,40.84,4.02,11.38,17.92,36.21,43.87
GraniteShares ETF Trust - GraniteShares 2x Long MSTR Daily ETF,13.42,0.76,6.0,25721.0,20.1,59.61,1.54,9.665,-97.01,10.13,504.3
Avantis Emerging Markets Ex-China Equity ETF,80.79,2.41,3.07,25703.0,81.94,71.89,1.54,9.665,39.1,56.23,88.77
Corgi Quantum Computing ETF,25.98,1.41,5.74,25699.0,28.27,27.91,1.54,9.665,-11.01,21.14,35.04
First Trust Bloomberg Artificia,54.4,2.29,4.39,25663.0,52.33,44.37,1.54,9.665,41.49,35.54,58.27
Eaton Vance Intermediate Municipal Income ETF,52.4,0.06,0.11,25651.0,52.97,53.12,1.54,9.665,1.69,51.31,54.21
Invesco NASDAQ Internet ETF,50.58,0.57,1.14,25624.0,47.39,49.78,1.36,-9.13,-3.42,42.8,57.22
NEOS Enhanced Income Credit Select ETF,49.2,0.17,0.34,25605.0,49.19,49.85,1.54,9.665,-2.78,48.69,51.17
NYLI MacKay California Muni Intermediate ETF,21.39,0.04,0.17,25599.0,21.66,21.81,1.54,9.665,0.05,21.31,22.26
Nuveen ESG Mid-Cap Value ETF,45.53,0.73,1.63,25527.0,43.49,40.78,7.94,14.58,21.19,36.74,45.38
Invesco Next Gen Media and Gami,62.83,1.5,2.44,25513.0,61.15,58.32,6.25,1.32,-0.45,49.02,66.18
Leverage Shares 2X Long ASTS Da,11.37,1.97,20.96,25494.0,12.05,12.05,1.54,9.665,-36.83,6.66,21.53
MAX Auto Industry -3x Inverse L,2.29,-0.08,-3.59,25489.0,2.56,2.83,1.54,9.665,-38.54,2.1,4.03
VistaShares Target 15 USA Quality Income ETF,18.43,0.36,2.0,25483.0,18.41,18.28,1.54,9.665,-9.71,16.67,20.29
Roundhill AVGO WeeklyPay ETF,42.37,2.92,7.4,25413.0,42.27,46.01,1.54,9.665,-24.21,33.63,64.13
Eaton Vance High Yield ETF,52.15,0.11,0.21,25353.0,52.29,52.71,1.54,9.665,-1.89,48.57,53.63
Arm Holdings PLC ADRhedged,11.83,1.7,16.75,25251.0,13.68,8.08,1.54,9.665,69.15,4.29,19.06
Goldman Sachs Core Bond ETF,49.8,0.23,0.47,25181.0,50.22,50.73,1.54,9.665,-1.72,49.54,53.84
Kurv Yield Premium Strategy Google ETF,40.34,0.33,0.82,25172.0,40.77,39.08,1.54,9.665,40.9,28.29,48.23
REX-Osprey SOL + Staking ETF,10.01,0.04,0.36,25163.0,10.12,15.24,1.54,9.665,-62.39,8.37,39.04
Brandes International ETF,45.24,0.12,0.27,25114.0,43.03,41.69,1.54,9.665,25.37,35.84,45.77
VanEck Brazil Small-Cap ETF,16.11,-0.21,-1.32,25046.0,16.64,17.44,-14.08,1.77,13.1,14.34,20.44
Innovator U.S. Equity Power Buffer ETF - June,44.08,0.4,0.92,24946.0,43.2,42.32,1.54,9.665,8.9,39.74,47.56
Robo Global Artificial Intelligence ETF,90.39,3.45,3.97,24907.0,86.64,70.87,1.54,9.665,56.56,54.84,93.59
Vanguard U.S. Value Factor ETF Shares,160.75,1.63,1.02,24878.0,149.79,139.27,10.52,21.03,34.2,117.61,160.17
iShares iBonds Oct 2034 Term TIPS ETF,25.07,0.06,0.25,24845.0,25.5,25.81,1.54,9.665,-3.32,24.94,26.54
Baillie Gifford Long Term Global Growth ETF,36.26,0.79,2.24,24843.0,34.91,34.91,1.66,-8.3,-3.09,32.71,36.71
Hedgeye Quality Growth ETF,30.98,0.47,1.55,24820.0,30.88,29.32,1.54,9.665,16.32,26.04,31.85
Astoria US Equal Weight Quality Kings ETF,43.56,0.91,2.13,24815.0,41.96,37.85,1.54,9.665,31.75,32.23,43.03
PIMCO ETF Trust - PIMCO Commodity Strategy Active Exchange-Traded Fund,32.06,-0.22,-0.67,24798.0,32.28,30.48,1.54,9.665,24.28,25.86,35.06
Relative Sentiment Tactical Allocation ETF,43.98,0.33,0.76,24716.0,43.64,41.12,1.54,9.665,30.28,33.51,44.89
Dimensional US Vector Equity ETF,70.04,1.02,1.48,24712.0,66.61,62.41,1.54,9.665,24.88,54.97,69.07
Innovator U.S. Equity Power Buffer ETF - April,42.77,0.15,0.35,24684.0,42.19,40.24,2.5,8.95,13.32,37.59,42.68
Invesco Dorsey Wright Momentum ETF,139.84,4.61,3.41,24681.0,142.13,128.64,-2.19,14.75,21.11,106.53,153.23
SonicShares Global Shipping ETF,43.96,-0.19,-0.44,24678.0,41.36,37.68,1.54,9.665,41.82,29.12,44.48
WisdomTree International High Dividend Fund,57.87,0.11,0.19,24632.0,55.73,53.78,4.96,14.44,22.37,46.43,58.04
Direxion Daily AI And Big Data Bear 2X Shares,47.61,-4.67,-8.93,24557.0,54.13,71.86,1.54,9.665,-43.35,44.6,111.7
Bahl & Gaynor Dividend ETF,31.66,0.39,1.24,24522.0,30.76,28.8,1.54,9.665,22.27,25.47,31.28
Bitwise MSTR Option Income Strategy ETF,7.23,0.04,0.56,24507.0,8.22,13.13,1.54,9.665,-83.87,6.44,48.84
Kurv Yield Premium Strategy Microsoft ETF,20.3,0.22,1.12,24491.0,17.69,20.67,1.54,9.665,-28.4,15.38,28.38
DF Tactical 30 ETF,30.95,1.18,3.95,24482.0,25.47,25.34,1.54,9.665,6.86,23.44,26.97
REX Crypto Equity Premium Incom,32.01,0.39,1.25,24458.0,33.35,33.95,1.54,9.665,-19.07,26.98,43.7
iShares BB Rated Corporate Bond ETF,46.46,0.14,0.3,24432.0,46.59,46.88,1.54,9.665,-0.9,45.92,47.51
Direxion Daily ADBE Bull 2X ETF,25.49,1.22,5.03,24427.0,21.19,23.1,1.54,9.665,-2.07,14.6,31.39
Bondbloxx USD High Yield Bond Sector Rotation ETF,14.82,0.05,0.37,24409.0,14.9,15.04,1.54,9.665,-2.18,14.66,15.53
AllianzIM U.S. Equity Buffer10 Jul ETF,48.83,0.5,1.04,24408.0,47.64,45.67,1.54,9.665,14.39,42.16,48.36
Peerless Option Income Wheel ETF,20.35,0.18,0.89,24381.0,20.16,20.23,1.54,9.665,1.61,18.98,23.94
State Street SPDR Bloomberg Emerging Markets USD Bond ETF,25.01,0.09,0.38,24323.0,25.22,25.35,1.54,9.665,0.67,24.54,25.86
GraniteShares YieldBOOST Bitcoi,5.55,0.02,0.42,24299.0,5.82,8.97,1.54,9.665,-76.48,5.43,24.15
THEMES TRANSATLANTIC DEFENSE ET,43.33,0.83,1.96,24288.0,40.26,39.81,1.54,9.665,16.81,35.0,44.39
SMI 3Fourteen Full-Cycle Trend,30.07,0.79,2.71,24220.0,28.23,26.45,1.54,9.665,13.31,23.89,29.73
First Trust Horizon Managed Volatility Small/Mid ETF,39.55,0.21,0.53,24206.0,38.14,37.03,1.54,9.665,10.13,35.0,39.82
Teucrium Agricultural Strategy No K-1 ETF,18.14,-0.22,-1.23,24202.0,17.88,17.66,1.54,9.665,3.64,16.45,19.05
Bondbloxx Bloomberg Two Year Target Duration US Treasury ETF,48.79,0.06,0.12,24106.0,48.87,49.26,1.54,9.665,-1.36,48.59,49.69
Innovator International Developed Power Buffer ETF - June,31.77,0.17,0.54,23991.0,31.14,29.92,1.54,9.665,14.68,27.55,31.79
,18.27,-3.61,-16.48,23986.0,24.89,24.89,1.54,9.665,-26.16,16.56,31.85
Northern Trust Short-Term Tax-E,50.15,0.1,0.19,23971.0,50.26,50.31,1.54,9.665,-0.12,49.93,50.74
Distillate Small/Mid Cash Flow ETF,43.86,0.56,1.29,23970.0,40.79,37.93,1.54,9.665,27.89,32.94,43.34
iShares GNMA Bond ETF,43.6,0.23,0.54,23944.0,43.96,44.41,-1.02,-0.21,-1.05,43.19,45.49
Leverage Shares 2X Long BLSH Daily ETF,1.66,0.11,6.79,23933.0,2.26,5.54,1.54,9.665,-90.45,1.26,16.2
iShares Morningstar Mid-Cap Value ETF,96.83,0.87,0.91,23846.0,92.23,86.53,7.17,17.0,24.06,76.69,96.94
GraniteShares YieldBOOST NVDA E,12.23,-0.01,-0.1,23684.0,12.92,16.61,1.54,9.665,-55.99,12.05,28.3
Franklin Municipal Green Bond ETF,23.42,0.08,0.36,23505.0,23.8,23.85,-0.68,0.5,1.39,22.78,24.29
Invesco Galaxy Bitcoin ETF,63.89,0.38,0.6,23499.0,64.59,78.61,1.54,9.665,-43.98,57.76,125.96
AB International Low Volatility Equity ETF,47.07,0.41,0.88,23488.0,45.39,43.88,1.54,9.665,13.47,40.74,47.16
State Street SPDR S&P International Small Cap ETF,44.69,0.98,2.24,23444.0,44.35,43.14,-4.97,6.57,15.09,37.86,47.28
Alerian MLP Index ETN,36.99,-0.21,-0.56,23438.0,35.38,33.21,1.54,9.665,20.86,28.0,37.54
SEI QiM U.S. Large Cap Quality Active ETF,42.05,0.57,1.37,23412.0,39.99,38.78,1.54,9.665,12.93,35.53,41.66
Fidelity Blue Chip Value ETF,42.37,0.11,0.26,23394.0,39.96,37.33,1.54,9.665,29.24,32.56,42.29
Xtrackers Artificial Intelligence and Big Data ETF,56.37,2.08,3.84,23372.0,55.37,46.61,1.54,9.665,41.63,37.67,61.1
Bluemonte Core Bond ETF,24.9,0.12,0.47,23367.0,25.07,25.38,1.54,9.665,-2.22,22.8,25.88
Franklin Ohio Municipal Income ETF,8.33,0.03,0.37,23348.0,8.41,8.4,-0.12,1.27,-1.37,8.24,8.52
DoubleLine Securitized Credit ETF,24.75,0.07,0.27,23338.0,24.81,24.89,1.54,9.665,-1.4,24.34,25.34
GraniteShares YieldBOOST AMD ET,14.48,0.09,0.59,23332.0,15.63,18.77,1.54,9.665,-42.13,14.26,26.53
Invesco ESG NASDAQ 100 ETF,50.46,1.74,3.57,23329.0,49.63,44.51,1.54,9.665,26.81,38.05,51.93
Portfolio Building Block Integrated Oil And Gas And Exploration And Production Index ETF,33.13,-0.48,-1.42,23321.0,31.76,30.57,1.54,9.665,34.2,24.37,36.36
Renaissance International IPO ETF,23.38,0.79,3.52,23313.0,23.54,19.89,6.55,33.97,47.54,15.31,26.25
Federated Hermes MDT Large Cap Growth ETF,35.4,0.93,2.7,23310.0,33.73,32.71,1.54,9.665,11.73,28.69,35.46
AllianzIM U.S. Small Cap Buffer,27.8,0.32,1.15,23217.0,27.32,26.97,1.54,9.665,9.31,24.83,27.69
ARS Focused Opportunity Strateg,45.73,0.95,2.11,23122.0,44.62,38.65,1.54,9.665,65.81,26.93,48.0
Moonvest ETF,30.06,1.02,3.51,23094.0,29.52,27.95,1.54,9.665,17.52,22.05,35.35
USCF Daily Target 2X Copper Index ETF,32.69,0.74,2.33,23049.0,30.34,27.1,1.54,9.665,88.36,16.93,34.91
Monarch ProCap ETF,32.71,0.17,0.52,23044.0,32.59,31.74,1.54,9.665,8.76,29.75,32.99
YieldMax Russell 2000 0DTE Covered Call Strategy ETF,38.25,0.25,0.66,23030.0,38.03,39.25,1.54,9.665,-14.89,35.11,45.76
YieldMax RDDT Option Income Str,17.0,0.3,1.79,23024.0,20.78,28.83,1.54,9.665,-60.75,17.99,56.57
Invesco Bulletshares 2033 Municipal Bond ETF,25.39,0.04,0.17,22985.0,25.63,25.77,1.54,9.665,1.53,24.81,26.61
iShares Trust - iShares iBonds Dec 2036 Term Corporate ETF,24.72,0.14,0.57,22978.0,25.17,25.17,1.54,9.665,2.38,24.7,25.48
Innovator Deepwater Frontier Tech ETF,90.9,2.63,2.98,22894.0,92.41,81.31,6.92,15.52,40.25,61.31,100.31
American Century Quality Diversified International ETF,72.04,0.84,1.18,22888.0,69.82,66.88,4.46,12.36,22.09,58.12,71.49
Main International ETF,30.98,0.57,1.86,22821.0,30.51,29.35,1.54,9.665,17.87,25.79,32.34
Invesco S&P MidCap 400 Pure Growth ETF,61.87,1.44,2.39,22817.0,62.11,57.12,0.29,13.9,20.21,49.19,64.81
FundX Future Fund Opportunities ETF,30.45,0.76,2.56,22717.0,29.03,28.25,1.54,9.665,14.06,25.44,30.68
Innovator Equity Dual Direction,22.69,0.03,0.11,22702.0,22.47,21.85,1.54,9.665,6.66,21.05,22.68
Corgi AMZN 2x Daily ETF,35.83,-1.79,-4.75,22700.0,28.76,28.76,1.54,9.665,43.53,23.51,38.54
Defiance Daily Target 2X Long X,19.87,1.38,7.46,22676.0,21.08,20.92,1.54,9.665,-7.46,16.91,25.17
Allianzim U.S. Equity 6 Month Buffer10 Feb/Aug ETF,35.02,0.22,0.63,22671.0,34.04,32.54,1.54,9.665,15.71,29.74,34.83
Inspire 500 ETF,289.16,7.93,2.82,22618.0,281.97,263.87,1.54,9.665,18.69,234.87,293.22
Global X HealthTech ETF,28.05,0.52,1.89,22600.0,26.7,27.7,1.54,9.665,-9.39,23.0,33.59
Portfolio Building Block European Banks Index ETF,35.73,0.1,0.28,22594.0,32.6,30.12,1.54,9.665,34.27,25.81,35.67
BITWISE 10 CRYPTO INDEX ETF,41.28,0.27,0.66,22592.0,41.64,52.03,1.54,9.665,-42.62,37.2,86.7
Innovator Growth Accelerated Plus ETF - July,41.84,0.93,2.27,22515.0,41.54,40.02,1.54,9.665,12.46,36.38,42.29
Roundhill GLP-1 & Weight Loss E,31.91,0.31,0.98,22484.0,31.78,32.33,1.54,9.665,29.24,23.22,37.15
Leverage Shares 2X Long FCX Daily ETF,14.34,1.48,11.54,22479.0,13.36,13.77,1.54,9.665,-14.15,9.53,18.59
iShares Self-Driving EV and Tech ETF,36.96,1.0,2.77,22466.0,39.02,39.3,1.54,9.665,10.0,32.58,45.64
Segall Bryant & Hamill Select Equity ETF,40.92,0.44,1.09,22454.0,39.61,35.78,1.54,9.665,27.98,31.52,40.93
Horizon Expedition Plus ETF,32.9,0.87,2.72,22396.0,32.09,29.84,1.54,9.665,22.98,25.52,33.3
Invesco RAFI Developed Markets ex-U.S. Small-Mid ETF,46.65,0.78,1.69,22390.0,45.57,44.26,-1.02,9.44,16.54,39.26,47.72
Alpha Architect U.S. Quantitative Momentum ETF,76.4,2.13,2.87,22385.0,77.03,71.34,-2.94,13.75,16.83,60.24,81.95
Jpmorgan High Yield Municipal ETF,49.55,0.23,0.47,22356.0,50.1,50.3,1.54,9.665,-0.12,49.01,51.19
Northern Trust Intermediate Tax,50.62,0.11,0.21,22337.0,51.11,51.27,1.54,9.665,0.79,48.83,52.18
Bondbloxx BBB Rated 1-5 Year Corporate Bond ETF,50.72,0.1,0.19,22311.0,50.88,51.28,1.54,9.665,-1.45,50.59,51.83
Kraneshares Hedgeye Hedged Equity Index ETF,29.81,0.0,0.0,22307.0,29.17,28.45,1.54,9.665,10.21,26.82,29.99
Nuveen ESG Emerging Markets Equity ETF,41.46,1.07,2.65,22285.0,41.28,38.66,-2.27,13.52,19.81,33.47,44.66
Tema Oncology ETF,41.64,1.33,3.3,22278.0,39.42,36.54,1.54,9.665,51.55,25.12,42.63
GraniteShares YieldBOOST TSLA E,20.39,0.06,0.31,22191.0,22.72,35.32,1.54,9.665,-69.85,19.96,70.08
iShares USD Green Bond ETF,46.92,0.12,0.27,22168.0,47.24,47.71,-0.28,0.06,-1.9,46.73,48.52
Roundhill META WeeklyPay ETF,24.42,-0.02,-0.08,22154.0,26.32,31.95,1.54,9.665,-53.52,21.17,54.21
Morgan Stanley Solana Trust,20.13,0.09,0.46,22129.0,19.97,19.97,1.54,9.665,-1.59,19.66,20.27
Franklin Ethereum ETF,14.19,0.04,0.28,22115.0,13.71,18.72,1.54,9.665,-47.82,11.62,36.88
VanEck Green Bond ETF,23.82,0.08,0.34,22085.0,23.98,24.2,-0.2,0.11,-2.22,23.72,24.67
Global X MLP & Energy Infrastructure Covered Call ETF,24.71,0.03,0.12,22054.0,25.02,25.22,1.54,9.665,-2.25,24.3,25.95
Cohen & Steers Preferred and Income Opportunities Active ETF,25.96,0.01,0.04,22042.0,26.08,26.05,1.54,9.665,1.05,25.37,26.81
Fidelity Managed Futures ETF,59.49,-0.63,-1.04,21985.0,59.42,56.53,1.54,9.665,19.42,50.28,66.61
Strategy Shares - Strategy Shares Gold Enhanced Yield ETF,25.18,0.5,2.03,21963.0,25.96,32.0,1.54,9.665,-16.79,24.15,41.72
Roundhill AMZN WeeklyPay ETF,41.24,-1.21,-2.85,21958.0,37.61,40.27,1.54,9.665,-9.56,32.37,52.0
Zacks Focus Growth ETF,33.47,1.06,3.27,21940.0,31.81,30.22,1.54,9.665,19.9,26.43,32.82
Lazard Emerging Markets Opportunities ETF,31.45,0.75,2.43,21930.0,31.22,27.9,5.89,22.94,20.85,23.77,33.28
iShares MSCI Qatar ETF,17.81,0.14,0.82,21922.0,18.19,18.91,-2.98,-3.07,-10.82,17.38,20.64
Inspire International ETF,40.26,0.39,0.98,21919.0,38.9,37.86,1.54,9.665,16.54,34.07,40.81
FT Vest Nasdaq-100 Buffer ETF – December,35.81,0.38,1.07,21890.0,35.32,33.23,1.54,9.665,19.24,27.48,35.74
WisdomTree U.S. Total Dividend Fund,97.02,1.03,1.08,21819.0,93.73,88.76,4.86,13.44,19.01,80.38,96.1
Touchstone Dynamic International ETF,46.04,0.79,1.74,21728.0,44.95,41.99,1.54,9.665,31.74,34.24,46.59
First Trust India NIFTY 50 Equal Weight ETF,55.5,0.23,0.42,21680.0,53.52,55.66,2.63,-5.07,-3.13,49.62,60.7
First Trust China AlphaDEX Fund,27.43,0.26,0.96,21610.0,28.62,30.45,-15.71,-1.76,4.54,25.75,34.6
State Street SPDR S&P North American Natural Resources ETF,81.1,1.1,1.38,21558.0,79.13,76.31,-2.09,18.95,37.39,57.38,86.58
AllianzIM U.S. Equity 6 Month Buffer10 Jan/Jul ETF,37.16,0.27,0.74,21523.0,36.37,34.84,1.54,9.665,14.08,32.31,36.92
Innovator U.S. Equity Power Buffer ETF - November,45.22,0.28,0.62,21348.0,44.29,42.52,1.54,9.665,12.36,39.94,46.13
Defiance R2000 Target 30 Weekly Distribution ETF,19.4,0.31,1.63,21257.0,19.42,19.85,1.54,9.665,-17.72,17.44,23.58
WisdomTree U.S. High Yield Corporate Bond Fund,45.82,0.15,0.34,21238.0,45.86,46.18,0.7,1.93,-0.9,44.91,47.0
Brown Advisory Flexible Equity,30.36,0.35,1.16,21157.0,28.94,27.48,1.54,9.665,15.51,24.47,30.07
Bluemonte Dynamic Total Market ETF,32.89,0.57,1.77,21144.0,31.76,29.45,1.54,9.665,23.08,26.13,32.34
Grayscale Sui Staking ETF,10.14,0.07,0.72,21115.0,11.15,12.81,1.54,9.665,-28.17,9.47,19.25
STF Tactical Growth & Income ETF,27.89,0.74,2.73,21107.0,27.7,25.92,1.54,9.665,10.44,22.12,29.08
Sterling Capital Multi-Strategy,24.92,0.06,0.26,21099.0,25.01,25.07,1.54,9.665,-1.03,24.79,25.43
Direxion Daily AI And Big Data Bull 2X Shares,66.5,5.11,8.32,21095.0,62.19,52.78,1.54,9.665,35.1,32.91,78.96
WisdomTree Private Credit & Alternative Income Fund,14.17,0.09,0.6,21048.0,14.19,15.13,1.54,9.665,-17.63,13.77,17.86
Corgi ALAB 2x Daily ETF,16.81,3.39,25.23,20992.0,14.13,14.13,1.54,9.665,-45.18,8.21,24.48
KraneShares Hang Seng TECH Index ETF,13.78,0.01,0.06,20960.0,13.11,14.92,1.54,9.665,-16.49,11.81,19.69
Invesco India ETF,20.51,0.09,0.44,20949.0,21.16,24.04,-3.56,-14.55,-21.37,19.8,27.2
Adaptive Hedged Multi-Asset Income ETF,7.5,0.05,0.67,20942.0,7.61,7.93,1.54,9.665,-5.82,7.35,8.5
Ishares Lifepath Target Date 2050 ETF,42.33,0.69,1.67,20936.0,41.17,38.84,1.54,9.665,20.4,34.54,41.84
Direxion Daily Mid Cap Bull 3X Shares,74.7,3.67,5.17,20854.0,69.82,59.54,7.23,35.82,54.01,42.74,75.06
Cambria Endowment Style ETF,34.71,0.37,1.09,20813.0,33.87,32.47,1.54,9.665,19.88,28.56,34.79
Invesco Galaxy Ethereum ETF,18.64,0.04,0.23,20812.0,18.0,24.58,1.54,9.665,-47.81,15.25,48.44
State Street SPDR MSCI USA StrategicFactors ETF,193.63,2.67,1.4,20728.0,186.53,178.57,5.57,10.23,17.41,162.2,191.02
First Trust Small Cap Value AlphaDEX Fund,73.66,0.57,0.78,20661.0,69.01,62.52,8.42,28.0,40.52,51.25,73.17
iShares S&P 500 BuyWrite ETF,44.96,0.19,0.42,20636.0,44.37,45.03,1.54,9.665,-0.03,42.5,47.25
Fidelity Sustainable High Yield ETF,48.42,0.19,0.4,20617.0,48.66,48.59,1.54,9.665,1.11,47.22,49.16
iShares Euro High Yield Corpora,53.39,0.11,0.2,20593.0,53.51,53.7,1.54,9.665,-2.24,51.92,56.37
Horizon Landmark ETF,52.98,0.0,0.01,20587.0,52.77,52.2,1.54,9.665,3.8,50.07,53.01
FT Vest Nasdaq-100 Moderate Buffer ETF - August,25.61,0.06,0.24,20516.0,25.26,24.13,1.54,9.665,13.15,22.36,25.6
Grayscale Zcash Trust,36.0,3.16,9.62,20513.0,33.95,28.18,1.54,9.665,955.95,3.06,55.46
Invesco Global Listed Private Equity ETF,63.28,1.86,3.03,20508.0,58.3,62.25,-0.14,-9.05,-11.7,54.12,72.9
ishares Large Cap 10% Target Buffer Jun ETF,28.27,0.32,1.13,20493.0,27.43,26.04,1.54,9.665,11.75,24.35,28.94
Goldman Sachs Future Tech Leaders Equity ETF,57.91,2.92,5.3,20400.0,57.98,46.75,1.54,9.665,55.39,34.56,63.22
Invesco BulletShares 2030 Municipal Bond ETF,21.74,0.1,0.44,20374.0,21.84,21.98,1.54,9.665,-0.14,21.55,22.31
Direxion Daily Transportation Bull 3X Shares,43.18,2.77,6.86,20372.0,41.26,34.11,14.08,35.18,63.08,23.3,46.82
Defiance S&P 500 Target 30 Weekly Distribution ETF,30.05,0.39,1.31,20312.0,29.98,30.9,1.54,9.665,-12.76,27.41,34.27
American Century Diversified Municipal Bond ETF,50.05,0.13,0.25,20280.0,50.46,50.53,-0.18,1.0,2.04,48.71,51.42
Morgan Stanley Ethereum Trust,20.19,0.09,0.42,20273.0,37.235,36.85,1.54,9.665,7.35,0.0,0.0
Fidelity MSCI North American Subset Index ETF,25.83,0.45,1.79,20214.0,24.98,24.98,1.54,9.665,1.08,24.44,25.44
FT Vest U.S. Equity Moderate Buffer ETF - January,45.74,0.22,0.49,20194.0,44.94,43.32,1.54,9.665,12.56,39.93,45.73
YieldMax Target 12 Big 50 Option Income ETF,53.09,0.69,1.32,20166.0,52.34,51.91,1.54,9.665,4.11,47.33,54.64
YieldMax Target 12 Semiconductor Option Income ETF,95.21,5.86,6.56,20164.0,100.0,74.97,1.54,9.665,71.43,50.53,115.36
Bondbloxx Bloomberg Three Year Target Duration US Treasury ETF,48.76,0.09,0.18,20135.0,48.9,49.48,1.54,9.665,-2.0,48.64,50.15
3EDGE Dynamic International Equity ETF,31.49,0.51,1.65,20134.0,30.84,29.6,1.54,9.665,19.07,25.97,31.92
THOR Index Rotation ETF,34.6,0.59,1.73,20108.0,34.05,32.68,1.54,9.665,15.02,29.53,35.0
Invesco BulletShares 2032 High,25.32,0.09,0.37,20106.0,25.27,25.53,1.54,9.665,-1.45,24.78,26.04
REX-Osprey XRP ETF,8.83,0.02,0.23,20090.0,9.37,13.23,1.54,9.665,-65.76,8.29,25.99
PIMCO RAFI Dynamic Multi-Factor Emerging Markets Equity ETF,27.84,0.84,3.1,20051.0,28.07,25.73,-2.09,18.31,26.54,21.32,30.6
Invesco 0-5 Yr US TIPS ETF,25.67,0.0,0.0,20040.0,25.94,26.1,-0.22,1.84,-1.82,25.53,26.49
Virtus Terranova U.S. Quality Momentum ETF,46.71,0.84,1.82,20010.0,45.17,42.97,1.54,9.665,12.15,38.8,46.32
Innovator U.S. Equity Buffer ETF - August,55.24,0.53,0.97,20007.0,53.53,51.04,1.54,9.665,16.37,46.92,54.77
GraniteShares YieldBOOST RGTI ETF,6.76,0.0,0.0,19999.0,7.78,12.56,1.54,9.665,-72.8,6.6,25.02
State Street Consumer Staples Select Sector SPDR Premium Income ETF,23.42,0.04,0.18,19965.0,23.46,23.88,1.54,9.665,-6.48,22.7,25.74
Themes Humanoid Robotics ETF,44.81,2.09,4.9,19920.0,48.31,48.24,1.54,9.665,31.62,30.9,70.07
iShares MSCI Intl Small-Cap Multifactor ETF,45.16,0.59,1.32,19887.0,43.98,43.03,2.67,9.45,13.7,39.0,45.86
ALPS O'Shares U.S. Quality Dividend ETF Shares,62.04,0.78,1.27,19878.0,59.08,57.84,6.26,7.09,13.38,54.03,61.74
iShares iBonds Dec 2036 Term Treasury ETF,24.51,0.12,0.51,19859.0,24.69,24.81,1.54,9.665,-1.65,24.34,25.26
Innovator Emerging Markets Power Buffer ETF - April,32.87,0.38,1.16,19849.0,32.54,30.85,1.54,9.665,15.03,28.15,33.46
Invesco S&P SmallCap 600 Pure Value ETF,153.01,1.73,1.14,19836.0,145.48,130.72,8.16,25.97,41.54,105.0,153.79
InfraCap REIT Preferred ETF,17.74,0.09,0.5,19816.0,17.63,17.91,1.04,2.8,-4.13,17.05,19.27
Astoria Real Asset ETF,21.38,0.11,0.52,19803.0,21.28,20.43,1.54,9.665,24.66,16.8,22.44
Capital Group U.S. Large Growth ETF,29.16,0.62,2.17,19800.0,28.4,28.09,1.54,9.665,3.96,24.29,29.82
First Trust Income Opportunity ETF,24.03,0.14,0.58,19798.0,23.77,23.27,2.03,8.34,6.34,21.95,24.12
Q3 All-Season Active Rotation ETF,29.82,0.43,1.45,19751.0,30.24,29.05,1.54,9.665,10.91,26.19,31.86
John Hancock Corporate Bond ETF,20.88,0.08,0.4,19738.0,21.12,21.43,1.54,9.665,-3.3,20.57,22.04
Avantis Moderate Allocation ETF,73.88,0.79,1.08,19701.0,72.59,69.2,1.54,9.665,17.45,62.18,73.5
Unusual Whales Subversive Democratic Trading ETF,51.9,1.0,1.97,19601.0,49.67,46.52,1.54,9.665,20.93,40.79,50.97
PGIM Jennison Focused Value ETF,101.95,1.32,1.31,19563.0,97.26,88.28,1.54,9.665,33.13,75.21,100.64
Monarch Ambassador Income ETF,23.76,0.13,0.56,19505.0,24.02,24.18,1.54,9.665,1.27,23.13,24.83
FT Vest U.S. Equity Deep Buffer ETF - March,45.29,0.14,0.31,19499.0,44.7,42.76,1.54,9.665,13.1,39.88,45.22
iShares Genomics Immunology and Healthcare ETF,32.91,0.49,1.5,19471.0,31.57,28.96,1.54,9.665,50.23,21.0,34.97
Defiance 2X Daily Long Pure Dro,6.4,0.96,17.65,19438.0,8.51,11.44,1.54,9.665,-71.44,4.25,23.21
Columbia India Consumer ETF,62.62,0.49,0.79,19434.0,59.1,61.25,3.92,-5.05,-1.43,53.19,68.02
Kurv Yield Premium Strategy Tesla ETF,14.0,0.24,1.74,19419.0,17.44,20.52,1.54,9.665,-29.29,12.92,26.52
Direxion Daily MSCI Brazil Bull 2X Shares,96.4,-1.72,-1.75,19370.0,92.22,96.2,-15.6,25.69,72.26,56.23,133.04
iShares iBonds Oct 2028 Term TIPS ETF,25.73,0.0,0.01,19363.0,26.07,26.16,1.54,9.665,-1.92,25.63,26.56
Aptus Laddered Buffer ETF,27.55,0.16,0.57,19362.0,27.0,26.66,1.54,9.665,9.04,25.12,27.39
Osprey Bitcoin Trust,20.65,0.19,0.95,19318.0,20.85,25.0,1.54,9.665,-35.86,18.38,37.7
State Street SPDR MSCI EAFE StrategicFactors ETF,100.3,0.77,0.77,19316.0,96.76,94.07,4.84,11.49,18.28,83.87,100.34
VanEck China Semiconductor ETF,45.69,2.63,6.1,19315.0,56.1,56.1,1.54,9.665,-29.09,42.79,68.69
GraniteShares YieldBOOST IONQ ETF,6.78,0.04,0.52,19297.0,8.07,12.84,1.54,9.665,-72.18,6.65,25.98
Elm Market Navigator ETF,29.58,0.24,0.82,19293.0,29.13,28.2,1.54,9.665,12.65,26.0,29.55
Horizon International Equity ETF,31.29,0.42,1.36,19290.0,31.15,28.84,1.54,9.665,22.01,25.0,32.35
Roundhill UNH WeeklyPay ETF,50.69,-1.08,-2.08,19254.0,53.01,47.29,1.54,9.665,-2.38,33.3,58.88
PeakShares RMR Prime Equity ETF,28.7,0.67,2.39,19193.0,27.61,25.58,1.54,9.665,12.23,22.8,28.61
AllianzIM 6 Month Buffer10 Allocation ETF,29.7,0.16,0.56,19188.0,29.12,27.95,1.54,9.665,12.95,26.12,33.67
WisdomTree Dynamic International SmallCap Equity ETF,45.42,0.41,0.9,19167.0,44.99,44.08,2.24,6.79,11.14,40.42,47.03
TBG Dividend Focus ETF,38.55,0.34,0.89,19137.0,37.23,35.33,1.54,9.665,17.1,32.33,38.82
PGIM S&P 500 Buffer 12 ETF - Jun,32.19,0.19,0.6,19097.0,31.58,30.88,1.54,9.665,10.26,29.02,32.0
DoubleLine Shiller CAPE U.S. Equities ETF,33.24,0.26,0.79,19075.0,32.48,32.28,1.54,9.665,4.01,29.74,34.25
iShares Global Financials ETF,134.48,0.61,0.46,19030.0,126.53,120.4,10.75,11.67,20.82,109.99,133.89
AQE Core ETF,26.0,0.45,1.76,18988.0,24.49,24.92,1.54,9.665,2.3,23.01,26.57
ALPS Active REIT ETF,30.92,-0.13,-0.4,18950.0,30.58,28.37,1.54,9.665,18.61,25.63,32.16
Amplify XRP 3% Monthly Option Income ETF,10.59,0.07,0.67,18929.0,11.4,16.3,1.54,9.665,-59.16,10.14,25.99
Innovator U.S. Small Cap Power,32.15,0.17,0.52,18918.0,31.45,29.68,1.54,9.665,23.86,25.65,31.98
Innovator Equity Dual Directional 15 Buffer ETF November,20.34,0.09,0.42,18910.0,20.06,19.49,1.54,9.665,6.33,18.7,20.27
State Street Health Care Select Sector SPDR Premium Income ETF,26.27,-0.04,-0.14,18883.0,25.25,25.81,1.54,9.665,5.9,23.92,27.12
American Century Short Duration Strategic Income ETF,51.34,0.1,0.19,18755.0,51.24,51.47,1.54,9.665,-0.26,50.97,52.04
WisdomTree International Efficient Core Fund,48.27,0.61,1.29,18749.0,46.9,45.52,1.54,9.665,16.74,40.74,48.49
RACWI US ETF,30.23,0.46,1.56,18743.0,29.21,27.28,1.54,9.665,17.67,24.6,29.78
iShares MSCI Japan Small-Cap ETF,107.18,1.04,0.98,18720.0,105.25,99.04,5.41,15.88,21.11,87.53,109.15
First Trust Active Factor Mid Cap ETF,41.85,0.77,1.87,18693.0,40.27,37.03,1.54,9.665,27.34,31.95,41.09
Parametric Hedged Equity ETF,34.92,0.21,0.61,18663.0,34.4,33.12,1.54,9.665,11.79,29.54,34.9
Direxion Daily XOM Bull 2X ETF,43.48,-0.59,-1.34,18619.0,40.06,38.18,1.54,9.665,85.88,23.0,60.28
T-REX 2X Long APH Daily Target,28.41,2.4,9.23,18575.0,24.08,22.03,1.54,9.665,5.13,14.5,31.77
Pacer Nasdaq 100 Top 50 Cash Co,31.19,1.13,3.76,18559.0,31.0,26.15,1.54,9.665,31.17,21.58,33.46
Neuberger Disrupters ETF,40.73,1.25,3.17,18497.0,40.35,36.17,1.54,9.665,15.84,29.42,42.8
WisdomTree China ex-State-Owned Enterprises Fund,38.88,0.66,1.72,18486.0,38.79,40.13,-5.06,-4.32,2.74,36.93,45.65
FT Vest U.S. Equity Max Buffer,34.89,0.1,0.27,18463.0,34.58,33.91,1.54,9.665,6.3,32.73,34.83
Bluemonte Large Cap Core ETF,32.12,0.63,2.0,18379.0,31.06,29.25,1.54,9.665,19.06,24.53,32.43
iShares MSCI China A ETF,35.52,0.54,1.54,18349.0,36.68,35.53,-5.47,1.42,15.94,30.09,38.77
Direxion Daily CSCO Bull 2X ETF,65.53,6.25,10.54,18332.0,62.78,39.98,1.54,9.665,142.2,23.17,77.9
Fidelity Dividend ETF for Rising Rates,69.73,1.49,2.18,18271.0,66.25,62.44,8.28,13.21,23.25,55.2,68.56
Pacer Trendpilot US Mid Cap ETF,41.98,0.74,1.8,18204.0,40.85,38.19,4.61,15.61,20.02,34.01,41.87
Dan IVES Wedbush AI Power & Infrastructure ETF,26.78,0.39,1.47,18199.0,27.12,27.4,1.54,9.665,1.11,24.05,29.36
Direxion Daily Industrials Bull 3X Shares,104.07,4.55,4.58,18165.0,94.19,83.47,13.33,47.73,39.22,64.94,106.42
Invesco Actively Managed Exchange-Traded Fund Trust - Invesco Rochester High Yield Municipal ETF,50.57,0.17,0.34,18160.0,50.93,50.84,1.54,9.665,1.24,49.42,51.93
Timothy Plan US Large/Mid Cap Core ETF,51.42,0.66,1.31,18116.0,49.82,47.7,1.54,9.665,12.48,44.0,51.1
"WisdomTree Physical AI, Humanoids, and Drones Fund",28.0,1.33,4.99,18036.0,28.91,28.95,1.54,9.665,-13.16,24.44,34.99
Defiance KSM TipRanks Analyst E,19.84,0.57,2.94,18035.0,19.86,19.86,1.54,9.665,-6.41,19.28,20.91
Franklin Investment Grade Corporate ETF,21.04,0.09,0.43,18024.0,21.27,21.55,-0.77,-0.58,-3.01,20.91,22.1
Amplify COWS Covered Call ETF,25.45,0.26,1.04,17977.0,24.21,24.04,1.54,9.665,8.23,22.66,25.59
Federated Hermes MDT Market Neutral ETF,27.3,0.15,0.55,17940.0,25.78,25.36,1.54,9.665,0.94,24.14,26.43
JPMorgan New York Tax Free Bond,49.33,0.16,0.34,17938.0,37.235,36.85,1.54,9.665,7.35,0.0,0.0
Innovator Equity Defined Protec,26.18,0.08,0.31,17931.0,25.97,25.6,1.54,9.665,5.04,24.02,26.15
FT Vest U.S. Equity Moderate Buffer ETF - February,44.69,0.21,0.47,17901.0,43.97,42.3,1.54,9.665,12.88,39.34,44.55
GraniteShares Bloomberg Commodity Broad Strategy No K-1 ETF,25.2,-0.33,-1.29,17829.0,25.48,24.36,-6.35,20.94,23.27,20.23,28.05
Eventide US Market ETF,30.97,0.67,2.21,17770.0,27.39,27.2,1.54,9.665,14.65,24.43,29.03
First Trust Technology AlphaDEX Fund,215.16,10.65,5.21,17767.0,206.49,180.24,7.76,18.85,29.41,151.62,224.2
State Street SPDR US Large Cap Low Volatility Index ETF,188.62,0.91,0.49,17762.0,182.17,179.93,4.59,8.08,7.58,170.05,192.29
Vident U.S. Bond Strategy ETF,43.14,0.2,0.48,17753.0,43.42,43.85,-0.49,-0.43,-1.97,42.45,45.25
Volatility Premium Plus ETF,7.84,0.04,0.55,17715.0,8.15,9.54,1.54,9.665,-35.51,7.62,12.75
ProShares UltraShort Euro,30.21,-0.06,-0.2,17694.0,30.3,29.18,4.83,6.49,5.91,26.93,31.13
YieldMax BABA Option Income Strategy ETF,8.87,0.12,1.43,17676.0,8.48,11.76,1.54,9.665,-42.28,7.0,20.0
Leverage Shares 2X Long BIDU Daily ETF,10.73,-0.07,-0.65,17656.0,11.81,15.44,1.54,9.665,-29.01,8.83,27.47
Corgi SIMO 2x Daily ETF,15.34,1.61,11.76,17639.0,19.72,19.72,1.54,9.665,-45.6,9.73,29.0
State Street SPDR S&P Kensho Final Frontiers ETF,117.85,4.1,3.6,17636.0,116.98,101.21,2.72,33.82,64.52,68.08,137.63
Principal Value ETF,57.34,0.72,1.27,17633.0,54.8,53.01,6.11,9.52,13.23,49.87,57.36
iShares iBonds Oct 2031 Term TIPS ETF,25.63,0.02,0.06,17604.0,25.99,26.21,1.54,9.665,-2.7,25.52,26.79
Brandes U.S. Small-Mid Cap Value ETF,41.34,0.7,1.71,17530.0,38.94,36.74,1.54,9.665,30.26,31.03,40.91
BondBloxx IR+M Tax-Aware Intermediate Duration ETF,50.05,0.16,0.32,17527.0,50.5,50.63,1.54,9.665,0.99,49.22,55.78
WisdomTree Managed Futures Strategy Fund,41.32,0.17,0.41,17471.0,40.95,39.57,1.0,8.1,14.66,35.8,42.37
FT Vest U.S. Equity Deep Buffer ETF - April,41.52,0.24,0.59,17460.0,40.84,39.82,1.54,9.665,8.65,37.97,41.32
Neuberger Core Equity ETF,34.72,0.47,1.37,17382.0,33.52,32.01,1.54,9.665,17.29,28.8,34.28
VanEck Morningstar SMID Moat ETF,40.78,0.77,1.94,17295.0,38.84,37.06,1.54,9.665,13.17,34.25,40.62
Dimensional Emerging Markets ex,76.97,2.57,3.46,17289.0,78.97,68.64,1.54,9.665,36.77,53.94,86.67
First Trust Multi Cap Growth AlphaDEX Fund,191.55,4.71,2.52,17272.0,188.78,172.12,3.23,13.47,24.51,149.07,200.22
Invesco S&P Global Water Index ETF,66.31,1.04,1.59,17248.0,64.1,64.62,-0.17,3.11,3.65,61.34,68.92
Thornburg Premium Income Builder ETF,26.21,0.07,0.27,17224.0,25.38,25.38,1.54,9.665,4.64,24.52,26.88
Main Thematic Innovation ETF,29.49,1.15,4.08,17207.0,29.28,26.48,1.54,9.665,15.7,22.26,31.46
iShares MSCI Norway ETF,34.74,0.01,0.03,17199.0,34.2,32.6,-2.73,26.26,26.11,26.7,38.15
WisdomTree Bitcoin Fund,67.82,0.39,0.58,17190.0,68.6,83.53,1.54,9.665,-44.01,61.45,133.92
Impact Shares NAACP Minority Empowerment ETF,60.39,1.13,1.91,17137.0,59.03,52.86,8.32,20.81,36.32,43.39,60.8
Invesco S&P 500 Value with Momentum ETF,77.86,0.32,0.41,17071.0,74.83,70.32,8.36,15.17,26.16,61.07,78.38
Nuveen Preferred and Income ETF,25.88,0.04,0.15,17070.0,26.0,26.14,1.54,9.665,-0.73,21.0,26.61
Federated Hermes MDT Large Cap Value ETF,37.57,0.45,1.22,17030.0,35.66,32.82,1.54,9.665,25.5,29.45,37.16
Innovator Equity Dual Directional 15 Buffer ETF - May,20.28,0.08,0.4,17029.0,20.02,19.99,1.54,9.665,2.23,19.72,20.28
AAM S&P 500 High Dividend Value ETF,40.94,0.22,0.54,17009.0,39.37,37.05,7.76,19.82,24.14,32.54,41.5
GraniteShares 2x Long BTDR Daily ETF,19.03,0.41,2.21,17001.0,20.93,20.93,1.54,9.665,-26.17,12.0,27.37
Invesco New York AMT-Free Municipal Bond ETF,22.2,0.1,0.45,16988.0,22.46,22.4,-0.51,1.05,2.84,21.23,22.75
Neuberger International Core Equity ETF,27.37,0.26,0.96,16986.0,26.32,25.72,1.54,9.665,9.01,23.51,27.25
Mango Growth ETF,26.94,1.03,3.96,16982.0,26.09,23.52,1.54,9.665,28.61,20.13,27.79
Virtus Private Credit ETF,15.21,0.16,1.06,16971.0,15.11,16.61,-5.83,-9.78,-25.95,14.32,20.82
REX Autocallable Income ETF,24.84,0.11,0.43,16935.0,24.76,24.83,1.54,9.665,0.76,23.4,25.38
PGIM S&P 500 Buffer 12 ETF - Jan,35.18,0.02,0.06,16873.0,34.66,33.2,1.54,9.665,15.02,30.57,35.17
AdvisorShares Psychedelics ETF,23.87,0.4,1.7,16870.0,22.21,19.16,1.54,9.665,39.95,15.36,25.42
Monarch Blue Chips Elite Index,38.72,2.14,5.86,16863.0,38.7,37.19,1.54,9.665,0.17,33.38,41.84
FT Vest U.S. Equity Buffer ETF - March,53.18,0.29,0.55,16750.0,52.22,49.22,1.54,9.665,16.83,45.21,52.95
Touchstone Strategic Income ETF,25.34,0.07,0.28,16750.0,25.6,25.95,1.54,9.665,-3.59,25.22,27.38
Xtrackers MSCI USA Selection Equity ETF,72.05,1.2,1.7,16721.0,69.02,64.94,6.42,12.11,21.31,57.65,70.96
Simplify Gold Strategy ETF,31.55,0.24,0.77,16714.0,33.5,41.68,1.54,9.665,-10.49,30.55,59.22
STKd 100% Bitcoin & 100% Gold E,21.11,0.32,1.55,16710.0,22.5,31.36,1.54,9.665,-45.63,19.12,48.86
WisdomTree Efficient Gold Plus Gold Miners Strategy Fund,75.3,2.09,2.85,16682.0,78.5,95.54,1.54,9.665,33.79,53.0,147.27
AllianzIM U.S. Equity Buffer15,30.89,0.52,1.7,16668.0,30.04,28.7,1.54,9.665,15.64,26.22,31.7
Baillie Gifford International Concentrated Growth ETF,27.09,0.27,1.01,16655.0,26.12,26.12,4.33,-0.45,1.71,24.94,26.97
Tortoise Electrification Infrastructure ETF,21.39,-0.1,-0.44,16643.0,21.93,21.59,1.54,9.665,2.24,19.93,23.03
Invesco Food & Beverage ETF,47.81,0.36,0.76,16631.0,47.92,47.41,-4.8,7.14,0.02,42.69,51.07
VanEck Communication Services TruSector ETF,25.98,0.18,0.7,16627.0,25.51,25.69,1.54,9.665,2.75,23.11,27.56
Global X Space Tech ETF,44.7,3.02,7.25,16582.0,52.93,54.08,1.54,9.665,-20.55,37.88,79.72
Innovator Equity Defined Protection ETF - 2 Yr To January 2028,28.57,0.09,0.3,16513.0,28.37,28.0,1.54,9.665,4.69,27.19,28.52
iShares iBonds Oct 2033 Term TIPS ETF,25.26,0.01,0.05,16466.0,25.73,26.03,1.54,9.665,-3.1,25.16,26.68
Franklin FTSE Latin America ETF,27.55,-0.07,-0.24,16428.0,27.13,26.77,-3.34,16.2,31.92,20.82,30.98
State Street IG Public & Private Credit ETF,24.83,0.13,0.53,16428.0,25.03,25.33,1.54,9.665,-1.95,24.68,25.79
Global X PureCap MSCI Information Technology ETF,33.53,1.32,4.1,16418.0,32.37,28.69,1.54,9.665,29.14,23.64,35.1
Corgi INTC 2x Daily ETF,19.04,3.52,22.68,16412.0,18.22,18.22,1.54,9.665,-34.9,12.66,23.93
SoFi Select 500 ETF,152.12,3.73,2.51,16406.0,147.62,136.84,1.54,9.665,22.2,120.23,153.12
Avantis U.S. Mid Cap Equity ETF,81.4,1.13,1.41,16392.0,79.14,74.55,1.54,9.665,19.63,66.54,80.94
KraneShares Photonic and Optical ETF,24.65,2.04,9.04,16392.0,22.36,22.36,1.54,9.665,-6.42,19.12,24.86
AllianzIM Growth-100 Buffer15 E,26.03,0.25,0.97,16379.0,25.83,25.74,1.54,9.665,2.67,25.03,26.0
Franklin Responsibly Sourced Gold ETF,54.25,0.3,0.56,16343.0,55.74,59.74,1.54,9.665,19.49,44.2,74.24
WisdomTree U.S. MidCap Earnings Fund,77.83,1.21,1.58,16327.0,74.7,70.08,5.13,14.2,22.34,62.05,76.66
Eaton Vance Ultra-Short Income ETF,50.76,-0.02,-0.04,16321.0,50.85,50.92,1.54,9.665,-0.24,50.62,51.21
VictoryShares US EQ Income Enhanced Volatility Wtd ETF,76.99,0.69,0.9,16315.0,74.7,70.67,5.09,17.85,17.68,64.3,78.48
AllianzIM U.S. Equity Buffer10 May ETF,39.78,0.34,0.86,16304.0,38.91,37.55,1.54,9.665,12.01,35.21,39.47
FT Vest U.S. Equity Buffer ETF - June,61.18,0.59,0.97,16301.0,59.82,57.93,1.54,9.665,11.79,54.18,60.7
Cardano ETF,14.78,-0.11,-0.77,16280.0,14.23,16.93,1.54,9.665,-27.35,10.58,23.09
21Shares 2x Long Dogecoin ETF,2.97,0.02,0.68,16260.0,4.18,9.22,1.54,9.665,-87.89,2.8,27.68
Invesco S&P MidCap Low Volatility ETF,68.81,0.0,0.0,16242.0,66.48,64.69,4.37,11.47,11.13,60.96,70.21
Alpha Architect International Quantitative Value ETF,36.31,0.06,0.17,16236.0,35.18,33.6,5.84,17.08,28.49,28.1,37.0
YieldMax NVDA Performance & Distribution Target 25 ETF,49.82,0.89,1.81,16232.0,49.44,49.35,1.54,9.665,-0.17,44.2,56.26
Polen Capital International Gro,9.03,0.25,2.9,16203.0,8.61,8.8,1.54,9.665,-4.98,7.71,9.74
Teucrium 2x Daily Wheat ETF,19.82,-0.85,-4.11,16193.0,19.49,18.14,1.54,9.665,20.42,14.52,24.48
Alpha Architect U.S. Quantitative Value ETF,59.87,0.64,1.08,16161.0,56.43,52.21,9.64,22.29,36.4,42.61,59.43
VistaShares Target 15 ACKtivist Select Income ETF,18.08,0.06,0.33,16142.0,18.65,19.32,1.54,9.665,-12.76,16.82,20.72
Allianzim U.S. Equity Buffer20 Dec ETF,36.19,0.16,0.45,16135.0,35.62,34.4,1.54,9.665,12.91,31.84,36.06
FT Vest U.S. Equity Max Buffer,33.9,0.05,0.15,16132.0,33.61,32.94,1.54,9.665,6.99,31.64,33.86
Fundx ETF,89.66,2.39,2.74,16108.0,88.32,82.7,1.54,9.665,17.67,74.07,91.76
iShares Morningstar U.S. Equity ETF,106.82,1.86,1.77,16106.0,103.3,97.0,4.25,10.03,20.42,86.96,105.39
Amplify ETF Trust - Amplify Bloomberg AI Value Chain ETF,111.22,4.82,4.53,16105.0,109.38,82.83,1.54,9.665,92.52,54.12,124.23
BNY Mellon Active Core Bond ETF,23.57,0.13,0.55,16061.0,23.75,23.98,-0.91,-1.06,-3.34,22.57,24.57
State Street SPDR Portfolio Treasury ETF,29.67,0.11,0.37,16045.0,29.88,30.31,1.54,9.665,-2.92,29.55,30.96
State Street SPDR Russell 1000 Yield Focus ETF,134.15,0.94,0.71,15906.0,129.84,121.72,6.51,19.02,20.49,108.75,135.62
State Street SPDR S&P International Dividend ETF,47.85,0.17,0.36,15866.0,46.78,45.54,3.91,11.11,13.6,41.81,48.84
GraniteShares YieldBOOST SPY ETF,15.01,0.01,0.07,15856.0,15.12,16.77,1.54,9.665,-23.13,14.36,20.34
Horizon Digital Frontier ETF,33.01,1.22,3.84,15850.0,32.16,29.85,1.54,9.665,22.04,25.19,35.02
FT Vest International Equity Moderate Buffer ETF – June,27.39,0.19,0.68,15848.0,26.87,26.09,1.54,9.665,11.79,24.31,27.41
One Global ETF,33.45,0.51,1.54,15831.0,32.16,30.82,1.54,9.665,16.87,27.87,33.06
Bluemonte Global Equity ETF,32.76,0.64,1.99,15788.0,32.2,30.05,1.54,9.665,23.87,25.85,33.25
21Shares Canton Network ETF,18.2,-1.16,-5.99,15786.0,24.09,24.45,1.54,9.665,-22.14,19.2,29.64
iShares International Developed Small Cap Value Factor ETF,52.92,0.28,0.54,15768.0,51.38,49.38,1.54,9.665,23.45,42.59,53.07
YieldMax XYZ Option Income Strategy ETF,26.73,0.7,2.69,15725.0,25.79,30.19,1.54,9.665,-46.39,23.31,53.0
Franklin ClearBridge Enhanced Income ETF,57.43,0.42,0.74,15697.0,56.11,55.2,4.63,10.13,9.39,49.4,58.77
AB Moderate Buffer ETF,41.18,0.31,0.76,15694.0,40.44,39.4,1.54,9.665,10.64,36.19,40.88
JPMorgan International Growth ETF,83.82,2.14,2.61,15691.0,83.71,78.8,1.54,9.665,16.27,70.12,89.04
Dimensional Emerging Markets Sustainability Core 1 ETF,48.01,1.34,2.87,15686.0,48.08,44.78,1.54,9.665,20.91,38.55,51.2
iShares Currency Hedged MSCI Eurozone ETF,50.13,0.57,1.15,15674.0,48.71,45.66,9.22,15.19,23.61,39.97,50.19
Invesco S&P MidCap 400 Revenue ETF,152.18,2.17,1.45,15651.0,145.11,134.39,7.15,18.15,26.57,116.92,151.31
ProShares Ultra NVDA,30.67,1.45,4.96,15644.0,30.66,28.8,1.54,9.665,-3.21,20.47,40.8
RPAR Risk Parity ETF,22.06,0.28,1.29,15627.0,22.34,22.28,1.54,9.665,8.13,19.88,23.69
Bluemonte Short Term Bond ETF,24.89,0.06,0.24,15607.0,24.96,25.19,1.54,9.665,-1.5,22.77,25.49
Thrivent Ultra Short Bond ETF,50.47,0.04,0.09,15586.0,50.45,50.45,1.54,9.665,0.14,50.05,55.23
Overlay Shares Small Cap Equity ETF,42.89,0.83,1.98,15566.0,41.31,38.3,1.54,9.665,27.36,32.81,42.8
Capital Group High Yield Bond ETF,25.23,0.08,0.31,15535.0,25.32,25.35,1.54,9.665,-0.3,24.83,25.64
Strive 1000 Growth ETF,56.75,1.15,2.08,15519.0,54.84,51.67,1.54,9.665,18.32,45.06,56.56
Global X Genomics & Biotechnology ETF,55.81,1.02,1.86,15511.0,52.84,47.43,20.98,20.88,56.83,34.04,59.48
State Street Income Allocation ETF,34.74,0.16,0.45,15503.0,34.54,33.98,1.36,6.55,6.07,32.59,35.01
GraniteShares YieldBOOST RIOT ETF,9.81,0.0,0.04,15498.0,11.29,14.85,1.54,9.665,-60.48,9.69,25.4
Aptus Large Cap Enhanced Yield,43.18,0.8,1.88,15493.0,41.61,38.86,1.54,9.665,23.5,34.27,43.2
Leverage Shares 2X Long OSCR Daily ETF,30.91,30.91,0.0,15464.0,26.24,14.37,1.54,9.665,106.04,4.47,35.14
Baron Emerging Markets Select E,26.62,0.73,2.8,15443.0,26.85,26.79,1.54,9.665,3.56,24.75,28.8
Vanguard Emerging Markets Ex-China ETF,94.65,1.7,1.83,15434.0,93.87,85.94,1.54,9.665,21.72,74.98,98.56
F/m Compoundr U.S. Aggregate Bo,101.82,0.4,0.4,15363.0,102.13,102.35,1.54,9.665,1.42,99.8,103.94
iShares iBonds Oct 2030 Term TIPS ETF,25.62,0.01,0.03,15357.0,26.0,26.24,1.54,9.665,-3.18,25.5,26.87
Fidelity Municipal Bond Opportunities ETF,50.69,0.15,0.3,15345.0,51.13,51.13,1.54,9.665,1.24,49.78,53.88
Direxion Daily 7-10 Year Treasury Bear 3X Shares,14.47,-0.21,-1.43,15340.0,14.24,13.55,7.25,12.98,10.04,12.62,14.84
PGIM S&P 500 Buffer 12 ETF - Sep,32.81,-0.11,-0.35,15219.0,32.43,31.12,1.54,9.665,14.77,28.69,33.68
iShares MSCI Global Quality Fac,32.02,0.63,2.01,15207.0,31.21,29.37,1.54,9.665,23.33,25.45,32.24
Invesco Oil & Gas Services ETF,42.61,0.5,1.19,15196.0,41.56,37.49,-6.13,46.81,64.11,24.66,47.11
USCF Midstream Energy Income Fund,59.95,-0.16,-0.27,15184.0,59.74,55.19,1.54,9.665,19.2,47.74,62.99
FT Energy Income Partners Strategy ETF,32.41,0.0,0.01,15162.0,31.96,29.88,1.54,9.665,25.34,25.38,33.24
Direxion Daily QCOM Bear 1X Shares,18.44,-1.51,-7.57,15124.0,16.0,21.64,1.54,9.665,-24.84,12.57,29.55
AllianzIM U.S. Equity 6 Month Buffer10 Apr/Oct ETF,36.25,0.05,0.15,15108.0,35.82,34.94,1.54,9.665,8.33,33.4,36.2
Rayliant-ChinaAMC Transformative China Tech ETF,23.94,0.66,2.86,15084.0,25.09,23.88,1.54,9.665,-5.92,21.24,26.79
Horizon Small/Mid Cap Core Equity ETF,30.75,0.35,1.15,15068.0,29.89,27.96,1.54,9.665,20.75,25.06,30.79
FT Vest Nasdaq-100 Conservative,25.0,0.17,0.7,15057.0,24.76,24.06,1.54,9.665,8.21,22.94,25.16
State Street SPDR S&P Health Care Equipment ETF,94.33,1.16,1.25,15030.0,84.41,84.15,11.47,1.48,19.34,76.0,93.62
Wisdom Short Duration Income ET,100.92,0.03,0.03,15028.0,37.235,36.85,1.54,9.665,7.35,0.0,0.0
Direxion Daily LMT Bull 2X ETF,39.87,0.37,0.93,15025.0,33.22,37.46,1.54,9.665,53.41,24.58,59.71
Unlimited HFGM Global Macro ETF,30.82,0.77,2.55,15014.0,31.43,32.23,1.54,9.665,8.12,27.68,37.06
Avantis International Small Cap,77.96,1.09,1.42,15011.0,76.46,73.6,1.54,9.665,21.27,63.16,80.21
